index,89,104,65,30,38
1,0.40395480225988695,0.24748550342646283,0.525938931021376,0.4976357827476037,0.5323240273986368
2,0.41943701060561,0.23233175188894747,0.4616539665876305,0.4895761448349308,0.47993167088141214
3,0.41917533947864,0.1990862765770515,0.4762916975872867,0.4969953851615193,0.4500142352330392
4,0.40840321141837643,0.1814584431558601,0.49626527176962476,0.4672090876819311,0.4877426269866524
5,0.41852116166121517,0.20913723422948516,0.45541023366938765,0.4678807241746538,0.4746850664031753
6,0.37754782436316775,0.1990862765770515,0.4239048670564173,0.5088817891373801,0.45978529919110384
7,0.47349390425215576,0.2034159198734844,0.43250592770909874,0.47209797657082003,0.46251176500142355
8,0.48993557339676874,0.2053487963451063,0.44223786855870695,0.4265672701455449,0.4970126107417393
9,0.4943185647735157,0.22390441047267612,0.4137747289543702,0.4736443024494143,0.4563072130763176
10,0.47379918723362074,0.4232226322263223,0.4638997990913863,0.4811260205892794,0.46525296846477204
11,0.4734066805431658,0.33833069759269024,0.45488461329616825,0.4183826766063188,0.50943645224498
12,0.6831142828823471,0.22916183447548757,0.5201093232456697,0.40846432374866876,0.5031139990956439
13,0.5811715730002974,0.2563767351959234,0.4917576788720157,0.44537309194178204,0.5255741823114669
14,0.5092556249380513,0.23163591635916353,0.47344060525982373,0.4200070997515087,0.5873396861549799
15,0.5200059470710675,0.23813038130381298,0.5227533530018642,0.4843436279730209,0.553796787861533
16,0.5647517097829319,0.23380073800738008,0.6318753280602364,0.47831451899183525,0.528153271591499
17,0.4722073545445535,0.23851695659813738,0.568163767670003,0.5409485268015619,0.6111262581433906
18,0.47532560214094555,0.4363661922333509,0.6154536733696537,0.5317486687965921,0.6717864380097469
19,0.47563088512241053,0.6151959233878053,0.6375456569349671,0.6002243521476748,0.6822501716601631
20,0.5685895529784915,0.6506835354067827,0.5901761117848286,0.571547035853745,0.6637691547621042
21,0.5067261373773416,0.4684519416622737,0.5731651251606363,0.5792005679801208,0.6193203932273786
22,0.524018237684607,0.28328237568089965,0.6291516588535538,0.5471494497692581,0.6488693875500327
23,0.45637625136287047,0.3290451590230188,0.4905715288964506,0.5146805111821086,0.5614559461405771
24,0.4451472891267717,0.35006712352837815,0.48165127332621405,0.48484657436989703,0.5275502068295624
25,0.43448201011002074,0.250137409945528,0.45381728538073085,0.46995108271210506,0.48817326120815263
26,0.39255030230944593,0.2374345457740292,0.41834603341236937,0.488670216542421,0.4828939391401919
27,0.4366200812766379,0.22877525918116318,0.4178841245995403,0.46175789847355336,0.4445760412654285
28,0.41516304886510064,0.2386715867158672,0.42326775145251494,0.4346581469648561,0.4511490345162532
29,0.41278620279512335,0.2815041293270075,0.4749696827091893,0.44320198793042237,0.4693058230476797
30,0.448373476063039,0.3283570549991214,0.47614834657640853,0.4122129925452609,0.4539786638977743
31,0.46385568440876196,0.21717800035143212,0.4631671161468986,0.455416400425985,0.5079626869421044
32,0.5420735454455348,0.4268564399929713,0.47958877083748125,0.5179566915157969,0.5868533436050309
33,0.7065992665279017,0.43072219293621505,0.424382703759344,0.46844302449414266,0.6236385255648038
34,0.6013638616314798,0.27555086979441223,0.5452594617097142,0.4797358892438764,0.570715613538544
35,0.5429239766081871,0.26998418555614123,0.5728624952487827,0.5603635072772453,0.5588075898913099
36,0.5560293388839329,0.24764013354419256,0.5694379988778077,0.5615974440894568,0.6027552712230578
37,0.4688492417484389,0.2943384290985767,0.6057854440804358,0.4838750443734469,0.5615930063137445
38,0.46099910793933985,0.28598840274117027,0.6034599721261923,0.4759716009939651,0.5375853695299023
39,0.4719456834175835,0.3871938147952908,0.5644366413871744,0.519487397941072,0.5809877576995863
40,0.535422737635048,0.42894394658232293,0.5437144563702511,0.5978345757898472,0.5659406139572273
41,0.5995539696699376,0.2768652257951151,0.6112168546037032,0.5685012424565139,0.6565182294719566
42,0.560107047279215,0.2961939905113337,0.6995051494144691,0.5287341143059993,0.7106791043526319
43,0.5480483695113489,0.43381479529081,0.6366536950895039,0.5056641817536387,0.6663335063891075
44,0.6195281990286451,0.2963486206290635,0.6129689225144346,0.6036137735179269,0.6586846644671837
45,0.6807156308851223,0.2843647865050079,0.567048815363174,0.7167767128150515,0.620735207918139
46,0.6046783625730994,0.2710665963802495,0.5253018154174736,0.6715115370962016,0.6379045736966388
47,0.5282921994251164,0.35510806536636796,0.4914869047403572,0.6190457933972311,0.6292388337157307
48,0.49985727029437993,0.2735870672992444,0.518723596807182,0.5839891799787007,0.5910074458642461
49,0.4593854693230251,0.2355325953259533,0.5428384224148853,0.5874854384096556,0.5381915291989751
50,0.4968262464069778,0.23302758741873134,0.4603160238194356,0.5846205182818601,0.5499207851149704
51,0.4469560907919516,0.2945703742751713,0.42957519593114807,0.5480866169684061,0.547842776037916
52,0.4526910496580434,0.26287120014057286,0.4612557693351916,0.5266879659211927,0.5247930867009429
53,0.512046783625731,0.2514285714285714,0.441983022317146,0.4900447284345047,0.5451605231866825
54,0.45650708692635533,0.22320857494289228,0.43272891817046455,0.5003067092651756,0.5510703220512134
55,0.5034334423629696,0.2667369530838165,0.4704780177016778,0.5055236066737664,0.5889903032942004
56,0.6031519476657746,0.45159725882973123,0.50249307679777,0.523220447284345,0.6689568086282259
57,0.5428367528991971,0.33817606747496043,0.5315136925555213,0.4862960596379126,0.6259081241312321
58,0.5830468827435822,0.29279212792127923,0.5077970642002569,0.4608363507277245,0.6003088208202844
59,0.5004896421845575,0.27701985591284484,0.5204119531575232,0.4600241391551295,0.6277650684128552
60,0.5430984240261671,0.5033210332103322,0.4963130554399175,0.5398707845225417,0.5394865267706118
61,0.5288591535335513,0.43884027411702686,0.5368176799580083,0.45829037983670573,0.5652037313057896
62,0.4988105857865001,0.32340889123176947,0.5714926967003928,0.5035867944621938,0.579985597293631
63,0.5215105560511448,0.393224389386751,0.6573599522163297,0.5596137735179268,0.570538761702199
64,0.5767885816235504,0.38881743103145316,0.7122315336024182,0.5266723464678736,0.6358855152316993
65,0.6460005947071068,0.41417677033913197,0.711228076526272,0.5454937877174298,0.6298725527959672
66,0.6382594905342452,0.3622983658408013,0.6677927202302304,0.5616599219027334,0.7049608949774749
67,0.5357716324710081,0.4039711825689685,0.6577262936885735,0.5873070642527511,0.6351633702332904
68,0.5411576965011398,0.3986364435072922,0.5854136726456587,0.6628583599574015,0.6498420726499305
69,0.587168202993359,0.3848743630293446,0.5876754330395121,0.6230131345402911,0.6553392172296562
70,0.5558985033204479,0.3616411878404499,0.6418143314811128,0.5701412850550232,0.6491788782636365
71,0.5409156507086926,0.37775364610788964,0.606207851725823,0.5415359744408945,0.6045977726047127
72,0.507668371493706,0.33457318573185735,0.5465655486977139,0.49184893148739794,0.561929466932391
73,0.4575077609277431,0.3432865928659287,0.5679141776321743,0.44896384806531764,0.5397873222689287
74,0.463419565863812,0.21269372693726932,0.5507362667197596,0.45433865814696484,0.5109433772671702
75,0.4233402715829121,0.1917413459848884,0.4690580462994805,0.40658998935037266,0.5020565724908308
76,0.45831697888789774,0.1687787735020207,0.48140216112508816,0.4128846290379836,0.4881884409907723
77,0.43629299236792535,0.19715340010542962,0.5056284819634744,0.4290663826766062,0.5045914488117768
78,0.4316483298642085,0.2085187137585661,0.48449774656554867,0.43315867944621933,0.546770611780074
79,0.49547427891763307,0.26789667896678965,0.5216145088598888,0.4396876109336173,0.5747426772286514
80,0.5627455644761621,0.460952380952381,0.6230329598725769,0.49507419240326583,0.6131784763276449
81,0.6326989790861334,0.406136004217185,0.5835795761009249,0.4772523961661342,0.5673885883673025
82,0.5838100901972445,0.2777930065014936,0.645889482162573,0.4761121760738374,0.6488141213511749
83,0.5023867578550897,0.2961166754524688,0.6072802765660916,0.4978232161874334,0.6353291688298639
84,0.5280305282981466,0.2360428747144614,0.6135080815942371,0.4265672701455449,0.6141658990805714
85,0.5326751908018634,0.2716851168511685,0.5887402124925338,0.46772452964146255,0.5672117365309575
86,0.48808206958073147,0.2427692848357055,0.5941556951257037,0.5078821441249556,0.5988976905427811
87,0.5671721677074041,0.3099560709892813,0.6536463646400839,0.5440724174653886,0.6102604210279513
88,0.6333967687580533,0.3319908627657705,0.6986745099458813,0.5146922257720978,0.5989861164609537
89,0.6627257409059372,0.5300720435775786,0.7857682129993303,0.5750614128505501,0.5631883572541073
90,0.5739974229358707,0.5156141275698471,0.726134192474072,0.64250621228257,0.6233769322235434
91,0.5297531965506987,0.39461606044631875,0.6195447519412116,0.5847923322683706,0.5881981544439049
92,0.584355238378432,0.4242277279915656,0.6944217632898333,0.6138757543485978,0.6359628879101004
93,0.6136405986718207,0.45090142329994726,0.693927998696809,0.701079162229322,0.6633307095844988
94,0.7270968381405492,0.38340537691091187,0.6795451139387138,0.6863031593894213,0.6433759273835643
95,0.6283814054911289,0.5043261289755755,0.6255495665079912,0.6206389776357827,0.6951198271675235
96,0.44549509366636925,0.34807239500966436,0.5337889916559576,0.5861980830670926,0.5503518614660615
97,0.4794469223907225,0.2829731154454402,0.4850815037376242,0.5518352857649982,0.5301465391636382
98,0.4901972445237387,0.3054717975751186,0.46568133359879815,0.5055236066737664,0.5269189931503409
99,0.44843889384478147,0.2896222105078194,0.49522756972976884,0.45894639687610933,0.5467558741270453
100,0.4470869263554366,0.3170690564048498,0.4960239642346468,0.42975363862264815,0.5170889785801611
101,0.4454514818118743,0.28691618344754877,0.4850018642871365,0.4584621938232161,0.4911064962904658
102,0.4687184061849539,0.2441609558952732,0.5285646437039584,0.4449826056088037,0.515232034298538
103,0.5449737337694519,0.29441574415744154,0.5434412930550779,0.4657252396166134,0.5590028637939409
104,0.5651878283278818,0.4064452644526445,0.5237862766746909,0.5709691160809371,0.666263502537221
105,0.6421191396570523,0.3563451063082059,0.5471684193379065,0.4795796947106851,0.5604176784847014
106,0.5787729210030726,0.28088560885608854,0.5210944632482036,0.5192218672346467,0.5978071042186531
107,0.5871900089206066,0.25606747496046384,0.5225120454668862,0.5621597444089457,0.6569787811291051
108,0.576156209733373,0.2913231418028466,0.5749307317779507,0.6102520411785587,0.6508184421630856
109,0.5295787491327189,0.3670145844315586,0.6243868305308693,0.6059410720624777,0.6071949891979702
110,0.5066389136683517,0.25266561237040935,0.5782118771380478,0.6045665601703941,0.5819199142536552
111,0.4933154921201308,0.2847513617993323,0.5701682926387808,0.614719204827831,0.5937247743296881
112,0.5757855089701656,0.24748550342646283,0.5617902224474651,0.5794660986865459,0.5686412888747467
113,0.595628902765388,0.36585485854858546,0.5309060435482995,0.6150940717074903,0.6559029324580061
114,0.5988779859252651,0.36523633807766653,0.6332427374251117,0.5478679446219382,0.6501405101237627
115,0.6016691446129447,0.32657880864522926,0.6269352929464787,0.591258785942492,0.6812369580144362
116,0.5216850034691248,0.3447478474784747,0.6460806168437437,0.5335917642882498,0.710019594379595
117,0.5775299831499653,0.35147425759971884,0.6064520262810187,0.6241533546325878,0.6533975314431177
118,0.631892159777976,0.33052187664733795,0.6290855581096491,0.6406943556975505,0.7802297734085847
119,0.5636178015660621,0.4772658583728695,0.5459738275805897,0.5595825346112886,0.730062802498702
120,0.5033026067994846,0.2441609558952732,0.5170806349436189,0.5724998225062122,0.7042129590862656
121,0.46640697789671914,0.25962396766824813,0.5149940813408387,0.5497338445154418,0.626353938135352
122,0.5290772128060264,0.27021613073273587,0.512461546815327,0.504751068512602,0.5911309473966272
123,0.4918108831400535,0.2309400808293797,0.5245985990696664,0.5044146254881078,0.5749637420240826
124,0.4543046882743582,0.2776383763837638,0.6021037122843852,0.5208619098331558,0.5571753948183752
125,0.46636336604222417,0.2626392549639782,0.5522971999493204,0.5502421015264466,0.5878297131181859
126,0.46304886510060456,0.2549077490774908,0.5261436044091296,0.5445097621583244,0.5967754685066404
127,0.5001189414213499,0.2977402916886312,0.552998027113613,0.5488832090876818,0.5698497764231046
128,0.5450173456239469,0.2896222105078194,0.5042586834150844,0.5256414625488107,0.5935626601463717
129,0.5577083952819903,0.4213670708135653,0.5127163930568879,0.5563805466808662,0.6379966840280685
130,0.6047655862820894,0.38928132138464244,0.5678587485746349,0.6062378416755414,0.6488288590042035
131,0.7461116067003667,0.3554946406606923,0.5884694383608753,0.5843549875754348,0.6386156654552763
132,0.5984636733075627,0.2712212264979793,0.5761571793154626,0.6170933617323394,0.6509510810403443
133,0.5720566954108435,0.2906273062730627,0.6256929175188691,0.5555214767483138,0.7295322469896669
134,0.5572504708097928,0.302765770514848,0.5316865101630799,0.5949293574724884,0.7097395789720488
135,0.5169749231836653,0.28243191003338597,0.5158701152962045,0.5498828541001064,0.7719766877124818
136,0.5256754881554168,0.2915550869794412,0.5424059801987366,0.6533617323393681,0.7546009947915795
137,0.6182416493210426,0.28111755403268324,0.5797409545874133,0.6340873269435569,0.7614834787560081
138,0.5459113886410943,0.3745914602003163,0.6614669586779851,0.6298232161874334,0.7485585570497899
139,0.6025631876300921,0.42902126164118787,0.6923511375771506,0.6423343982960596,0.6876625747349735
140,0.5683932996332639,0.45260235459497455,0.639327191442379,0.677165779197728,0.6895195190165966
141,0.6887402121122014,0.4171147425759971,0.6386900758384767,0.6470202342917998,0.6340912059754484
142,0.5392605808306076,0.5555086979441223,0.6549046679577911,0.6692935747248846,0.6816201369931839
143,0.5744117355535732,0.38874011597258823,0.6821732158048109,0.7084203052893148,0.6358155113798127
144,0.5219684805233423,0.28730275874187317,0.575966044634292,0.6785246716364927,0.6438033193213981
145,0.527659827534939,0.2958074152170093,0.6351063005665261,0.6065033723819666,0.6162586458106547
146,0.5112617702448211,0.28776664909506233,0.5780207424568771,0.5720624778132765,0.644230711259232
147,0.5020596689463772,0.33639782112106836,0.5930725985990697,0.5768732694355697,0.6219031669206679
148,0.46102091386658733,0.3705710771393428,0.6131895237922858,0.5841831735889244,0.6772872670027298
149,0.519940529289325,0.30322966086803727,0.6160565440098463,0.5629407170749023,0.6821949054613053
150,0.46823867578550893,0.3131259884027411,0.6236700754764792,0.5686418175363862,0.6647749995813167
151,0.5360114976707305,0.30477596204533475,0.6131049466958678,0.5778885339013135,0.6934986853343605
152,0.6024541579938547,0.33369179406079774,0.6296638997990913,0.5917273695420661,0.6970651973673193
153,0.5897194964813163,0.32317694605517483,0.5888357798331192,0.5992247071352502,0.6241580278340674
154,0.6777936366339578,0.35557195571955724,0.6575805534941809,0.6031920482783103,0.6953703672690125
155,0.7106987808504311,0.3596696538393956,0.7469997285018734,0.6723393681221157,0.7330103331044532
156,0.5457587471503617,0.3166824811105254,0.7220407247189994,0.6571416400425986,0.6957977592068463
157,0.5836356427792645,0.5191706202776314,0.7289215732411446,0.6053787717429889,0.7400401935991693
158,0.6130736445633858,0.42538745387453875,0.6987541493963692,0.6841632942847,0.7455078628728375
159,0.5184577262364952,0.4883992268494114,0.6242275516298937,0.6142193823216187,0.7277047780141012
160,0.6217742095351373,0.531154454401687,0.6658789842350088,0.7221341853035143,0.7425308569610289
161,0.5909406284071762,0.6949077490774908,0.6721864287136419,0.6937536386226482,0.6889889635075614
162,0.5704866686490236,0.5984958706729924,0.7662087639595286,0.6561263755768547,0.7109185912143492
163,0.5572940826642878,0.5040941837989807,0.7969973755181089,0.6660134895278665,0.7251699016931553
164,0.5768758053325403,0.5947847478474785,0.7667980958931383,0.6283706070287539,0.6932481452328717
165,0.5622876400039647,0.6711720260059743,0.7434637369002154,0.6280425985090522,0.6303036291470584
166,0.5408742194469223,0.4429379722368652,0.667854042607106,0.5730308839190628,0.5603882031786439
167,0.5606085836059075,0.2554489544895449,0.6243868305308693,0.5623784167554136,0.6109383530672741
168,0.4664505897512141,0.2667369530838165,0.5589391301200021,0.5939453319133831,0.5601818760362413
169,0.5478957280206166,0.27470040414689856,0.5566932976162464,0.48067305644302444,0.5550679104352632
170,0.5385409852314402,0.2365067650676507,0.5335182175242991,0.4568377706780263,0.5227777126492607
171,0.49525621964515804,0.2463257775434897,0.5105342721135224,0.4398750443734469,0.5551710740064645
172,0.46597085935176924,0.24609383236689505,0.5006908360332313,0.49482428115015975,0.537382726800757
173,0.4723599960352859,0.24346512036548934,0.5285487158138609,0.4774398296059638,0.5420103498517862
174,0.4874715036178015,0.35000527148128624,0.5484585784358087,0.4546666666666667,0.547802247492087
175,0.5080999107939339,0.28598840274117027,0.5983765860015565,0.49879162229321977,0.5603882031786439
176,0.5894142134998513,0.4806677209629239,0.5819071476406813,0.5614256301029464,0.661031635712013
177,0.7171097234611954,0.49868212967843967,0.5925947618961429,0.48863897763578273,0.5919415183132086
178,0.5557240559024681,0.28823053944825167,0.6045566073594092,0.4932935747248846,0.6214905126358629
179,0.511785112498761,0.29704445615884734,0.6094146138391644,0.5164103656372027,0.5627904406223309
180,0.4992030924769551,0.2442382709541381,0.5838208836359029,0.5301867234646788,0.5460005694093216
181,0.47222916047180097,0.23967668248111051,0.5784691125631233,0.456337948171814,0.587030195441376
182,0.5233422539399346,0.22405904059040585,0.5634013285308331,0.5055236066737664,0.6266892197417562
183,0.5084706115571415,0.31629590581620104,0.6397437057684301,0.46321050763223287,0.5508787325618395
184,0.691487758945386,0.3520927780706379,0.6547637061304277,0.5984124955626553,0.5988940061295239
185,0.5273327386262265,0.23658408012651552,0.6672989556372062,0.6252623358182463,0.6628406826212926
186,0.5108038457726237,0.26472676155332986,0.681044724791399,0.6019893503727368,0.6604531828306343
187,0.5425968876994747,0.2925601827446846,0.6217770457383844,0.5757955271565495,0.6493557300999816
188,0.5244979680840519,0.2648040766121947,0.6927357961230067,0.5955853745118921,0.7098980087421078
189,0.6115908415105561,0.3475311895976103,0.6391862296150157,0.6104863329783458,0.7934310261090921
190,0.5649261572009119,0.41943419434194334,0.6487429636735506,0.5624408945686901,0.7790912897121133
191,0.547350579839429,0.29573010015814444,0.6723958804684248,0.5367000354987576,0.770322386160004
192,0.5335910397462582,0.3045440168687401,0.6568184039530127,0.6321661341853034,0.739136480715446
193,0.5538705520864307,0.2802670883851696,0.5654082426831255,0.5716251331203408,0.6520979651990421
194,0.4747150361780156,0.26016517308030224,0.5475530778837626,0.5028526801561946,0.5629199845924537
195,0.504458320943602,0.2956527850992795,0.5506271606725913,0.46659992900248487,0.5843178777779638
196,0.5053523639607493,0.2733087330873309,0.5159043602599142,0.4708952786652467,0.5603255681532717
197,0.5460422242045792,0.30647689334036193,0.5308925048417166,0.5344352147674831,0.6184656093517108
198,0.4662325304787392,0.2797258829731154,0.5561541385364441,0.5145516506922257,0.5847311215688902
199,0.5352700961443156,0.40775962045334735,0.5598494090390777,0.5651742988995384,0.6429301133794444
200,0.5793616810387551,0.5137585661570901,0.6498579159803797,0.5765921192758253,0.8331195257155299
201,0.7145584299732382,0.5107432788613601,0.6768716175858386,0.5293901313454029,0.6810711594178628
202,0.547699474675389,0.31923387805306624,0.6382464840992597,0.5697351792687255,0.6794794928907572
203,0.5929031618594509,0.2920962923914953,0.5806830892866839,0.6423500177493787,0.6640344325166219
204,0.5756110615521854,0.2883078545071165,0.6479624970587703,0.7238835640752573,0.6190109025137748
205,0.5104767568639113,0.25289755754700405,0.6789422432985212,0.6592346467873624,0.6563266399825828
206,0.48758053325403905,0.297817606747496,0.6558468026570617,0.6493162939297124,0.6473956222471572
207,0.5379958370502528,0.45128799859427166,0.7145888613368567,0.6106581469648561,0.6611605901760145
208,0.5404599068292198,0.3081778246353892,0.6972433890206158,0.5793255236066738,0.6511095108104035
209,0.6113509763108336,0.4956668423827095,0.6847399952940325,0.6324941427050054,0.7797839594044649
210,0.5818039448904747,0.4354384115269724,0.7282231352603666,0.5810592829250977,0.8070044045485757
211,0.6251323223312518,0.449896327534704,0.6162341399844341,0.600255591054313,0.769482339937365
212,0.6754604024184755,0.3063995782814971,0.7111962207460768,0.6847255946041888,0.7433819564234396
213,0.6166498166319754,0.4334282199964856,0.755762457239045,0.6935193468228612,0.7121676073085362
214,0.6132044801268708,0.3418871903004744,0.6917004832666654,0.753482428115016,0.7172668352564854
215,0.6066190900981266,0.34482516253733964,0.6681431338123767,0.6770564430244941,0.7307223124717389
216,0.5786856972940827,0.2860657178000351,0.6365581277489185,0.6209513667021654,0.6619269481335098
217,0.5508831400535236,0.3118116324020383,0.6457644482253072,0.6011615193468228,0.68394500175847
218,0.5120249776984835,0.254134598488842,0.579345146518489,0.5581455449059283,0.6898548006230009
219,0.5293824957874913,0.2702934457916008,0.5988408839979004,0.5849953851615194,0.6286935405536668
220,0.5050688869065318,0.443711122825514,0.6046386359934116,0.5540844870429534,0.666554571184539
221,0.5186103677272277,0.3152134949920927,0.5680044887690275,0.576201632942847,0.5932200097134532
222,0.4982436316780652,0.3522474081883676,0.6072030262991185,0.5380901668441604,0.6616469327259634
223,0.5852710873228268,0.3196977684062554,0.6744505782910097,0.5526631167909124,0.6833260203312622
224,0.6374744771533354,0.6495238095238096,0.6646230701008162,0.7022193823216187,0.7386216944951517
225,0.6908335811279612,0.5063363205060623,0.617460587521946,0.6572519133830315,0.6915496307213076
226,0.6178055307760928,0.39724477244772444,0.6233539068580427,0.6003171317003904,0.722646078611981
227,0.6300822678164337,0.25405728342997713,0.6564998461510615,0.6221228257011004,0.7176942271943193
228,0.5638140549112896,0.243697065542084,0.6240069503520426,0.6741980830670927,0.6884694612382978
229,0.5068351670135791,0.3625303110173959,0.687607015511593,0.6033794817181399,0.674910820451843
230,0.5279869164436516,0.24261465471797578,0.6422284566236492,0.572484203052893,0.6783152183014856
231,0.5220993160868272,0.25065542083992265,0.6607207370269145,0.5976315228966985,0.6829870543116009
232,0.5380830607592427,0.25977859778597784,0.6830994226139839,0.5911338303159389,0.6208531091423691
233,0.6755912379819605,0.23032156035846077,0.7701294141070426,0.6207951721689741,0.7175468506640318
234,0.6121796015462385,0.26178878931646465,0.7135057648102228,0.672026979055733,0.7372658304165063
235,0.6387610268609376,0.32186259005447204,0.6326876504552118,0.6305104721334753,0.6950129791830651
236,0.6722331251858459,0.29124582674398175,0.6310630056652609,0.6760724174653886,0.8091413642377451
237,0.6853602933888393,0.30570374275171325,0.6164252746656048,0.6416627618033369,0.7497633601848906
238,0.6201387649915749,0.50154278685644,0.646783833191551,0.6308853390131345,0.736676324295356
239,0.57923084547527,0.5328553856967142,0.6390110228239425,0.624762513312034,0.7115044129222421
240,0.483502824858757,0.28745738885960287,0.6223504497818965,0.519487397941072,0.6196446215940112
241,0.48553077609277423,0.23998594271656998,0.558607033611468,0.5299211927582534,0.6060417678484701
242,0.4626563584101496,0.2545211737831664,0.5078767036507448,0.5280156194533191,0.5124724087689035
243,0.4877767865992665,0.26843788437884375,0.5109507864395735,0.5151295704650336,0.5156262665170571
244,0.5007731192387749,0.22050254788262166,0.5174175098191822,0.5063201987930421,0.5494639178710791
245,0.44479730399444933,0.27013881567387105,0.5078289199804521,0.5189875754348597,0.511116544690258
246,0.4890633363068689,0.2422280794236514,0.5891407989284874,0.5212523961661342,0.5307028855654736
247,0.5595182872435325,0.2672008434370058,0.6052916794874115,0.5267660631877884,0.6245522600525867
248,0.6292100307265338,0.4734774204884906,0.6095444261434595,0.6048945686900958,0.7100601229254242
249,0.6316959064327485,0.506490950623792,0.6699907690636935,0.5435882144124955,0.6126000234462662
250,0.5371890177420954,0.31791952205236335,0.6206302376513602,0.5314362797302095,0.6533938470298605
251,0.5948220834572305,0.2943384290985767,0.5707759416460026,0.5346382676606318,0.5774359833196563
252,0.5113271880265636,0.36268494113512567,0.6481854875201362,0.6091118210862619,0.5481817420575773
253,0.5413539498463673,0.2973537163943068,0.655799018986769,0.6397103301384451,0.6117305019175696
254,0.5552225195757756,0.33724828676858193,0.6685572589549131,0.6517997870074547,0.5549610624508047
255,0.5231023887402122,0.31869267264101214,0.6721888178971565,0.5498516151934683,0.5196938587529936
256,0.552387749033601,0.3210894394658232,0.6464971311697949,0.5297337593184238,0.6405868265478724
257,0.6176746952126078,0.5155368125109823,0.6453343951926731,0.6587660631877884,0.7158372829126962
258,0.5652809396372286,0.4088420312774556,0.6890564535104707,0.5630812921547744,0.6786689219741756
259,0.5786143919119833,0.4442523282375681,0.7417459139531937,0.6041916932907347,0.6432690793991058
260,0.5289027653880464,0.5107432788613601,0.6858868033810566,0.6340873269435569,0.6290767195324145
261,0.5307126573495887,0.3069407836935512,0.6039059530489239,0.7080610578629748,0.689486359297282
262,0.5743681236990782,0.5185520998067124,0.6909837282122753,0.6311352502662406,0.7451062618278039
263,0.5410268609376548,0.37258126866982955,0.6097674166048254,0.548539581114661,0.7008196144763946
264,0.49285756764793337,0.5110525390968196,0.5760480732682943,0.5001348952786652,0.6434754065415084
265,0.5410268609376548,0.30895097522403797,0.5960375753407301,0.5642527511537097,0.5826973254509219
266,0.48398255525820205,0.2712212264979793,0.540146608988398,0.5270940717074902,0.5861459362596507
267,0.46987412032907117,0.40629063433491475,0.5243620699017176,0.48568690095846645,0.5682249501766843
268,0.472098324908316,0.26194341943419436,0.5264167677243026,0.519018814341498,0.5566116795900253
269,0.4443175735950045,0.27415919873484446,0.5363716990352766,0.46282002129925454,0.5573632998944918
270,0.4475230449003865,0.2974310314531716,0.4994189940089413,0.5099282925097621,0.5517040411314499
271,0.5300802854594112,0.27957125285538564,0.6179702800050679,0.5316549520766772,0.5840974024886537
272,0.595323619783923,0.5727499560709893,0.5396847001755688,0.6464579339723109,0.6707400646447054
273,0.6246743978590543,0.3251871375856616,0.5780709153106843,0.59814696485623,0.6824712364555945
274,0.6047219744275943,0.30361623616236155,0.5440648699523973,0.6022236421725239,0.6534085846828892
275,0.5630944593121221,0.45182920400632576,0.5158247208094263,0.6181242456514021,0.6244785717874429
276,0.572296560610566,0.3497733263046916,0.5555010950424442,0.6293858714944977,0.6005740985748019
277,0.5779224898404202,0.3640766121946933,0.5674947962859056,0.7011884984025559,0.6007214751050896
278,0.607600356824264,0.25977859778597784,0.5890293036978045,0.6558296059637911,0.6487072733667164
279,0.5893706016453563,0.35054647689334034,0.6034599721261923,0.5844799432019879,0.5654542714072784
280,0.6054197640995143,0.397554032683184,0.6783210555847164,0.6329471068512602,0.5840384518765387
281,0.6453246109624343,0.4273976454050254,0.8096624373291823,0.5869946751863685,0.6648155281271458
282,0.5864922192486867,0.542210507819364,0.676568987673985,0.5874007809726659,0.7404933764298035
283,0.5616334621865398,0.32085749428922866,0.6543814367680864,0.5655647852325169,0.7570290231280669
284,0.5831995242343146,0.32603760323317516,0.6376093684953573,0.5892438764643237,0.7968943745708497
285,0.6703142035880661,0.42786153575821473,0.5879462071711705,0.6078935037273695,0.7296759391066974
286,0.5986599266527901,0.49729045861887194,0.6630939926514506,0.6102988995385161,0.61290951415987
287,0.5984418673803152,0.5184747847478475,0.6060880739922895,0.5818402555910542,0.6952340439784964
288,0.5219684805233423,0.30701809875241615,0.5704892396242466,0.6012396166134185,0.6528632915208253
289,0.49499454851818814,0.3336144790019329,0.5618563231913699,0.5877287894923677,0.5997193146991342
290,0.4900227971057588,0.30199261992619925,0.5372158772104473,0.5226893858714945,0.5473122205288807
291,0.46686490236891665,0.28181338956246704,0.5369451030787887,0.5374341498047568,0.5488596740969001
292,0.44800277529983157,0.327351959233878,0.5329790584444968,0.5418544550940717,0.5235845991525849
293,0.4733848746159183,0.3031523458091724,0.5363557711451791,0.48915441959531414,0.5615340557016295
294,0.491527406085836,0.3152134949920927,0.5133081141740121,0.47783031593894204,0.5581443955050159
295,0.507297888789771,0.31026533122474076,0.5536534597911273,0.5019936102236422,0.5354041968816465
296,0.5296829814649618,0.4103110173958883,0.5406403735814223,0.4689584664536741,0.6224300380164459
297,0.5568143522648429,0.40799156562994204,0.5506749443428841,0.5260475683351082,0.5790571251528194
298,0.7557062146892655,0.43056756281848535,0.5658701514959547,0.5501483848065317,0.6678220093450118
299,0.5947566656754881,0.41726937269372694,0.6677449365599377,0.5523975860844871,0.6646681515968582
300,0.6168242640499554,0.35000527148128624,0.6133511918767761,0.6219666311679091,0.6969141364237745
301,0.6806502131033799,0.33330521876647334,0.6645115748701333,0.5266254881079162,0.7303096581869337
302,0.5604341361879275,0.3429696011245827,0.6863487121938858,0.5588015619453319,0.6596720872201102
303,0.6214471206264248,0.3716534879634511,0.6611189342793534,0.5283904863329784,0.7079821138483696
304,0.5896758846268213,0.2952662098049552,0.6022494524787778,0.5302023429179978,0.7361162934802633
305,0.662987412032907,0.32101212440695837,0.6913819254647142,0.5977408590699326,0.7758784813518448
306,0.6472653384874616,0.37559655596555963,0.7133942695795399,0.6274959176428825,0.7707939910569243
307,0.6295371196352463,0.3601335441925848,0.6873840250502271,0.5790599929002485,0.7520702450134816
308,0.5654058876003568,0.3580460376032331,0.682271172328911,0.5847454739084131,0.7272216777478187
309,0.5701813856675587,0.7222772799156564,0.6420851056127712,0.5711096911608093,0.6992574232553467
310,0.6975716126474377,0.7613213846424178,0.6094647866929719,0.5881192758253461,0.5682249501766843
311,0.5603905243334325,0.534788262168336,0.5864649133920976,0.6465516506922258,0.5713051196596942
312,0.5068569729408267,0.5238868388683887,0.5879307571177759,0.5926645367412141,0.5641026812480113
313,0.5023867578550897,0.5135266209804955,0.5746618689931039,0.5540063897763579,0.5014148950779588
314,0.4706591337099811,0.37196274819891056,0.5206827272891816,0.5210805821796237,0.5382190886101389
315,0.46562196451580934,0.2839782112106835,0.5304943075892776,0.5046801561945332,0.5104828256100216
316,0.4555476261274655,0.39144614303285885,0.5361487085739108,0.4861242456514022,0.5724399189429084
317,0.476524928139558,0.30214725004392895,0.5459602888740068,0.5021341853035144,0.5200623000787125
318,0.4667776786599266,0.2913231418028466,0.50314612029177,0.4775179268725594,0.5388822829964328
319,0.5114580235900485,0.27454577402916885,0.5278502778330829,0.4757529286474973,0.5815920014737653
320,0.5411576965011398,0.3196204533473906,0.5467885391590798,0.475831025914093,0.555005275409891
321,0.5550044603033006,0.29642593568792824,0.5403377436695687,0.5147703230386936,0.5871186213595485
322,0.8680503518683715,0.3811632402038306,0.5753313182139043,0.5589577564785233,0.5373790423874999
323,0.6535454455347407,0.4859251449657354,0.6343122952451627,0.576560880369187,0.5998372159233643
324,0.6051580929725443,0.5502512739413108,0.5961012869011203,0.5818402555910542,0.6745571167791529
325,0.5654494994548519,0.7028712001405728,0.659653568390378,0.6012396166134185,0.6142064276264005
326,0.5833739716522947,0.88,0.6436619667324296,0.6687625133120341,0.6181708562911357
327,0.6029556943205472,0.6367668248111052,0.6038900251588264,0.688833510827121,0.6251565038267656
328,0.5705520864307662,0.5487049727640134,0.6133352639866784,0.6934100106496273,0.6802986116460954
329,0.5763960749330954,0.5224951678088209,0.6290242357327733,0.6705431309904153,0.7313180084071612
330,0.5748696600257706,0.3673238446670181,0.6456370251045267,0.7025473908413206,0.6598784143625127
331,0.5493567251461988,0.23472851871375852,0.5916574055639016,0.6478949236776712,0.6057028018288088
332,0.5511884230349886,0.3288982604111755,0.6160748610834585,0.6043635072772452,0.6910190752122723
333,0.7468093963722866,0.29897733263046916,0.5817661858133178,0.6946595669151578,0.7214670663696806
334,0.5485935176925365,0.26866982955543844,0.5615696211696138,0.6923478878239262,0.7213344274924218
335,0.5272019030627416,0.42878931646459323,0.6063269923437529,0.6172807951721689,0.6094903786571989
336,0.500424224402815,0.291091196626252,0.5794566417491719,0.6025883564075257,0.6185098223107971
337,0.48782039845376146,0.2514285714285714,0.5483972560589332,0.5603268015619453,0.5662501046708311
338,0.4592110219050451,0.24709892813213846,0.5292837879418631,0.5394802981895633,0.5447331312488487
339,0.4784874615918327,0.21192057634862058,0.49459284330938114,0.4746439474618388,0.49699787308871063
340,0.43105956982852606,0.21802846599894563,0.5349063331463012,0.46570962016329426,0.5212560499740416
341,0.46348498364555457,0.22614654717975743,0.4853068833825047,0.4832346467873624,0.5139756493778366
342,0.4455823173753593,0.21261641187840452,0.5342532896523015,0.4643507277245296,0.5049562057242384
343,0.48099514322529485,0.3860340889123177,0.5610121450161994,0.490105331913383,0.5502311600877561
344,0.620792942809,0.4740186259005447,0.5521243823417619,0.5950249485268015,0.6960289929828675
345,0.6659966299930618,0.48136355649270784,0.5167485384350847,0.6137664181753638,0.5874575873792098
346,0.5392605808306076,0.2631804603760323,0.6042245108508751,0.590680866169684,0.5595149972366902
347,0.4925086728119734,0.2729221577930065,0.6116787634165324,0.5668299609513666,0.611170471102477
348,0.4528218852215283,0.2920962923914953,0.5665550507701497,0.5488675896343628,0.6137348227294803
349,0.4941005055010407,0.28676155332981906,0.5875480099187315,0.5082882499112531,0.7004216978446184
350,0.5357498265437605,0.3039254963978211,0.6108823689116545,0.5349037983670571,0.6862735509370134
351,0.5320210129844385,0.38572482867685814,0.5626367898061503,0.5334355697550586,0.6456860544958215
352,0.5859252651402518,0.2757828149710068,0.7192875889156365,0.5498984735534257,0.6172129088442666
353,0.5229279413222322,0.34536636794939374,0.7600629875653858,0.6030358537451189,0.6785215454438881
354,0.835755773614828,0.500305745914602,0.6595261452695976,0.6584536741214057,0.7681559511647771
355,0.5865140251759341,0.2914777719205764,0.6283711922387736,0.6006773162939296,0.6762077339183735
356,0.5661254831995242,0.300291688631172,0.6460670781371608,0.6423968761093362,0.7586354273082012
357,0.795938150460898,0.2739272535582498,0.678336983474814,0.5947263045793397,0.7085568823164912
358,0.6335712161760333,0.3080231945176594,0.7059718727940777,0.561269435569755,0.8147121970826146
359,0.5773119238774903,0.260938323668951,0.6694651486904739,0.5600667376641818,0.7274505534993553
360,0.5793834869660026,0.35201546301177294,0.6564202067005738,0.5423698970536031,0.6489872887742628
361,0.5923362077510159,0.2907046213319276,0.556408984778005,0.5302492012779553,0.6097851317177739
362,0.4749767073049856,0.23534703918467756,0.5201093232456697,0.44265530706425277,0.5530599052100954
363,0.3023391812865497,0.25305218766473375,0.4704780177016778,0.4737536386226482,0.4867552042337258
364,0.10386163147982944,0.2433104902477596,0.4574012199315824,0.46460063897763576,0.5277111420006364
365,0.5581663197541877,0.23124934106483924,0.48100635305616396,0.4695207667731629,0.4873152350488186
366,0.38637922489840426,0.24300123001230006,0.5012825571503556,0.4509648562300319,0.518102192225888
367,0.26005748835365244,0.2336461078896503,0.5290448695903999,0.4601803336883209,0.602858434794259
368,0.6334839924670432,0.44974169741697423,0.5536853155713225,0.5336698615548455,0.6925665287802918
369,0.6172821885221529,0.3777613776137761,0.5243779977918153,0.4795484558040468,0.5033792768501616
370,0.5546991773218356,0.33825338253382536,0.5481742655975673,0.49602697905573306,0.5678122958918792
371,0.547525027257409,0.30647689334036193,0.5724005864359535,0.47942350017749374,0.6158423071125922
372,0.5030409356725145,0.25776840625549113,0.5759206501475139,0.472332268370607,0.5443794275761585
373,0.4933372980473783,0.3039254963978211,0.5038469474560625,0.5064920127795527,0.5519545812329386
374,0.5063990484686292,0.36477244772447726,0.5447338413364948,0.47711182108626193,0.571732511597528
375,0.49061155714144117,0.29047267615533295,0.6091621567811182,0.5013063542776003,0.5387054311600877
376,0.5493785310734463,0.5533438762959059,0.6499694112110627,0.5337479588214411,0.5832720939190433
377,0.5752621667162257,0.4652820242488139,0.6688280330865717,0.5172538161164358,0.6797005576861885
378,0.6744573297650907,0.2672008434370058,0.6468953284222339,0.5528349307774227,0.6314642193230728
379,0.6515393002279711,0.3572728870145845,0.6367492624300892,0.5560525381611644,0.6443007151111186
380,0.5475032213301615,0.40605868915832016,0.6434230483809662,0.49832303869364575,0.5893440069668905
381,0.5709663990484686,0.47332279037076086,0.6206939492117505,0.5850578629747958,0.776040595535161
382,0.6113509763108336,0.6272570725707257,0.6111212872631179,0.5525225417110401,0.7331098122623972
383,0.5112835761720685,0.2839782112106835,0.590813227388731,0.5927426340078097,0.6900758654184321
384,0.4683477054217465,0.4744825162537339,0.5081474777824032,0.5635030173943911,0.5976560432751084
385,0.42770145703241147,0.4740186259005447,0.4385585259461709,0.49672985445509404,0.5436720202307783
386,0.4215957974031122,0.2369706554208399,0.4637086644102155,0.48409371671991475,0.5307323608715313
387,0.43315293884428585,0.2525882973115446,0.47417328820431137,0.46706851260205895,0.5597950126442365
388,0.40382396669640197,0.21949745211737826,0.43104056182012346,0.4573375931842385,0.5378211719783625
389,0.451709782931906,0.2810402389738183,0.45861173957899687,0.4568065317713879,0.5609592872335081
390,0.3949707602339181,0.2870708135652785,0.4827584209668953,0.5071011714589989,0.5561253370400764
391,0.508143522648429,0.3917554032683184,0.5182457601042553,0.5424011359602413,0.6062333573378439
392,0.5247814451382694,0.3415006150061501,0.51064815652772,0.6179836705715299,0.6196740969000687
393,0.6114163940925761,0.3141310841679845,0.5693265036471248,0.5533659921902733,0.5728967861867997
394,0.5291644365150163,0.3291302055877701,0.5232949012651813,0.5971629392971245,0.5810319706586726
395,0.5578392308454753,0.3084097698119838,0.5407200130319101,0.5302960596379127,0.6508442330558858
396,0.5031717712359995,0.4031980319803198,0.5978852105920468,0.48410933617323393,0.6208678467953979
397,0.5158846268212905,0.3370163415919873,0.6195789969049214,0.4686773162939297,0.5887545008457403
398,0.47709188224799287,0.3088736601651731,0.6615967709822802,0.4630543130990415,0.5540620656160506
399,0.5176072950738427,0.2946476893340362,0.65814041883111,0.4833127440539581,0.5847311215688902
400,0.5025612052730697,0.3488455455983131,0.6818889029665696,0.5384181753638622,0.6175371372108992
401,0.5699415204678362,0.47053944825162536,0.7013687125558834,0.5799815406460773,0.6881894458307515
402,0.5061591832689067,0.37791600773150585,0.7138083947220764,0.5827930422435215,0.6397173050191757
403,0.532348101893151,0.32920752064663505,0.6731126355228148,0.6848974085906993,0.5481817420575773
404,0.5647735157101793,0.3118889474609032,0.6533620518018426,0.5894469293574724,0.6303294200398587
405,0.5905263157894737,0.37536461078896505,0.679706782023204,0.6210919417820376,0.7932689119257759
406,0.6571434235305779,0.3684062554911263,0.656340567250086,0.5762328718494854,0.6752645241245332
407,0.6043294677371394,0.4347425759971886,0.7087911093413456,0.5501952431664892,0.6210594362847717
408,0.5684805233422539,0.4576278334211914,0.6592553711379392,0.5269378771742989,0.6205878313878516
409,0.5041312320348895,0.250423475663328,0.6150714040073123,0.49623003194888177,0.640660514813016
410,0.5666706313807116,0.3179968371112283,0.5630668428387844,0.5183003194888178,0.5905524945152484
411,0.5374288829418178,0.27732911614830436,0.5968180419555105,0.48881079162229324,0.5738105206745826
412,0.4739954405788482,0.2370479704797048,0.6058969393111187,0.44495136670216534,0.5525883003131751
413,0.4943621766280107,0.27640133544192586,0.6155333128201416,0.44476393326233576,0.5489481000150727
414,0.4848547923481019,0.22228079423651378,0.5838686673061955,0.4579155129570465,0.6367845120664534
415,0.5375815244325503,0.2725355824986821,0.5965791236040471,0.532201632942847,0.6222679238331296
416,0.5502289622360987,0.4830644877877351,0.6449361979402342,0.5473368832090877,0.73035387114602
417,0.5845732976509069,0.36778773502020734,0.6723480967981321,0.5941015264465744,0.7299559545142436
418,0.595890573892358,0.3415779300650149,0.5670965990334667,0.6242002129925452,0.6631943862939826
419,0.6048746159183269,0.39075030750307505,0.6740205252583757,0.6188427405040823,0.7311202291035153
420,0.6154286847061154,0.2920189773326305,0.6702774710854494,0.6445367412140575,0.6905916832744385
421,0.5866884725939141,0.24346512036548934,0.676999040706619,0.6743230386936457,0.6246406859707592
422,0.5495747844186738,0.3343876295905816,0.6410020090861374,0.5987873624423145,0.6164760261928288
423,0.5238219843393794,0.3146722895800386,0.6371793154627232,0.5339978700745475,0.6223563497513022
424,0.4886490236891664,0.33144965735371634,0.610436387988923,0.6276521121760738,0.6735844316792551
425,0.5500763207453662,0.350159901599016,0.6856319571394957,0.5882598509052183,0.707716836093852
426,0.5577302012092378,0.2839008961518187,0.7145888613368567,0.6118764643237486,0.7225871279998661
427,0.5296005550599663,0.33206817782463544,0.596547267823852,0.554615548455804,0.6997437658052955
428,0.5545901476855981,0.3967808820945352,0.5788991655957573,0.6409130280440185,0.6594804977307364
429,0.539805729011795,0.353793709365665,0.5909725062897067,0.6382264820731274,0.7443546415233374
430,0.5212706908514224,0.3527886136004217,0.5758887943673189,0.6931913383031594,0.6859345849173519
431,0.5256318763009218,0.38240028114566854,0.5656471610345889,0.6477074902378417,0.721024936778818
432,0.543272871444147,0.5528026708838517,0.543284403337617,0.6296045438409655,0.6155917670111035
433,0.5365130339974229,0.5028571428571428,0.5224347951999131,0.6076279730209443,0.6428711627673294
434,0.4240598671820794,0.26967492532068177,0.5115241904830857,0.5873226837060702,0.5561400746931051
435,0.4676063038953315,0.23681602530311016,0.5322782312802041,0.5643933262335817,0.5390886101388354
436,0.4261096243433442,0.23967668248111051,0.4937486651342105,0.54026127085552,0.5232603707859523
437,0.4517752007136486,0.36021085925144963,0.47858531376133506,0.547258785942492,0.5147862202944181
438,0.45343245118445835,0.2324863820066772,0.5088960886169885,0.5263911963081291,0.5396633786069569
439,0.5184577262364952,0.26952029520295206,0.45936035041358214,0.5258601348952787,0.5919083585938939
440,0.6895470314203588,0.3054717975751186,0.5798389111115133,0.5754362797302095,0.6853303411431729
441,0.6219922688076123,0.41773326304691616,0.6246122101757499,0.5380276890308838,0.6152528009914421
442,0.5958469620378629,0.47904410472676157,0.5559470759651759,0.6340717074902378,0.6612048031351008
443,0.5910714639706611,0.32387278158495875,0.5436029611395681,0.6097209797657083,0.6283545745340055
444,0.5566180989196154,0.4525250395361096,0.5662046371880034,0.6536741214057508,0.5526472509252902
445,0.5202676181980375,0.32920752064663505,0.574980904631758,0.6218729144479943,0.5633173117181088
446,0.5747388244622856,0.41680548234053766,0.6222548824413112,0.5308115015974441,0.5542683927584533
447,0.519940529289325,0.32789316464593216,0.603794457818241,0.4924657436989705,0.639820468590377
448,0.5015363266924373,0.4283254261114039,0.5954960270774131,0.5059765708200212,0.6134990202810202
449,0.4599306175042125,0.4255420839922685,0.6307763036435048,0.5305459708910187,0.6262618278039223
450,0.5341797997819407,0.44850465647513615,0.6485518289923801,0.587650692225772,0.6798774095225336
451,0.6224283873525621,0.3287436302934458,0.734307589277634,0.5748427405040824,0.7161762489323575
452,0.8503221330161561,0.2983588121595501,0.6834816919763254,0.5126773162939297,0.6238595903602352
453,0.5505342452175637,0.30918292040063255,0.6140520190410685,0.6221228257011004,0.5994098239855302
454,0.5379740311230052,0.3152134949920927,0.6054509583883871,0.5908526801561945,0.5666774966086651
455,0.5178689662008127,0.3888947460903181,0.6378960705171134,0.6012552360667377,0.5333556631106496
456,0.44270393497868965,0.2776383763837638,0.5938235986171695,0.5118807241746538,0.532736681683442
457,0.46889285360293387,0.2610156387278158,0.5650896848811743,0.4940745473908413,0.5040866841955418
458,0.41863019129745266,0.257227200843437,0.5189306593784503,0.47756478523251683,0.5197675470181374
459,0.40587372385766673,0.2844421015638728,0.5160317833806947,0.48578061767838115,0.54507209726851
460,0.4247140449995044,0.22514145141451408,0.48471755144889495,0.523454739084132,0.47975481904506706
461,0.41978590544157,0.25065542083992265,0.5032735434125505,0.48106354277600283,0.5714082832308954
462,0.4082287640003964,0.26681426814268144,0.5062042751905012,0.4909818956336528,0.5584244109125621
463,0.47654673406680537,0.24562994201370586,0.48814204781987003,0.501509407170749,0.5917462444105777
464,0.47741897115670523,0.35201546301177294,0.4884446777317236,0.5006503372381966,0.5790718628058482
465,0.4994647636039251,0.3694886663152346,0.5581769805788339,0.5242044728434505,0.6070439282544254
466,0.47813856675587274,0.33121771217712176,0.6289605241723832,0.4734724884629038,0.6824859741086232
467,0.6871919912776291,0.40404849762783346,0.5672399500443447,0.5839332623358182,0.7804029408316726
468,0.4640955496084845,0.35673168160253027,0.6362236420568698,0.6164373446929358,0.7787965366515383
469,0.5031063534542571,0.4452574240028115,0.6325442994443338,0.5134739084132055,0.664623938637772
470,0.5678917633065715,0.323718151467229,0.5320233850386432,0.5747334043308484,0.7429545644856057
471,0.4988978094954901,0.3114250571077139,0.6249466958677985,0.5678608448704295,0.6266892197417562
472,0.523974625830112,0.272612897557547,0.638740248692284,0.57235924742634,0.668352564854047
473,0.5628109822579046,0.46659638024951683,0.6008637260402903,0.5905402910898119,0.6621185376228836
474,0.6849895926256319,0.5346336320506063,0.6461148618074535,0.5694071707490237,0.7084095057862035
475,0.6653424521756368,0.39020910209102083,0.7300070589512933,0.6441774937877174,0.7613913684245783
476,0.5793180691842601,0.4879353364962221,0.6611667179496461,0.685459708910188,0.710133811190568
477,0.6462622658340766,0.5861254612546126,0.6224778729026771,0.6846474973375931,0.6886168377685854
478,0.5966319754187729,0.509583552978387,0.6147528462053611,0.7162300319488818,0.6071470918256269
479,0.5183268906730102,0.4553083816552452,0.6217611178482869,0.6302137025204118,0.5776865234211451
480,0.4981127961145802,0.26155684413986996,0.6211877138047748,0.5489300674476393,0.5656753362027097
481,0.4606502131033799,0.23612018977332633,0.6302825390504806,0.5101313454029108,0.4809485689403962
482,0.47942511646347513,0.27555086979441223,0.5724802258864414,0.5337791977280795,0.49399139187084457
483,0.4486133412627614,0.29704445615884734,0.5174652934894749,0.48835782747603834,0.49794108288255096
484,0.4529963326395084,0.2288525742400281,0.5379167043747398,0.4538232161874334,0.48413190199460737
485,0.47072455149172365,0.24524336671938152,0.5269742438777173,0.4776272630457934,0.48183282812212164
486,0.45059768064228367,0.25475311895976094,0.4867563213813824,0.4535576854810081,0.4847656210748439
487,0.4781603726831202,0.3664733790195045,0.5339347318503502,0.4750031948881789,0.49932642226725393
488,0.524628803647537,0.29758566157090144,0.4847971908993828,0.4457635782747604,0.5270479476143425
489,0.5585588264446426,0.2539026533122474,0.5130532679324513,0.4628981185658502,0.5737957830215539
490,0.5567053226286054,0.27562818485327706,0.6027750728519974,0.48981043663471774,0.6243606705632129
491,0.6168896818316979,0.3656229133719908,0.6339300258828213,0.5445410010649626,0.5958285742995428
492,0.5894578253543463,0.3831734317343174,0.6805350323082769,0.5199091231806886,0.5494344425650215
493,0.6120923778372485,0.2808082937972237,0.5874205867979512,0.5034149804756833,0.5578496424444407
494,0.5535870750322133,0.30353892110349673,0.5559152201849807,0.48106354277600283,0.6734812681080539
495,0.5718386361383685,0.36716921454928836,0.6199612662672628,0.5689698260560879,0.6904737820502086
496,0.5749132718802655,0.2620980495519241,0.6624409491574509,0.6318537451189209,0.667689370467753
497,0.6613301615620972,0.28853979968371113,0.659621712610183,0.5934455094071707,0.6276471671886252
498,0.651146793537516,0.2680513090845194,0.6843258701514959,0.6026766063187788,0.6928023312287519
499,0.6458261472891268,0.3486136004217186,0.7283983420514398,0.6550173943911963,0.6337927685016161
500,0.5466091783130141,0.5394271657002284,0.6511162192980868,0.7534355697550585,0.7133171442447791
501,0.550643274853801,0.4932700755578984,0.6527727198682328,0.7163237486687964,0.6726706971914723
502,0.4935771632471008,0.5049446494464944,0.7589321073684592,0.6622960596379127,0.5945611361390699
503,0.49905045098622264,0.588290282902829,0.6939303878803236,0.6056443024494143,0.5754464001607744
504,0.4692417484388938,0.39020910209102083,0.5289811580300096,0.49532410365637203,0.5529420039858652
505,0.4986579442957676,0.32565102793885076,0.4964245506706004,0.48606176783812566,0.5065626099043727
506,0.46568738229755174,0.43760323317518884,0.49202845300367426,0.5012126375576854,0.48277603791596196
507,0.4418316978887898,0.45461254612546126,0.48463791199840717,0.44824707135250264,0.49265026544522783
508,0.41930617504212503,0.2621753646107889,0.4691560028235805,0.4356421725239616,0.482525497814473
509,0.5029755178907721,0.22003865752943247,0.5258433636807907,0.41518068867589636,0.5240267287434476
510,0.4312994350282485,0.2680513090845194,0.44615612952270634,0.43826624068157616,0.5074026561270117
511,0.4530181385667559,0.2666596380249517,0.5242983583413274,0.45068370607028757,0.5647616017149268
512,0.6233660422242046,0.38270954138112806,0.5958145848793642,0.6029108981185659,0.7216733935120833
513,0.61983348201011,0.30361623616236155,0.5887903853463411,0.5154107206247781,0.5761538075061547
514,0.5380394489047478,0.31544544016868736,0.6077445745624355,0.5863855165069223,0.6325253303411432
515,0.5221211220140747,0.3207801792303637,0.5830404170211224,0.5670017749378772,0.5887250255396829
516,0.5495093666369313,0.2926374978035495,0.5841075856576589,0.5742960596379127,0.5944432349148399
517,0.5113707998810586,0.33276401335441924,0.621904468859165,0.5369187078452253,0.6454207767413038
518,0.6086470413321439,0.30292040063257775,0.6248829843074082,0.47209797657082003,0.5706419252734002
519,0.5708573694122311,0.44541205412054125,0.586703831743561,0.4722854100106496,0.5955927718510827
520,0.5936881752403608,0.3472992444210156,0.6192445112128726,0.4914348597799077,0.5902430038016446
521,0.5948438893844782,0.43366016517308026,0.6777635794313019,0.580059637912673,0.6418837400144027
522,0.6108712459113885,0.4103110173958883,0.6526771525276475,0.5692353567625134,0.6998174540704393
523,0.6586916443651502,0.34791776489193466,0.6119654654382884,0.517503727369542,0.8169965333020716
524,0.6349667955198731,0.37088033737480225,0.6367014787597964,0.546680866169684,0.7122855085327662
525,0.5678045395975816,0.3313723422948515,0.7228235805172945,0.5361845935392262,0.6291504077975582
526,0.6243036970958469,0.5020839922684941,0.7001900486886641,0.5830585729499468,0.6653608212892097
527,0.5741936762810982,0.33972236865225797,0.6584271208528661,0.5534753283635072,0.6158128318065348
528,0.5190464862721775,0.30253382533825335,0.6205505982008724,0.48632729854455087,0.5724104436368509
529,0.44854792348101896,0.3049305921630645,0.5759365780376114,0.4698643947461839,0.5617845958031183
530,0.4449063336306869,0.24957301001581447,0.5514713388477619,0.4829691160809371,0.49070489524543215
531,0.4706155218554861,0.26418555614127565,0.48846060562182125,0.49424636137735184,0.5319555860729179
532,0.484636733075627,0.2401405728342997,0.4721345182718239,0.4872332268370607,0.5591170806049137
533,0.4458657944295767,0.2463257775434897,0.4559995656029973,0.44952786652467164,0.4997538142050878
534,0.4287917533947864,0.25977859778597784,0.5006295136563558,0.4428895988640397,0.5636562777377704
535,0.5190464862721775,0.2838235810929538,0.5255566616590346,0.47395669151579695,0.5382927768752825
536,0.5491168599464763,0.5435248638200668,0.5126232148998171,0.5471806886758963,0.5800298102527173
537,0.5248468629200118,0.49914602003162895,0.5450523991384458,0.46555342563010293,0.6000435430657669
538,0.5734958866091783,0.3307538218239325,0.597487013339608,0.46809939652112176,0.6178908408835894
539,0.5729071265734959,0.527443331576173,0.5497511267172256,0.46032090876819304,0.5845100567734588
540,0.5546555654673406,0.5126761553329819,0.5624615830150773,0.4984479943201987,0.5360084406558255
541,0.5509049459807711,0.5323914953435249,0.607362305200094,0.5049769258075967,0.5483585938939224
542,0.56006343542472,0.3171463714637147,0.6502879690130138,0.5320454384096557,0.6037132186699268
543,0.568262464069779,0.33330521876647334,0.5965791236040471,0.5607383741569045,0.6044353636683358
544,0.6153414609971256,0.2293164645932174,0.5790106608264401,0.5347944621938232,0.5967423087873257
545,0.6159520269600555,0.22777016341591988,0.6790378106391065,0.5207838125665601,0.5751074341411131
546,0.56093567251462,0.2472535582498682,0.7045542905753951,0.5707816826411075,0.603462678568438
547,0.5270710674992566,0.21717800035143212,0.6008955818204854,0.5591608093716719,0.5846574333037464
548,0.5524313608880959,0.23372342294851522,0.6236724646599938,0.5261412850550231,0.599851953576393
549,0.5410486668649024,0.24315586013002988,0.6474846603558436,0.6416002839900603,0.6355612868650667
550,0.48049360689860243,0.24176418907046215,0.5982356241741931,0.6271522896698616,0.6422521813401216
551,0.4690018832391714,0.28768933403619756,0.588360332313707,0.5972722754703584,0.6242722446450403
552,0.4425512934879572,0.2845194166227376,0.5821643830657568,0.5541625843095491,0.580648791679925
553,0.4340251759341857,0.24122298365840802,0.5315455483357164,0.49619879304224346,0.5352715580043879
554,0.42552086430766173,0.19189597610261813,0.5090235117377689,0.4686773162939297,0.4572798981762154
555,0.40482703934978687,0.17504129327007548,0.46681460297923943,0.4472474263400781,0.4389609954614727
556,0.4171691941718703,0.21988402741170263,0.42076707270719826,0.4076208732694356,0.4411274304566997
557,0.37486569531172553,0.1905043050430504,0.4728672012163116,0.4323308484203052,0.4524017350236975
558,0.42161760333035975,0.1943700579862941,0.4932549005411862,0.42677032303869356,0.4756577515030731
559,0.4652512637526018,0.2212756984712704,0.4812134156274322,0.46419453319133824,0.485959370970173
560,0.4747368421052632,0.21771920576348616,0.4909135006968452,0.52565708200213,0.5855416924854717
561,0.49163643572207355,0.33933579335793357,0.5393024308132274,0.4970891018814341,0.5453668503290852
562,0.49386064030131827,0.22869794412229838,0.4976509982081123,0.4188044018459353,0.5094217145919513
563,0.47840023788284264,0.23666139518538043,0.5461832793353726,0.43037841675541344,0.5634646882483965
564,0.3986777678659927,0.26062906343349146,0.4923310829155279,0.49747958821441246,0.49226708646648026
565,0.42547725245316675,0.22359515023721666,0.5270698112183027,0.4482314518991835,0.5296565122004321
566,0.4032352066607196,0.243697065542084,0.521972886387084,0.43737593184238543,0.6118189278357422
567,0.3573337298047378,0.26921103496749255,0.6194356458940433,0.4234433794817181,0.54862387164844
568,0.4264367132520567,0.23063082059392023,0.6169827508190192,0.43659495917642877,0.5667953978328952
569,0.459908811576965,0.2610156387278158,0.625074118988579,0.515629392971246,0.6288998676960694
570,0.491963524630786,0.27137585661570895,0.6661043638798892,0.43067518636847707,0.5925862906332168
571,0.46418277331747443,0.3490774907749077,0.6579174283697442,0.4629449769258075,0.5603697811123579
572,0.4777024482109227,0.2767879107362502,0.6935321906278846,0.48506212282570105,0.6535117482540906
573,0.4610427197938349,0.2598559128448428,0.6839436007891545,0.4788924387646432,0.6207646832241966
574,0.5427713351174547,0.26627306273062734,0.651864830132672,0.4873581824636138,0.6453913014352465
575,0.5841589850332045,0.26062906343349146,0.5992231533602418,0.46217962371317006,0.5756232519971195
576,0.45260382594905346,0.25050079072219295,0.5767011167622943,0.47359744408945686,0.5024065917502638
577,0.37427693527604317,0.2365067650676507,0.5302076055675214,0.4833127440539581,0.4426601463716904
578,0.3488294181782139,0.2359655596555966,0.43911600209958546,0.5086162584309549,0.40062835993368057
579,0.3235563484983645,0.2637216657880864,0.3916508896088617,0.46105502307419244,0.46058113245465665
580,0.351816830211121,0.26689158320154627,0.41974768774095456,0.4063088391906283,0.4493510408467451
581,0.3511190405392011,0.320007028641715,0.4495965537837789,0.38804969826056085,0.42618345028554205
582,0.37815839032609766,0.2289298892988929,0.4772632988832377,0.41265033723819666,0.43759039372979847
583,0.47227277232629594,0.292869442980144,0.4725327155242629,0.4237870074547391,0.4669330609100501
584,0.5113271880265636,0.3986364435072922,0.5633216890803452,0.4606801561945331,0.5802950880072348
585,0.5053741698879968,0.23179054647689337,0.5010277109087947,0.4357358892438764,0.5632583611059939
586,0.5344414709089107,0.2763240203830609,0.4801781027710908,0.4298004969826056,0.5944579725678686
587,0.4481990286450589,0.24021788789316462,0.5375185071223009,0.45579126730564423,0.48620991107166184
588,0.44392506690454947,0.26024248813916706,0.517210447247914,0.5255008874689385,0.44550451340624003
589,0.4213341262761423,0.22436830082586542,0.529506778403229,0.4211941782037628,0.46694779856307883
590,0.4965645752800079,0.18888068880688805,0.47998696808992014,0.3947816826411075,0.4413927082112174
591,0.47196748934483096,0.18424178527499555,0.5140567250085974,0.450386936457224,0.47730836864229376
592,0.4425730994152047,0.2017149885784572,0.49263371282738144,0.4156336528221512,0.47083853896267025
593,0.5240836554663495,0.31977508346512035,0.6183366214773117,0.4384536741214057,0.4915449414680712
594,0.5167132520566955,0.2022561939905113,0.536212420134301,0.47878310259140927,0.4605958701076853
595,0.5343106353454257,0.2441609558952732,0.5921033864866332,0.4869364572239972,0.5250583644554606
596,0.5036951134899394,0.2920962923914953,0.5447656971166899,0.5612381966631168,0.5968602100115556
597,0.6052671226087819,0.30214725004392895,0.5451798222592265,0.5921334753283635,0.5118829026477533
598,0.7469402319357716,0.36995255666842386,0.5833271190428786,0.5707504437344691,0.6443301904171761
599,0.531475864803251,0.2107608504656475,0.5701547539321978,0.48888888888888893,0.5998224782703355
600,0.531999207057191,0.20357054999121413,0.5406881572517149,0.46133617323393683,0.5580264942807858
601,0.46474972742590936,0.21045159023018803,0.47377509095187237,0.5252353567625133,0.5335325149469947
602,0.466973932005154,0.1683148831488315,0.4948954732212348,0.464038338658147,0.4707795883505552
603,0.451709782931906,0.2089826041117554,0.44147332983402415,0.46060205892793754,0.4812727973070289
604,0.44955099613440375,0.19552978386926725,0.43932306467085375,0.4215378061767837,0.463690777243724
605,0.43140846466448596,0.21130205587770162,0.45924885518289926,0.39485977990770327,0.4751714089531242
606,0.4306016453563286,0.2621753646107889,0.4419033828666582,0.40298189563365283,0.46410343152852906
607,0.4958885915353355,0.3410367246529608,0.4885243171822114,0.45722825701100456,0.49872217849307504
608,0.540416294974725,0.25050079072219295,0.5183094716646455,0.4768150514731984,0.6554718561069149
609,0.6209455842997323,0.26913371990862767,0.5225622183206936,0.4429676961306354,0.6016646848989299
610,0.5444067796610169,0.29441574415744154,0.563799525783272,0.4633823216187434,0.6224005627103883
611,0.5614590147685599,0.2513512563697065,0.5530322720773226,0.5073667021654242,0.5222729480330257
612,0.47502031915948056,0.2608610086100861,0.45668446487719233,0.5072105076322329,0.48912796637135536
613,0.49418772921003074,0.23179054647689337,0.5423605857119586,0.5801221157259495,0.5050298939893821
614,0.4257171176528892,0.23434194341943415,0.5071599485963547,0.4921377351792687,0.47716099211200624
615,0.5040876201803945,0.25923739237392374,0.5367698962877155,0.46475683351082714,0.5322356014804642
616,0.5983328377440776,0.3129713582850114,0.6033166211153143,0.49665175718849836,0.546752189713788
617,0.44732679155515903,0.291091196626252,0.6422443845137469,0.5966943556975505,0.6971204635661772
618,0.5294697194964813,0.23063082059392023,0.636398848847943,0.5519133830315939,0.6593183835474201
619,0.4868173258003766,0.2539799683711123,0.6318116164998462,0.5133801916932907,0.6579477818157459
620,0.6184379026662702,0.2477174486030575,0.6176198664229218,0.5573645722399715,0.6567098189613304
621,0.5591693924075726,0.25119662625197675,0.6119495375481909,0.5274845580404686,0.6217815812831806
622,0.694998513232233,0.26542259708311366,0.6106434505601911,0.5302492012779553,0.656370852941669
623,0.487188026563584,0.24199613424705674,0.5924219442885844,0.4896698615548456,0.6788457738105206
624,0.5197878877985925,0.2987453874538745,0.596260565802096,0.539089811856585,0.6158423071125922
625,0.4309069283377936,0.2369706554208399,0.5632420496298576,0.5655179268725595,0.5572601363232905
626,0.4703538507285162,0.4011105253909682,0.5238205216384006,0.5395427760028398,0.5359642276967392
627,0.451840618495391,0.26248462484624846,0.5268308928668393,0.5159261625843095,0.5313660799517678
628,0.47229457825354343,0.3078685643999297,0.5181024090933772,0.43801632942846996,0.4856498802565692
629,0.4419843393795222,0.2576137761377613,0.5224985067603033,0.46947390841320547,0.5021707893018037
630,0.46304886510060456,0.2733087330873309,0.5377414975836666,0.4279261625843095,0.5157441677412872
631,0.5072494796312815,0.28954489544895445,0.5640862278050282,0.4446233581824636,0.5640247190634892
632,0.5050252750520369,0.2740818836759796,0.5837730999656103,0.5113965211217607,0.5487565105256988
633,0.5485499058380414,0.31683711122825514,0.5770196745642454,0.5322172523961661,0.5954011823617089
634,0.5705956982852611,0.3114250571077139,0.5519332476605912,0.5836208732694356,0.6787426102393195
635,0.5725146198830409,0.32193990511333687,0.6118061865373129,0.5727965921192758,0.6435490948066521
636,0.5372544355238379,0.40559479880513094,0.6012459954026317,0.47297266595669146,0.6756329654502521
637,0.4986797502230152,0.34536636794939374,0.6522948831653061,0.4737223997160099,0.6522885230527039
638,0.5426404995539698,0.4166508522228079,0.5835341816141469,0.49318423855165067,0.6034479409154092
639,0.5971989295272079,0.2753189246178176,0.6464493474995022,0.4752374866879659,0.5955338212389677
640,0.660479730399445,0.26232999472851865,0.5762710637296603,0.5896656017039403,0.6412942338932525
641,0.548266428783824,0.2890810050957652,0.6100541186265814,0.6804458643947462,0.6371234780861148
642,0.5639666964020219,0.24570725707257068,0.639711849988235,0.5523663471778487,0.6440796503156874
643,0.6020398453761523,0.3445159023018802,0.6139883074806785,0.5535690450834221,0.7547152116025523
644,0.5845951035781545,0.36832894043226144,0.6079834929138989,0.6374455094071707,0.7207449213712717
645,0.5755238378431955,0.278179581795818,0.6123318069105324,0.6422250621228256,0.6646386762908008
646,0.5669104965804341,0.2733087330873309,0.5919918912559503,0.6348682996095136,0.6378308854314951
647,0.5526058083060759,0.2965032507467932,0.5349222610363988,0.5806531771388,0.6067786504999079
648,0.4897175141242937,0.22537339659110872,0.5778479248493186,0.5403081292154773,0.6028879101003165
649,0.46917633065715125,0.27238095238095233,0.563767670003077,0.5217522186723466,0.5449836713503374
650,0.4418316978887898,0.2302442452995959,0.5077492805299644,0.46769329073482424,0.5475332853243121
651,0.432280701754386,0.257227200843437,0.5098836178030371,0.4482158324458643,0.5194580563045336
652,0.4586222618693626,0.3678650500790722,0.4439262249090481,0.44610720624778133,0.501610758486711
653,0.41472693032015057,0.24377438060094883,0.4950388242321128,0.41441533546325876,0.48672572892766836
654,0.46403013182674197,0.28428747144614297,0.4534351752972904,0.4083393681221157,0.5051920081726986
655,0.49800376647834277,0.23163591635916353,0.4682640409781173,0.43315867944621933,0.48803738004722746
656,0.4674318564773515,0.24864522930943597,0.5224347951999131,0.472910188143415,0.5579380683626133
657,0.46021409455843,0.23387805306624496,0.5523314449130301,0.44071849485268016,0.5088469461238299
658,0.5700941619585687,0.2785661570901423,0.6359210121450162,0.5221114660986865,0.4957304349282377
659,0.5875389037565665,0.39538921103496744,0.5206667993990841,0.5294994675186369,0.5505987171542932
660,0.5328932500743383,0.40497627833421196,0.5323260149504968,0.45572878949236767,0.5744737150608765
661,0.5093428486470414,0.2655772272008435,0.5656630889246864,0.5083663471778487,0.5251762656796904
662,0.39577757954207543,0.1949885784572131,0.5807945845173668,0.5083038693645722,0.4843824420960962
663,0.431015957974031,0.22514145141451408,0.6355546706727724,0.5558651047213348,0.49545041952069135
664,0.4094717018535038,0.20302934457916008,0.7199565602997339,0.564299609513667,0.5815330508616503
665,0.44577857072058674,0.2178738358812159,0.7163250013574906,0.5579424920127795,0.6706074257674466
666,0.4598870056497175,0.20558074152170086,0.7494868685406071,0.5784039758608448,0.6703126727068714
667,0.4823907225691347,0.20287471446143035,0.7562084381617766,0.5533503727369541,0.6490167640803202
668,0.6386301912974527,0.22962572482867685,0.6615171315317924,0.6255591054313098,0.5818130662691967
669,0.4856179998017643,0.2144719732911614,0.5926290068598526,0.534888178913738,0.5693744871129273
670,0.4128080087223709,0.30005974345457737,0.5775134391572698,0.5503670571529996,0.606719699887793
671,0.41387649915749825,0.27006150061500617,0.5503563865409328,0.5121931132410366,0.6008246386762909
672,0.468325899494499,0.2427692848357055,0.5005658020959655,0.5492112176073837,0.5302754936276398
673,0.3865754782436317,0.21277104199613425,0.4763394812575793,0.516207312744054,0.43586608832543416
674,0.4291406482307463,0.2256826568265683,0.49451320385889336,0.48796734114305995,0.4306931721123411
675,0.4108454752700962,0.2538253382533825,0.47388658618255525,0.41894497692580757,0.4958335984994389
676,0.4078798691644364,0.21462660340889117,0.48095856938587117,0.43581398651047215,0.4559977223627137
677,0.4150322133016156,0.25467580390089617,0.4648236167170446,0.38545686900958465,0.44352966790038684
678,0.4096679551987312,0.22916183447548757,0.5253018154174736,0.4309407170749023,0.44752357187117947
679,0.4419843393795222,0.22143032858900016,0.5562178500968343,0.39053319133830317,0.4606548207198004
680,0.4734720983249083,0.300910209102091,0.5605980198736628,0.46427263045793393,0.5498913098089129
681,0.6330696798493408,0.3309857670005271,0.5711104273380514,0.4831096911608094,0.49742526502654455
682,0.5121558132619685,0.2481813389562467,0.5226259298810837,0.4605552005679801,0.5602518798881279
683,0.503542471999207,0.23380073800738008,0.4778685587069449,0.48449982250621226,0.48763946341545106
684,0.4953216374269006,0.24640309260235452,0.5420738836902025,0.5028839190628327,0.5230245683374922
685,0.4362275745861829,0.22189421894218944,0.5527296421654689,0.4529172878949237,0.4730491869169835
686,0.46902368916641884,0.25738183096116674,0.5654719542435157,0.42505218317358884,0.4754072114015844
687,0.48494201605709186,0.2580003514320858,0.6051005448062409,0.4221625843095491,0.4919133827937901
688,0.5397621171573,0.23163591635916353,0.6181295589060436,0.4763308484203052,0.505825727252935
689,0.6312597878877987,0.3029977156914426,0.6456210972144292,0.5362314518991835,0.5921736363484115
690,0.6071642382793141,0.3334598488842031,0.6140838748212638,0.45894639687610933,0.6130863659962151
691,0.5856199821587867,0.35186083289404324,0.5051052507737697,0.49985374511892083,0.5979507963356836
692,0.5536524928139558,0.2512739413108417,0.5993505764810222,0.5556464323748668,0.5913778030848588
693,0.536033303597978,0.2556035846072746,0.5658701514959547,0.6204046858359956,0.5856153807506155
694,0.5239434433541481,0.2365067650676507,0.5515350504081522,0.6079403620873269,0.5591318182579424
695,0.5157638219843393,0.22436830082586542,0.606788901156582,0.6074093006744763,0.5814593625965065
696,0.5348769352760432,0.23287295730100158,0.5853181053050733,0.5569740859069933,0.5438636097201521
697,0.47502031915948056,0.17828852574240023,0.4787605205524082,0.46908342208022713,0.5480196278742611
698,0.47857468530082264,0.23016693024073093,0.4732653984687506,0.43364288249911254,0.5753432365895732
699,0.4184775498067201,0.22537339659110872,0.45373780520914403,0.48976357827476036,0.47433136273048515
700,0.45977797601348,0.23186786153575817,0.44746221651070606,0.4367511537096201,0.4899090619818794
701,0.4451243929031618,0.37173080302231587,0.46827996886821477,0.3955782747603833,0.46388236673309774
702,0.45011795024283874,0.24810402389738176,0.4599656102372893,0.39503159389421366,0.4937555894223845
703,0.46902368916641884,0.2523563521349499,0.5314340531050337,0.4588058217962371,0.5631699351878213
704,0.4940350877192982,0.24988227025127388,0.5705848069648319,0.5371998580049698,0.6604826581366918
705,0.5566835167013579,0.28722544368300823,0.5475212221035675,0.4870145544905928,0.5802656127011774
706,0.5270492615720092,0.24764013354419256,0.6295498561059929,0.4828753993610223,0.6119073537539147
707,0.596152245019328,0.45144262871200147,0.5720501728538072,0.5055079872204472,0.6112294217145919
708,0.4763722866488254,0.28869442980144083,0.5983949030751688,0.5095534256301029,0.61290951415987
709,0.4203746654772524,0.2576137761377613,0.5731491972705388,0.48504650337238187,0.577819162298404
710,0.4074437506194865,0.2699068704972764,0.6124751579214104,0.4468413205537806,0.5307765738306175
711,0.4478283278818515,0.31065190651906516,0.6311107893355535,0.4544792332268371,0.5424340573763627
712,0.6176310833581128,0.4519838341240555,0.6093373635721914,0.47662761803336884,0.6046564284637671
713,0.5681534344335414,0.37033913196274815,0.6598606309616464,0.4537919772807952,0.6861409120597546
714,0.5242144910298344,0.335392725355825,0.6739408858078878,0.5478991835285765,0.6026373699988277
715,0.5026266230548122,0.3745914602003163,0.6752629006859853,0.5094909478168264,0.6373150675754886
716,0.5211398552879374,0.34698998418555616,0.6723799525783272,0.5677358892438764,0.5793371405603658
717,0.4901754385964912,0.3702618169038833,0.67314449130301,0.6408974085906992,0.6339990956440187
718,0.4370125879670928,0.4895589527323845,0.5788991655957573,0.6094710685126021,0.699301636214433
719,0.4480899990088215,0.4751010367246529,0.5625571503556626,0.4761590344337948,0.5939863676709485
720,0.42192288631182473,0.3323774380600949,0.5201889626961573,0.44888746893858716,0.5723662306777646
721,0.423558330855387,0.2629485151994377,0.48022588644138353,0.4613049343272985,0.5118829026477533
722,0.38688076122509657,0.22738358812159548,0.46450505891509347,0.4433425630102946,0.5283006481217867
723,0.41509763108335807,0.2179511509400808,0.4821053774728954,0.47156691515796945,0.47329972701847234
724,0.3818653979581722,0.21215252152521522,0.4917576788720157,0.40249769258075957,0.49654100584481925
725,0.4049142630587768,0.24392901071867856,0.47590942822494525,0.4248022719204827,0.48873004973957895
726,0.40962434334423625,0.19769460551748372,0.48306105087874895,0.4061995030173943,0.4764535847666259
727,0.475783526613143,0.24965032507467935,0.5628597802675162,0.43801632942846996,0.5398844434023882
728,0.4777896719199128,0.24447021613073275,0.5558196528443954,0.5474149804756833,0.5965212439918943
729,0.5283358112796114,0.3254190827622561,0.5492255063440062,0.45258927937522186,0.5801919244360336
730,0.4660362771335117,0.40961518186610435,0.5704573838440514,0.5621753638622647,0.5302754936276398
731,0.4381246902567152,0.42933052187664733,0.5959738637803399,0.5416045438409656,0.550790306643667
732,0.41592625631876295,0.2909365665085222,0.5763029195098553,0.5065857294994675,0.5519840565389962
733,0.43088512241054616,0.36044280442804427,0.5819891762746837,0.5234391196308129,0.5102028102024753
734,0.4598870056497175,0.3020699349850641,0.6127618599431663,0.522173943911963,0.5876197015625262
735,0.45578749132718804,0.30987875593041647,0.6102293254176546,0.5225956691515796,0.5921883740014403
736,0.5230369709584696,0.36314883148831484,0.6723958804684248,0.5773730919417821,0.6161812731322537
737,0.6099990088214887,0.34807239500966436,0.661931256674329,0.5278750443734469,0.6583162231414647
738,0.6426424819109922,0.3088736601651731,0.6923057430903727,0.5415264465743699,0.6197183098591549
739,0.5350302309445931,0.37799332279037073,0.6549070571413057,0.6112048278310259,0.5844216308552863
740,0.5806482307463574,0.594475487612019,0.6517851906821842,0.675650692225772,0.5754169248547168
741,0.7367350579839429,0.39183271832718325,0.6808058064399356,0.720822151224707,0.6539244025388957
742,0.6108930518386362,0.313203303461606,0.6219363246393599,0.7107944621938231,0.5698460920098474
743,0.5460858360590741,0.41424635389211034,0.575809314195732,0.6269648562300318,0.4821514561806033
744,0.4871008028545941,0.33578703215603584,0.5753932777063838,0.49443379481718136,0.5347221382994758
745,0.44887501238973143,0.2451660516605166,0.5183907039041431,0.47164501242456514,0.5085324446081961
746,0.4521240955496085,0.19475663328061846,0.4790472225741642,0.48623358182463605,0.49157441677412866
747,0.42730895034195654,0.3042347566332806,0.47423699976470163,0.4457635782747604,0.48354239587345715
748,0.4261968480523342,0.3094148655772272,0.45189016995782727,0.4375165069222577,0.45414077808109066
749,0.46333234215482205,0.24207344930592156,0.45794276819489943,0.4534639687610933,0.443220177186783
750,0.43729606502131024,0.2514285714285714,0.46765878115441,0.44384238551650695,0.48821423188357255
751,0.5035642779264545,0.35665436654366545,0.5114923347028906,0.46624068157614484,0.5051330575605835
752,0.5262206363366042,0.4716991741345985,0.5547524842078589,0.5393397231096911,0.615621242317161
753,0.5602596887699475,0.3554946406606923,0.49605820919835647,0.4679275825346112,0.6225774145467334
754,0.5345505005451482,0.28714812862414335,0.5721138844141975,0.4751750088746894,0.6579919947748322
755,0.5351610665080782,0.2629485151994377,0.5756658039059531,0.4483876464323749,0.681410125437524
756,0.5230805828129645,0.28993147074327885,0.5480309145866893,0.5145360312389066,0.5407097519719986
757,0.5154485082763406,0.35217009312950265,0.5949544788140961,0.48339084132055377,0.5792487146421932
758,0.4507503221330161,0.3376348620629063,0.5127187822404025,0.48470287539936097,0.5789097486225319
759,0.516124492021013,0.2918643472149007,0.6303143948306756,0.5004785232516862,0.48949640769707425
760,0.5023213400733472,0.25251098225267965,0.625504172021213,0.4542917997870074,0.599969854800623
761,0.592772326295966,0.3415779300650149,0.6777954352114971,0.5733432729854455,0.6131600542613589
762,0.5778570720586778,0.4673695308381655,0.6311426451157487,0.4992602058927937,0.6457450051079366
763,0.5706175042125087,0.31977508346512035,0.6991547358323228,0.47275399361022363,0.6892358191957931
764,0.5085360293388839,0.37180811808118086,0.655942369997647,0.5267816826411075,0.5590876052988561
765,0.6387392209336902,0.5226497979265506,0.7176151604553929,0.6896769613063543,0.7063314967091491
766,0.5948438893844782,0.4219082762256194,0.7227280131767091,0.6179368122115726,0.6791700021771534
767,0.5417900683913173,0.2545211737831664,0.6236087530996036,0.6240127795527156,0.636091842374102
768,0.472054713053821,0.2879212792127921,0.6166164093467754,0.5789506567270146,0.6153412269096147
769,0.4545881653285757,0.2631804603760323,0.5519810313308838,0.5193155839545615,0.5245867595585403
770,0.4229695708197046,0.21431734317343168,0.5199022606744014,0.5216116435924743,0.5196496457939073
771,0.4286173059768063,0.23874890177473201,0.5292837879418631,0.5298118565850195,0.546693239101673
772,0.47303597977995837,0.2167141099982428,0.5362920595847889,0.5368093716719915,0.5335767279060809
773,0.4326295965903459,0.39082762256193987,0.5081793335625985,0.49719843805466807,0.5359937030027968
774,0.463812072554267,0.23418731330170442,0.527563575811327,0.4829847355342563,0.544526804106446
775,0.5484190702745564,0.2792619926199262,0.5679567050987349,0.5749676961306355,0.5635678518195978
776,0.5735394984636732,0.27245826743981727,0.5754428134445873,0.6236535321263755,0.6935981644923047
777,0.7216671622559222,0.37861184326128977,0.6225893681333599,0.5581299254526091,0.6547791864145635
778,0.5782059668946377,0.35008258654015106,0.5796637043204402,0.5084288249911254,0.6544402203949021
779,0.5161681038755079,0.3364751361799333,0.5781824105413672,0.520643237486688,0.6040669223426169
780,0.56076122509664,0.26689158320154627,0.6176357943130193,0.5226581469648562,0.5764043476076435
781,0.5452572108236693,0.3043120716921455,0.692401310430958,0.5274376996805111,0.6268660715781011
782,0.5274853801169591,0.26866982955543844,0.6190693044217994,0.4750031948881789,0.6085619065163873
783,0.5236039250669045,0.3909049376208048,0.5763825589603432,0.4953553425630102,0.531351342298739
784,0.5912241054613936,0.27771569144262864,0.5657745841553693,0.6086744763933262,0.6279271825961715
785,0.627552780255724,0.37567387102442457,0.6851381925464713,0.5816215832445865,0.6607331982381806
786,0.6145346416889681,0.34049551924090665,0.6786077576064724,0.6068782392616258,0.572336755371707
787,0.7202061651303399,0.3405728342997716,0.6705960288874007,0.6423500177493787,0.6230342817906248
788,0.611372782238081,0.46064312071692154,0.6536009701533059,0.6112516861909834,0.6943645224498
789,0.6156467439785905,0.4783482691969777,0.6956665279009575,0.672839190628328,0.6762224715714023
790,0.6228645058975122,0.36484976278334214,0.620996579123604,0.7342705005324812,0.6008246386762909
791,0.6074913271880266,0.3039254963978211,0.6504472479139894,0.6622804401845935,0.7214818040227093
792,0.5706829219942511,0.36121595501669296,0.6661521475501818,0.650425275115371,0.6511095108104035
793,0.5658638120725543,0.33268669829555436,0.579631848540245,0.6296826411075612,0.602740533570029
794,0.5302765388046388,0.37660165173080307,0.5562019222067368,0.5605197018104366,0.5300691664852372
795,0.5050470809792844,0.3203936039360394,0.5691035131857589,0.5529598864039759,0.5759769556698097
796,0.5188502329269501,0.344593217360745,0.5573009466234682,0.51609797657082,0.5794845170906534
797,0.5187193973634651,0.3012967843964154,0.5910680736302919,0.5843862264820731,0.5977592068463098
798,0.5011874318564774,0.3926831839746968,0.6313019240167242,0.4922626908058217,0.5494786555241078
799,0.5434037070076321,0.3303672465296081,0.5691672247461493,0.5130365637202697,0.6019594379595049
800,0.5870809792843691,0.3455983131259884,0.5997806295136563,0.52565708200213,0.673658119944399
801,0.6050490633363068,0.32333157617290464,0.5804441709352205,0.5477742279020233,0.7272884393160389
802,0.6709901873327386,0.36129327007555784,0.6740364531484733,0.49491799787007457,0.7491738540637405
803,0.6837466547725246,0.33469688982604107,0.6839913844594472,0.5327795527156549,0.7161172983202425
804,0.6871701853503817,0.3305991917062028,0.6785759018262774,0.558942137025204,0.623992229237494
805,0.5901338090990187,0.32827973994025655,0.6562290720194031,0.5808718494852679,0.6576825040612282
806,0.7625096639904847,0.42484624846248464,0.6583793371825734,0.6306354277600285,0.6352960091105492
807,0.5773991475864803,0.2517378316640309,0.645589241434234,0.6116421725239616,0.703030262430708
808,0.5967628109822579,0.2574591460200316,0.5959738637803399,0.6092055378061768,0.6926844300045217
809,0.6605669541084349,0.25367070813565273,0.6770149685967167,0.6260745473908412,0.6886315754216141
810,0.6287303003270889,0.37173080302231587,0.6985016923383228,0.6272303869364572,0.6546612851903335
811,0.571991277629101,0.4948936917940608,0.7628185125522634,0.7381597444089457,0.7407881294903788
812,0.5659292298542967,0.4237638376383764,0.6940737388912017,0.7707263045793397,0.6697821171978363
813,0.5650351868371494,0.3472992444210156,0.7636308349472388,0.7115754348597799,0.6962656796905092
814,0.619092080483695,0.39871375856615715,0.6770786801571069,0.772053958111466,0.7321518648155282
815,0.5351610665080782,0.359978914074855,0.6845170048326666,0.7381128860489883,0.7022639044732127
816,0.5375161066508077,0.3110384818133895,0.6626320838386214,0.6586411075612353,0.6756771784093384
817,0.5051561106155218,0.275705499912142,0.6345830693768213,0.5712502662406815,0.645538677965534
818,0.49933392804044013,0.2680513090845194,0.5962127821318033,0.6340092296769613,0.6061596690727002
819,0.532348101893151,0.2392127921279212,0.6316841933790657,0.583558395456159,0.6184213963926246
820,0.5027574586182971,0.27918467756106136,0.6041607992904848,0.5986467873624423,0.617065532313979
821,0.5252393696104668,0.3020699349850641,0.5985701098662418,0.5652367767128151,0.5694776506841286
822,0.5149469719496481,0.30701809875241615,0.6092099404514107,0.6349620163294284,0.6670703890405453
823,0.5475686391119041,0.32866631523458095,0.6441716592155514,0.5665956691515796,0.6472040327577834
824,0.5970680939637228,0.3910595677385345,0.6403967492624302,0.6043656940007099,0.6992868985614041
825,0.6309981167608286,0.32882094535231066,0.6054668862784847,0.5879296556620519,0.6387593575723066
826,0.7558152443255031,0.32449130205587773,0.7232377056598308,0.6558452254171103,0.6353402220696355
827,0.6740866290018832,0.349464066069232,0.6944082245832504,0.6904423145189919,0.7335666795062886
828,0.7727148379423134,0.33222280794236514,0.6882282032253978,0.678446574369897,0.6434459312354507
829,0.6131826741996234,0.3217852749956071,0.6921464641893971,0.6194050408235712,0.611288372326707
830,0.59935771632471,0.3836373220875065,0.6954594653296892,0.5686418175363862,0.6291504077975582
831,0.5854237288135593,0.397554032683184,0.6794678636717406,0.6317756478523252,0.6156359799701898
832,0.6353374962830806,0.37281321384642424,0.670118192184474,0.6201391551295705,0.6437112089899684
833,0.572296560610566,0.3826322263222632,0.6758044489493022,0.588337948171814,0.6317884476897054
834,0.6187431856477351,0.32395009664382357,0.7255153939437817,0.6379140930067447,0.7292043342097771
835,0.5925324610962434,0.3997961693902653,0.7277134427772448,0.6786340078097266,0.7329624357321097
836,0.5500327088908712,0.35363907924793525,0.7898322141577223,0.781253816116436,0.7458456498802566
837,0.5632471008028546,0.39701282727112985,0.7492320222990462,0.7250550230741923,0.6797833832962101
838,0.5887382297551789,0.4751010367246529,0.691827906387446,0.6882087326943557,0.7190089732210145
839,0.6835504014272971,0.28498330697592694,0.668780249416279,0.667013134540291,0.7148940731188559
840,0.5855763703042918,0.25537163943068,0.6592712990280367,0.6177025204117855,0.7528287920148716
841,0.5473069679849341,0.2751642945000879,0.6360165794856015,0.6800553780617679,0.6906801091926111
842,0.5749350778075131,0.26689158320154627,0.5608210103350287,0.659297124600639,0.626394466681181
843,0.560107047279215,0.31003338604814623,0.5768126119929772,0.6230912318068867,0.6457302674549078
844,0.5468926553672316,0.3122755227552275,0.6159952216329707,0.604332268370607,0.6541749426403844
845,0.5043056794528694,0.2961166754524688,0.6153581060290684,0.6091118210862619,0.6974446919328097
846,0.5562255922291603,0.38874011597258823,0.5743756448080508,0.6088150514731984,0.6677041081207817
847,0.5645772623649519,0.3701071867861536,0.6556715958659884,0.5966162584309549,0.6957645994875317
848,0.6333313509763109,0.34644877877350194,0.7377161577585115,0.717995030173944,0.82992145500829
849,0.6220358806621072,0.42801616587594443,0.713856178392369,0.6138288959886404,0.7706760898326941
850,0.5978967191991278,0.394461430328589,0.676712338684863,0.5714533191338304,0.7578543316976772
851,0.6357300029735355,0.4663644350729222,0.6579652120400369,0.6015051473198437,0.7291306459446333
852,0.6188740212112201,0.4936566508522228,0.7323962424659269,0.5921959531416401,0.7238398285073102
853,0.5592348101893151,0.3609066947812335,0.7215971329797825,0.6162655307064252,0.6599521026276566
854,0.5615026266230548,0.27091196626251973,0.640110047240674,0.6536116435924741,0.6360476294150157
855,0.5654494994548519,0.27037076085046563,0.6899165595757388,0.6079716009939652,0.6815722396208403
856,0.6367548815541679,0.36925672113863994,0.7092211623739796,0.6221696840610579,0.6327758704426321
857,0.5992486866884726,0.4341240555262696,0.7394363698890477,0.6238878239261625,0.6485156838773425
858,0.6078402220239866,0.39283781409242663,0.7150666980397835,0.6246687965921193,0.7145698447522232
859,0.6695946079888988,0.40559479880513094,0.6733834096544734,0.7277259495917643,0.6322011019745105
860,0.6500564971751412,0.30322966086803727,0.7419051928541693,0.727694710685126,0.6920654485773141
861,0.655355337496283,0.340959409594096,0.7513185759018263,0.7612609158679445,0.7299559545142436
862,0.6660184359203092,0.41317167457388865,0.6763459972126192,0.7435796947106852,0.6656113613906987
863,0.5849439984141144,0.31614127569847134,0.6453184673025756,0.6384763933262335,0.7229850446316425
864,0.5079472693032016,0.34235108065366365,0.614720990425166,0.666185303514377,0.6578740935506021
865,0.47973039944494,0.3008328940432261,0.6312222845662365,0.5737493787717429,0.604479576627422
866,0.528095946079889,0.31041996134247046,0.5163184854024506,0.5574739084132055,0.6146927701763495
867,0.4667122608781841,0.28954489544895445,0.5411022823942515,0.5543656372026978,0.5688881445629784
868,0.488234711071464,0.303384290985767,0.5211446361020109,0.5370905218317359,0.5997193146991342
869,0.4698087025473288,0.3980952380952381,0.548190193487665,0.4958551650692225,0.5931757967543669
870,0.5119813658439885,0.31544544016868736,0.5663161324186863,0.48281292154774585,0.6455681532715916
871,0.5294261076419863,0.28722544368300823,0.543571105359373,0.5907589634362798,0.689781112357857
872,0.5576211715730003,0.5695800386575295,0.6433274810403808,0.5990372736954206,0.7744341913550268
873,0.6211418376449598,0.505253909681954,0.5818776810440007,0.5679389421370251,0.7086600458876925
874,0.7019109921696898,0.34915480583377256,0.6653716809354016,0.5922740504082357,0.6989184572356852
875,0.5574903360095153,0.389513266561237,0.6732400586435953,0.656376286829961,0.7025881328398453
876,0.5157755971850531,0.3706483921982076,0.6615808430921827,0.6011146609868654,0.6216489424059218
877,0.5704430567945287,0.41054296257248285,0.6722047457872541,0.5015718849840256,0.6149433102778383
878,0.5656021409455843,0.4741732560182744,0.7115307064381255,0.5309676961306354,0.6243017199510978
879,0.5606521954604025,0.3517835178351783,0.6656902387373526,0.6264962726304578,0.6612932290532734
880,0.5940806819308158,0.40714109998242837,0.691318213904324,0.5848704295349663,0.6474987858183585
881,0.6053761522450193,0.42894394658232293,0.7168028380604173,0.5580518281860135,0.6107430791646431
882,0.66008722370899,0.391368827973994,0.6828286484823254,0.5394490592829251,0.749615983654603
883,0.5601288532064624,0.4862344052011949,0.6495393581784286,0.6023642172523961,0.6834881345145786
884,0.5950183368024581,0.6315867158671588,0.6158518706220927,0.7143244586439474,0.7343625127698414
885,0.5387808504311626,0.4754102969601125,0.6759796557403753,0.6780248491302804,0.7358068027666594
886,0.5024085637823372,0.5897592690212616,0.6973230284711035,0.6448959886403975,0.7136708479174692
887,0.4904589156507087,0.6181338956246706,0.6324646599938459,0.6662790202342918,0.7684949171844384
888,0.4906987808504311,0.634524688104024,0.6265554127676519,0.6015363862264821,0.6409405302205624
889,0.46097730201209236,0.3646178176067475,0.5763666310702457,0.6404756833510827,0.6281777226976604
890,0.42948954306670634,0.25714988578457215,0.5859392930188781,0.587650692225772,0.5394275761584967
891,0.4277450688869065,0.2740818836759796,0.5846650618110735,0.5188626198083067,0.5650563547755021
892,0.4448409158489443,0.27114391143911437,0.5281847635251317,0.5514604188853389,0.592807355428648
893,0.4371434235305778,0.30755930416447025,0.5741845101268801,0.5459311324103656,0.5631699351878213
894,0.45216770740410345,0.2909365665085222,0.5710785715578562,0.5228299609513666,0.5930136825710506
895,0.4787709386460501,0.41680548234053766,0.6090506615504353,0.5711096911608093,0.6155770293580747
896,0.5453008226781644,0.4692250922509225,0.638883599703162,0.6382733404330847,0.8005050995628945
897,0.5310615521855485,0.5146090318046038,0.6392499411754059,0.5559275825346112,0.7051672221198775
898,0.6084507879869164,0.5558179581795818,0.608158699704972,0.5235015974440894,0.6421784930749778
899,0.6104787392209337,0.5769249692496925,0.7354066136943654,0.5685793397231097,0.5673554286479878
900,0.5224264049955396,0.39639430680021087,0.6609277995981827,0.5248761093361732,0.6252744050509956
901,0.5225790464862722,0.39894570374275173,0.6125388694818006,0.5095534256301029,0.6676598951616954
902,0.47327584497968084,0.36299420137058513,0.6696722112617423,0.5132239971600993,0.6205141431227077
903,0.5259153533551393,0.34134598488842033,0.6238635993411645,0.5666112886048988,0.6921833498015441
904,0.6468074140152641,0.3114250571077139,0.632576155224529,0.5120837770678025,0.6890737050124768
905,0.5579918723362077,0.31683711122825514,0.7093645133848576,0.5641434149804756,0.7446936075429988
906,0.5727108732282683,0.29085925144965735,0.6743231551702292,0.5993652822151224,0.6715801108673444
907,0.49804737833283774,0.4059040590405904,0.6355865264529675,0.6494881079162229,0.6550002512099948
908,0.5639448904747745,0.3504691618344756,0.6801527629459356,0.7133716719914802,0.6188340506774297
909,0.5553969669937556,0.32170795993674217,0.7181089250484172,0.6071593894213702,0.6854187670613455
910,0.6789929626325701,0.29820418204182036,0.6716791254140346,0.641678381256656,0.6467324278608632
911,0.7760947566656755,0.24949569495694957,0.6343441510253579,0.6360085197018105,0.6783741689136006
912,0.5647080979284369,0.35534001054296255,0.5867834711940487,0.6103457578984736,0.6518169181557837
913,0.4891723659431063,0.3361658759444737,0.5783735452225379,0.5922584309549165,0.6310515650382676
914,0.4925522846664685,0.2107608504656475,0.5432047638871291,0.5746553070642527,0.5584686238716484
915,0.5058975121419367,0.23774380600948866,0.5400988253181053,0.5321547745828896,0.601649947245901
916,0.4856398057290117,0.2517378316640309,0.5293952831725461,0.5563336883209088,0.5752695483244293
917,0.47909802755476266,0.25769109119662625,0.5441604372929827,0.542479233226837,0.5753579742426019
918,0.4988978094954901,0.24864522930943597,0.5933776176944379,0.5581611643592475,0.6322305772805681
919,0.5207255426702349,0.3905183623264804,0.6131919129758004,0.5447284345047924,0.6188340506774297
920,0.5744989592625632,0.28884905991917065,0.5885355391047802,0.6283081292154774,0.7984713034449265
921,0.6497512141936762,0.4315726585837286,0.6274314467230176,0.550054668086617,0.7625261677077926
922,0.6474179799781941,0.3788437884378844,0.6808058064399356,0.5717188498402556,0.705432499874395
923,0.5145544652591932,0.4187383588121596,0.6249785516479937,0.5644401845935392,0.6286788029006382
924,0.5104331450094163,0.3606747496046389,0.6503994642436968,0.6105488107916223,0.6284577381052068
925,0.4972623649519278,0.2843647865050079,0.7293540154572933,0.6239034433794818,0.651920081726985
926,0.45541679056398066,0.2717624319100334,0.6224300892323843,0.5666737664181754,0.6037574316290131
927,0.54002378828427,0.5069548409769813,0.590526525366975,0.6019424920127794,0.6170507946609503
928,0.4744097531965507,0.48816728167281676,0.7269648319426596,0.5429790557330493,0.5887397631927116
929,0.4782039845376152,0.5472359866455808,0.6851222646563738,0.5985686900958467,0.6046859037698247
930,0.5339399345822183,0.38162713055701986,0.6571369617549638,0.5388867589634362,0.6255544204585419
931,0.544537615224502,0.29665788086452294,0.7241774511755869,0.555209087681931,0.6108904556949306
932,0.5372980473783329,0.41355824986821293,0.7040605259823708,0.7220092296769612,0.6675125186314079
933,0.5506868867082961,0.31219820769636264,0.6626798675089142,0.727116790912318,0.6872167607308537
934,0.516429775002478,0.41263046916183443,0.6679679270213035,0.6838509052183173,0.6753234747366482
935,0.4904807215779562,0.26921103496749255,0.6409542254158446,0.5452282570110045,0.6417068881780578
936,0.46610169491525427,0.2515058864874363,0.6236883925500913,0.5416357827476038,0.6492820418348377
937,0.44856972940826645,0.2839008961518187,0.5536534597911273,0.5361064962726305,0.6235500996466313
938,0.4248012687084944,0.22444561588473022,0.5348585494760086,0.5476648917287895,0.5538704761266768
939,0.407858063237189,0.2360428747144614,0.5173378703686944,0.5085850195243167,0.5723887792868986
940,0.39307364456338584,0.21354419258478294,0.490451591884016,0.486920837770678,0.5505909061981881
941,0.4510119932599861,0.3253417677033913,0.5517898966497131,0.4892168974085907,0.5419919277855002
942,0.39817623153930026,0.22436830082586542,0.5532234067584934,0.43012850550230736,0.5379390732025925
943,0.44372881355932203,0.20596731681602526,0.5474893663233723,0.4967767128150515,0.5711135301703204
944,0.5127227673704035,0.46327183271832717,0.5767011167622943,0.5552715654952076,0.614899097318752
945,0.6682862523540488,0.45840098400984014,0.5671603105938569,0.4857181398651047,0.5924389141029291
946,0.4823253047873922,0.3271122825513969,0.6039855924994117,0.5041334753283635,0.5981423858250574
947,0.4365764694221429,0.2654303285890002,0.5905743090372676,0.5624877529286474,0.5529272663328365
948,0.49242144910298347,0.051337199086276576,0.608588752737606,0.5822932197373092,0.5811793471889601
949,0.4451898106849044,0.8277350202073448,0.6204072471899943,0.5551153709620164,0.5794255664785383
950,0.511610665080781,0.5481637673519592,0.6514984886604283,0.552288249911253,0.5356105240240493
951,0.4859450887104767,0.5565137937093657,0.6661999312204746,0.5985374511892083,0.6112736346736782
952,0.5917910595698285,0.4578597785977859,0.7218330250321272,0.5544749733759319,0.602858434794259
953,0.5508613341262761,0.3036935512212265,0.7539497040670419,0.6451615193468228,0.6217078930180369
954,0.5302329269501437,0.37149885784572123,0.7534688410649967,0.634446574369897,0.6929939207181257
955,0.5474159976211715,0.3905183623264804,0.6863646400839833,0.5809030883919063,0.672685434844501
956,0.5547209832490831,0.27021613073273587,0.6142431537222394,0.6857408590699325,0.6994195374386628
957,0.556116562592923,0.2944930592163065,0.5841712972180492,0.6880525381611643,0.6963835809147394
958,0.6225810288432947,0.4209804955192409,0.6745780014117901,0.5890095846645367,0.6550444641690811
959,0.6113073644563386,0.39886838868388685,0.5962127821318033,0.6147816826411076,0.6204109795515065
960,0.46725740905937163,0.353793709365665,0.5986816050969248,0.5541157259495917,0.6330853611562359
961,0.5072930914857766,0.2598559128448428,0.5690079458451736,0.5335605253816116,0.602681582957914
962,0.49442759440975315,0.3252644526445264,0.49605820919835647,0.5416670216542421,0.6317294970775905
963,0.4981782138963227,0.27400456861711475,0.5321508081594236,0.4990883919062833,0.5966538828691531
964,0.44440479730399446,0.20697241258126867,0.5018559611938678,0.4994632587859425,0.5357284252482792
965,0.4925086728119734,0.22761553329819015,0.483491103911383,0.4756748313809016,0.5763896099546147
966,0.4873842799088115,0.23209980671235284,0.537725569693569,0.468255591054313,0.5378359096313913
967,0.5187193973634651,0.21052890528905285,0.5065865445528425,0.5226581469648562,0.6110378322252181
968,0.5417682624640697,0.26062906343349146,0.525142536516498,0.5560993965211217,0.5922473246135553
969,0.4938388343740708,0.36508170795993683,0.541803109558544,0.5787007454739083,0.6695757900554337
970,0.7011477847160273,0.42198559128448426,0.6744983619613025,0.511787007454739,0.6387888328783642
971,0.5967846169095053,0.5824916534879635,0.6925765172220311,0.4968704295349663,0.6463345112290868
972,0.5377341659232827,0.598727815849587,0.722951003638075,0.504992545260916,0.6224595133225034
973,0.5324571315293884,0.43884027411702686,0.6671874604065232,0.5312488462903798,0.6802605885012812
974,0.6416830211121023,0.48028114566859953,0.617030534489312,0.5704692935747249,0.7559679121099965
975,0.5874516800475765,0.5248146195747673,0.594747416242828,0.5541938232161874,0.6874525631793137
976,0.768179205074834,0.2670462133192761,0.6368448297706745,0.5491799787007454,0.675765604327511
977,0.6146218653979582,0.4495870672992445,0.6356502380133577,0.5499609513667021,0.6960593525481067
978,0.6183506789572802,0.340959409594096,0.5638632373436624,0.6571728789492367,0.7128750146539165
979,0.6244563385865795,0.2753962396766824,0.7296407174790493,0.658953496627618,0.8254264708345197
980,0.5371454058876003,0.42391846775610614,0.7136968994913935,0.6945189918352859,0.7164857396459614
981,0.5533472098324909,0.4859251449657354,0.6848514905247154,0.6605779197728079,0.6585667632429536
982,0.5461948656953117,0.43381479529081,0.598028561602925,0.5749833155839544,0.6643439232302256
983,0.4808206958073149,0.4348198910560534,0.5891248710383898,0.5513198438054667,0.6065723233575053
984,0.4818019625334522,0.19158671586715867,0.5216384006950352,0.5150670926517572,0.5848342851400915
985,0.45293091485776593,0.2257599718854331,0.5530163441872251,0.5127397941072063,0.5328840582137295
986,0.45620180394489046,0.26178878931646465,0.5266397581856684,0.5455562655307064,0.5630815092696488
987,0.443554366141342,0.3225584255842558,0.49658382957157593,0.5289527866524671,0.5948116762405588
988,0.45997422935870746,0.20759093305218762,0.5225940741008888,0.46383528576499816,0.5415055852355514
989,0.4425294875607097,0.1962256193990511,0.5239798005393762,0.4854369897053603,0.6098440823298891
990,0.5047417979978194,0.25251098225267965,0.553557892450542,0.4661938232161874,0.5439815109443821
991,0.4902844682327287,0.3156000702864171,0.5147734800629876,0.5082101526446574,0.5413287333992063
992,0.5252175636832194,0.1833140045686171,0.5464062697967385,0.5178004969826057,0.5372316658572123
993,0.5402200416294974,0.2507327358987876,0.5759843617079042,0.5527255946041888,0.5604434693775016
994,0.5026920408365547,0.3800808293797223,0.5557081576137125,0.6222009229676961,0.567222789770729
995,0.5806918426008524,0.25513969425408534,0.6954116816593965,0.5826056088036918,0.6026521076518565
996,0.575850926751908,0.32093480934809343,0.733877536245,0.5374185303514376,0.6224153003634171
997,0.5828288234711072,0.34018625900544724,0.6631417763217434,0.561503727369542,0.6085766441694159
998,0.7456536822281692,0.3031523458091724,0.6955231768900795,0.5594419595314163,0.6886757883807004
999,0.5727980969372584,0.4743278861360042,0.7599992760049956,0.5876350727724529,0.5929547319589356
1000,0.5847477450688868,0.4292532068177824,0.676967184926424,0.5216897408590698,0.6390835859389392
1001,0.5971117058182178,0.38912669126691274,0.5593715723361509,0.5680638977635782,0.7068325769121268
1002,0.5570106056100703,0.46984361272184155,0.5993824322612175,0.5746396876109335,0.7966733097754183
1003,0.6004044008325898,0.3370163415919873,0.57757715071766,0.6390074547390842,0.762983034951684
1004,0.5804301714738824,0.33415568441398696,0.6239113830114572,0.7099197728079517,0.8268265478722514
1005,0.6894161958568737,0.35796872254436835,0.6702296874151569,0.7313809016684416,0.7707055651387518
1006,0.6406145306769749,0.3686382006677209,0.581654690582635,0.6253091941782036,0.7671243154527642
1007,0.5868629200118941,0.35510806536636796,0.5696928451193687,0.6093617323393681,0.6776078109561053
1008,0.5724055902468035,0.4822140221402214,0.5454983800611776,0.5503982960596379,0.638921471755623
1009,0.46533848746159184,0.4676787910736251,0.49602635341816137,0.49130990415335457,0.614840146706637
1010,0.504414709089107,0.32279037076085043,0.48756864377635795,0.463226127085552,0.5983929259265462
1011,0.4848547923481019,0.3424283957125286,0.494417636518308,0.47878310259140927,0.5963296545025205
1012,0.464291802953712,0.2914777719205764,0.5074466506181108,0.4798296059637912,0.5793960911724808
1013,0.5119159480622459,0.31150237216657883,0.5228648482325471,0.43840681576144835,0.5703619098658539
1014,0.476001585885618,0.29967316816025297,0.5181501927636698,0.49990060347887827,0.5678417711979368
1015,0.5467836257309941,0.2968125109822527,0.5921193143767307,0.4906851260205893,0.6501515633635344
1016,0.5696144315591237,0.32596028817431033,0.5880577024018535,0.5846673766418176,0.7143193046507345
1017,0.5945168004757656,0.3074819891056053,0.627128816811164,0.5816372026979055,0.6779173016697092
1018,0.5553969669937556,0.33353716394306804,0.5942058679795109,0.6504721334753284,0.6615585068077909
1019,0.5656457528000793,0.4078369355122123,0.6965744176365182,0.6131104011359603,0.6218847448543819
1020,0.5586024382991377,0.44162361623616236,0.6053713189378993,0.6612183173588924,0.6000140677597093
1021,0.5625056992764397,0.2843647865050079,0.7187619685424169,0.5930237841675541,0.5695513389492723
1022,0.5545465358311031,0.2959620453347391,0.7114510669876377,0.5690166844160454,0.5956517224631978
1023,0.563792248984042,0.0,0.6728259335010588,0.581340433084842,0.6099472459010903
1024,0.6286648825453464,0.07777894921806355,0.653091277670184,0.5847142350017749,0.6692810369948585
1025,0.6546357418971157,0.6685433140045687,0.7085840467700774,0.5785601703940362,0.8137247743296879
1026,0.5774645653682228,0.4474995607098929,0.643215985809698,0.5578487752928648,0.7525635142603541
1027,0.5608048369511349,0.5471586715867159,0.6216336947275064,0.6817735179268726,0.6727443854566161
1028,0.61983348201011,0.49976454050254787,0.5853181053050733,0.7408150514731985,0.713022391184204
1029,0.7562731687977005,0.5512563697065542,0.6158518706220927,0.667809726659567,0.6700621326053826
1030,0.6239766081871344,0.6427200843437006,0.6667096237035964,0.6283237486687965,0.6880420693004639
1031,0.5985072851620576,0.3131259884027411,0.6411294322069178,0.6304792332268371,0.725180954932927
1032,0.4975676479333928,0.37861184326128977,0.6114239171749715,0.5841675541356052,0.667939910569242
1033,0.5136822281692932,0.32418204182041815,0.547537149993665,0.5708129215477459,0.6449786471504413
1034,0.44885320646248383,0.30477596204533475,0.5867197596336585,0.5528817891373801,0.59526854348445
1035,0.46769352760432154,0.28366895097522404,0.5349859725967891,0.5197685481008165,0.5912746395136574
1036,0.4883873525621964,0.324877877350202,0.5428065666346902,0.49369968051118207,0.5691092093584097
1037,0.4607374368123699,0.410465647513618,0.5427906387445927,0.4891231806886759,0.5466048131835005
1038,0.4816711269699672,0.311966262519768,0.5561541385364441,0.5108810791622294,0.5905524945152484
1039,0.5448865100604618,0.3053944825162537,0.6182091983565313,0.48014199503017385,0.5825352112676057
1040,0.6586698384379026,0.5976454050254789,0.6862850006334957,0.563721689740859,0.6866567299157609
1041,0.6266587372385767,0.6095519240906695,0.6280685623269199,0.5081476748313809,0.6435638324596809
1042,0.583221330161562,0.3904410472676155,0.6790696664193017,0.5433179978700745,0.6116715513054546
1043,0.5529983149965308,0.3868845545598313,0.7729486506543105,0.5380011359602414,0.6297841268777947
1044,0.5950401427297056,0.33817606747496043,0.7006201017212981,0.5316861909833155,0.5885629113563665
1045,0.5930339974229358,0.260938323668951,0.6323690926532607,0.47461270855520055,0.5174537354926229
1046,0.5984418673803152,0.41224389386751004,0.6447450632590634,0.45155839545615895,0.4948019627874261
1047,0.5592566161165625,0.26341240555262696,0.6500171948813553,0.4797202697905574,0.5140935506020667
1048,0.6267023490930717,0.2576137761377613,0.6039218809390214,0.48495278665246716,0.5784528813786405
1049,0.5749350778075131,0.3236408364083641,0.7126138029647595,0.5294994675186369,0.6277650684128552
1050,0.5897413024085638,0.3374029168863117,0.7633759887056779,0.6688874689385871,0.712536048634255
1051,0.5616770740410347,0.3511649973642593,0.7142384477547105,0.5748895988640397,0.5859690844233056
1052,0.5606303895331549,0.6422561939905114,0.7411087983492914,0.5966631167909123,0.6342348980924787
1053,0.5269620378630191,0.7758566157090142,0.7381939944614382,0.6245594604188852,0.6387298822662492
1054,0.5899593616810388,0.6488279739940256,0.6523267389455013,0.5782165424210152,0.6505052670362246
1055,0.5572722767370404,0.4387629590581619,0.6009752212709732,0.5243450479233227,0.5839058129992798
1056,0.5142055704232332,0.34845897030398876,0.626189071295408,0.5174568690095845,0.6064544221332753
1057,0.4851382694023194,0.4475768757687577,0.5237727379681081,0.577263755768548,0.5553884543886387
1058,0.42386361383685195,0.18679318221753638,0.5070803091458668,0.5348413205537805,0.5431856776808294
1059,0.43869164436515007,0.2532068177824635,0.47998696808992014,0.46069577564785236,0.5718651504747869
1060,0.42139954405788477,0.29194166227376556,0.4719752393708484,0.4360638977635782,0.5362295054512569
1061,0.44595301813856675,0.19769460551748372,0.5055830874766964,0.45158963436279725,0.5604434693775016
1062,0.43555159084151057,0.2487225443683008,0.4879668410287969,0.4787206247781327,0.5770528043409088
1063,0.5131588859153534,0.23256369706554203,0.514216003909573,0.47045793397231095,0.5649974041633871
1064,0.6056814352264843,0.23882621683359692,0.5800778294629766,0.5499765708200213,0.6250533402555642
1065,0.592292595896521,0.26495870672992444,0.5810335028688302,0.5248448704295349,0.5514387633769322
1066,0.4884745762711864,0.27183974696889823,0.5929634925519014,0.5254540291089811,0.624051179849609
1067,0.4802319357716324,0.27091196626251973,0.6767441944650582,0.4774398296059638,0.5528830533737503
1068,0.5445594211517494,0.2733087330873309,0.6055624536190699,0.42110046148384805,0.5488449364438713
1069,0.5495311725641788,0.30624494816376735,0.5486680301905917,0.40723038693645713,0.49608413860092787
1070,0.4902844682327287,0.2341099982428396,0.5813042770004887,0.43192474263400776,0.5230098306844635
1071,0.5215105560511448,0.18215427868564396,0.6607207370269145,0.40223216187433436,0.5141819765202392
1072,0.5756764793339281,0.20882797399402567,0.6825419464605693,0.4137280795172168,0.594192694813351
1073,0.6132262860541183,0.20078720787207868,0.7287487556335861,0.4489811856585019,0.5683870643600007
1074,0.6774229358707503,0.2648040766121947,0.6777954352114971,0.5540063897763579,0.6471450821456683
1075,0.6134443453265933,0.3210894394658232,0.6513710655396479,0.5639091231806886,0.6216931553650081
1076,0.7505818217861036,0.4041258126866983,0.6736223280059368,0.6617806176783813,0.5293175461807706
1077,0.63934978689662,0.3059356879283078,0.6539036000651596,0.6416315228966986,0.6582867478354072
1078,0.7536782634552482,0.3881989105605341,0.644474289127405,0.5428072417465388,0.5573043492823767
1079,0.651713747645951,0.28189070462133187,0.6901873337073975,0.5489769258075967,0.5826973254509219
1080,0.5507959163445337,0.2961166754524688,0.6075534398812648,0.5368562300319489,0.5136219457051464
1081,0.5705302805035187,0.22498682129678435,0.5410704266140564,0.49429321973730916,0.4667119961146187
1082,0.4879512340172465,0.23480583377262346,0.5027638509294287,0.5153951011714589,0.5045730267454909
1083,0.5156229556943205,0.20681778246353894,0.4760049955655306,0.5197685481008165,0.5297302004655758
1084,0.48980473783328377,0.17573712879985942,0.46697388188021505,0.5025559105431309,0.5307028855654736
1085,0.4741916939240757,0.2242909857670005,0.48854024507230903,0.4714575789847355,0.5188538125303546
1086,0.448504311626524,0.20186961869618694,0.4627848467845572,0.45938374156904505,0.49787815310411815
1087,0.6849023689166418,0.22777016341591988,0.5241072236601567,0.46614696485623,0.5862825543032273
1088,0.6782297551789077,0.5538850817079599,0.575379101884197,0.593117500887469,0.5710693172112342
1089,0.61974625830112,0.2735406782639254,0.5958942243298521,0.4671778487752928,0.6511831990755472
1090,0.5515373178709485,0.25251098225267965,0.5851110427338052,0.5245982392616257,0.6027700088760866
1091,0.6274437506194865,0.25405728342997713,0.6321142464116998,0.522404955626553,0.595872787258629
1092,0.5582971553176727,0.2269970128272711,0.6546362830096473,0.5762172523961661,0.6263649913751235
1093,0.535335513926058,0.28745738885960287,0.6952524027584209,0.5394646787362442,0.639702567366147
1094,0.4973713945881653,0.25676331049024775,0.6015008416441927,0.5611913383031594,0.5857774949339318
1095,0.5654931113093469,0.28421015638727815,0.5952730366160472,0.5575832445864394,0.6318621359548492
1096,0.5282485875706214,0.44324723247232467,0.6652761135948162,0.5295150869719559,0.5442173133928422
1097,0.5422479928635148,0.6841609558952733,0.6289445962822857,0.6294171104011358,0.5739873725109277
1098,0.4817583506789572,0.4238411526972412,0.7478622237506561,0.5339978700745475,0.6410879067508499
1099,0.5493349192189513,0.33052187664733795,0.6393295806258937,0.5845892793752218,0.6648450034332033
1100,0.5349430072356032,0.3644631874890178,0.6152306829082879,0.5842925097621583,0.6473071963289846
1101,0.5942115174943007,0.7652644526445265,0.6240388061322376,0.6369769258075967,0.6925075781681767
1102,0.5567489344831004,0.36299420137058513,0.5955756665279011,0.5733432729854455,0.6812774865602653
1103,0.4992248984042025,0.33833069759269024,0.6532505565711596,0.5509605963791268,0.6541307296812983
1104,0.5306036277133511,0.2743911439114391,0.5932024109033648,0.5709691160809371,0.662933677211904
1105,0.4717712359996035,0.24199613424705674,0.5864489855020001,0.49832303869364575,0.564933884878833
1106,0.4708117752007137,0.25521700931295027,0.5017285380730874,0.4884671636492723,0.5323829780107519
1107,0.4455823173753593,0.18973115445440167,0.5036558127748918,0.4564316648917288,0.5090237979601749
1108,0.45984339379522254,0.2302442452995959,0.5048344766421111,0.4470287539936102,0.5343725611696337
1109,0.43725245316681527,0.22490950623791953,0.5174812213795724,0.44771600993965216,0.5191485655909296
1110,0.432019030627416,0.3210894394658232,0.4904197361038209,0.421334753283635,0.5065331345983152
1111,0.5644900386559619,0.2549077490774908,0.47070100816304367,0.44502946396876114,0.5001222555308068
1112,0.6605669541084349,0.4982182393252504,0.5303987402486923,0.5878225062122825,0.5856890690157592
1113,0.6207275250272574,0.5287576875768758,0.5513279878368839,0.5294682286119986,0.5789981745407043
1114,0.5872554267023491,0.32054823405376903,0.5100428967040127,0.4532765353212637,0.596477031032808
1115,0.5486589354742789,0.27825689685468286,0.5033213270828432,0.47037983670571526,0.6530548810101992
1116,0.5189592625631876,0.30740467404674043,0.5170989520172311,0.5064763933262336,0.5832278809599571
1117,0.5010784022202399,0.29178703215603585,0.5526659306050788,0.5285623003194888,0.5868680812580596
1118,0.47486767766874816,0.28374626603408887,0.5921989538272185,0.5425729499467519,0.5412403074810337
1119,0.4943839825552582,0.3193111931119311,0.5452116780394215,0.503149449769258,0.4964083669675604
1120,0.607120626424819,0.3761377613776138,0.5044362793896723,0.49919772807951723,0.5070636901073504
1121,0.5161899098027555,0.41525918116324023,0.6346945646075042,0.5794660986865459,0.6172423841503241
1122,0.5231460005947072,0.5893726937269373,0.6478510018280874,0.5377465388711394,0.6979162968297299
1123,0.7511487758945387,0.40087858021437356,0.6623453818168655,0.5874632587859424,0.5877670780928137
1124,0.6373436415898504,0.49241960991038486,0.6517374070118916,0.6512374866879659,0.6739233976989165
1125,0.6140331053622757,0.36678263925496396,0.6826215859110573,0.6750727724529642,0.6784183818726868
1126,0.6695728020616513,0.3068634686346863,0.6058810114210211,0.6681377351792688,0.6622511765001424
1127,0.5616552681137873,0.32557371287998593,0.6139132871183188,0.6409755058572949,0.6052901475440036
1128,0.48830012885320645,0.30972412581268677,0.5657381092870459,0.579231806886759,0.6544402203949021
1129,0.5224045990682922,0.34969601124582667,0.5882806928632193,0.5496641817536386,0.5991445462310128
1130,0.4916800475765685,0.330444561588473,0.5383945410776666,0.5577082002129925,0.5905672321682772
1131,0.4545009416195857,0.2963486206290635,0.5509138626943474,0.5673610223642171,0.5791160757649345
1132,0.4858360590742393,0.43969073976454054,0.49511846368260054,0.5273908413205538,0.5858069702399893
1133,0.4784438497373376,0.33500615006150064,0.5049459718727941,0.5499609513667021,0.5882681582957913
1134,0.4734720983249083,0.27616939026533116,0.52225958840884,0.5273283635072773,0.5598687009093801
1135,0.5499236792546338,0.3410367246529608,0.532644572752448,0.5265473908413204,0.6088124466178763
1136,0.6016255327584498,0.33052187664733795,0.5125276475592317,0.5473212637557685,0.5750779588350555
1137,0.6645792447219744,0.32781584958706733,0.5661727814078082,0.5933361732339368,0.6383467032875014
1138,0.5971335117454654,0.3731224740818837,0.5800619015728791,0.5359971600993965,0.6411900386863392
1139,0.6605233422539399,0.28977684062554915,0.6407312349544787,0.5456812211572594,0.6372424109460568
1140,0.7432550302309445,0.31544544016868736,0.673001140292132,0.510615548455804,0.7037081944700306
1141,0.5726454554465259,0.3060130029871727,0.6531549892305742,0.6010834220802271,0.6886905260337292
1142,0.5996629993061751,0.37443683008258655,0.5449249760176654,0.567095491657792,0.7775585737971228
1143,0.5958469620378629,0.311966262519768,0.6412409274376007,0.5633936812211572,0.7157930699536099
1144,0.6244345326593319,0.37876647337901953,0.5549914025593223,0.5699538516151934,0.6662303428179063
1145,0.5134641688968182,0.31776489193463364,0.5655834494741986,0.6036137735179269,0.7050345832426186
1146,0.5839845376152245,0.43072219293621505,0.6857753081503737,0.6715271565495208,0.7449146723384301
1147,0.5291644365150163,0.350159901599016,0.7313450017194881,0.7379254526091586,0.7698507812630839
1148,0.5610447021508573,0.45121068353540683,0.6690350956578399,0.6966744763933262,0.6673651421011205
1149,0.5495093666369313,0.44688104023897385,0.6669644699451573,0.6178118565850196,0.6839744770645274
1150,0.5992922985429676,0.30400281145668595,0.6489500262448189,0.544915867944622,0.7078936879301971
1151,0.5488333828922589,0.4345879458794588,0.5853977447555612,0.5058672346467873,0.6043174624441059
1152,0.496302904153038,0.5118256896854683,0.5800619015728791,0.5200340788072416,0.573663144144295
1153,0.4764158985033204,0.30972412581268677,0.516700754764792,0.5116932907348242,0.5687702433387484
1154,0.495561502626623,0.25521700931295027,0.48814204781987003,0.4672871849485268,0.5418003382961263
1155,0.4989414213499851,0.2111474257599719,0.5089279443971837,0.4535889243876464,0.5259278859841571
1156,0.47765883635642775,0.26866982955543844,0.5282006914152292,0.4317060702875399,0.5181316675319455
1157,0.471880265635841,0.24941837989808469,0.528280330865717,0.42577067802626906,0.532132437909263
1158,0.45777183070671024,0.21965208223510807,0.506283914640989,0.446544550940717,0.5309386880139338
1159,0.5261988304093568,0.252279037076085,0.5629234918279064,0.4267078452254171,0.5529420039858652
1160,0.5157537912578055,0.44015463011772976,0.5164936921935238,0.44228044018459356,0.5510703220512134
1161,0.6304747745068887,0.2900861008610086,0.5289333743597169,0.4554007809726659,0.5898893001289546
1162,0.643558330855387,0.30879634510630827,0.5922785932777064,0.5221606673766418,0.6476609000016748
1163,0.5876261274655565,0.3172236865225795,0.5987453166573151,0.526701242456514,0.7257851987071059
1164,0.5046763802160769,0.5470040414689862,0.5798389111115133,0.486920837770678,0.7125507862872836
1165,0.5334383982555259,0.3565770514848005,0.5751401835327337,0.503274405395811,0.6480588166334511
1166,0.4905897512141937,0.8008293797223689,0.6043678618617532,0.569782037628683,0.6520969335633301
1167,0.5542194469223908,0.6297311544544016,0.5979648500425347,0.5909463968761093,0.5693007988477835
1168,0.4766775696302904,0.27810226673695304,0.559403428116346,0.6436151934682286,0.5518219423556798
1169,0.5309525225493111,0.5161553329819013,0.612268095350142,0.619858004969826,0.5453226373699989
1170,0.5215105560511448,0.39144614303285885,0.5759365780376114,0.6144068157614483,0.5853648406491266
1171,0.5107166220636337,0.28939026533122475,0.651976325363355,0.6009272275470358,0.5772001808711963
1172,0.7349251660224007,0.3033069759269021,0.6796271425727162,0.6091586794462194,0.5325450921940681
1173,0.5550262662305481,0.2856018274468459,0.7213741425184166,0.54621228257011,0.5512913868466447
1174,0.5609138665873723,0.5978773502020734,0.6040652319498995,0.5590514731984381,0.5850553499355228
1175,0.49340271582912076,0.6857072570725707,0.5807627287371717,0.5758736244231452,0.5653068948769908
1176,0.4667340668054316,0.45237040941837986,0.5283121866459121,0.48264110756123535,0.5371432399390398
1177,0.4600614530676974,0.302765770514848,0.47178410468967763,0.4865303514376997,0.5273427006749175
1178,0.40426008524135193,0.2516605166051661,0.48408043584499266,0.4590557330493433,0.47758838404984005
1179,0.4239726434730895,0.20565805658056577,0.49382830458469834,0.456337948171814,0.5244099077221952
1180,0.423558330855387,0.25050079072219295,0.4581816865463628,0.4387660631877884,0.4972042002311132
1181,0.49695708197046284,0.2237497803549464,0.5225303625404983,0.44388924387646433,0.5101880725494465
1182,0.46176231539300217,0.24447021613073275,0.47688102952089634,0.4318154064607739,0.5159799701897473
1183,0.5337000693824957,0.3300579862941486,0.5095650600010859,0.48289101881434143,0.5353599839225603
1184,0.5277470512439291,0.30810050957652435,0.501489619721624,0.5877600283990061,0.630123092897456
1185,0.5611755377143424,0.28049903356176414,0.4972528009556734,0.588681576144835,0.5745326656729915
1186,0.5582753493904252,0.2491091196626252,0.5118586761751345,0.5909620163294285,0.5557716333673862
1187,0.5307562692040837,0.31289404322614656,0.5807308729569767,0.6757131700390486,0.6243901458692703
1188,0.5822836752899196,0.28165875944473723,0.6021379572480949,0.5824025559105431,0.5944432349148399
1189,0.520376647834275,0.3289755754700404,0.5935846802657062,0.6089243876464323,0.5524261861298588
1190,0.4572921003072653,0.3768335969073976,0.6439645966442832,0.6303855165069223,0.6029026477533452
1191,0.524367132520567,0.2828958003865753,0.6606570254665243,0.5678296059637912,0.576492773525816
1192,0.7519774011299435,0.3159093305218767,0.6580448514905247,0.5773574724884628,0.5713640702718092
1193,0.600186341560115,0.3643085573712879,0.6170783181596047,0.608080937167199,0.6693547252600024
1194,0.6829180295371197,0.33786680723950097,0.6459396550163804,0.6399602413915513,0.7272442263569526
1195,0.576112597878878,0.3072500439290107,0.6864442795344712,0.632806531771388,0.6998027164174105
1196,0.5815422737635049,0.3595150237216658,0.7157993809842711,0.575748668796592,0.6295483244293346
1197,0.7017365447517098,0.49922333509049377,0.6362554978370649,0.5671423500177494,0.7210101991257893
1198,0.5987471503617801,0.4862344052011949,0.6043678618617532,0.5687667731629392,0.7146287953643383
1199,0.7058142531469919,0.6414057283429977,0.6236883925500913,0.6352900248491303,0.6528485538677965
1200,0.5009257607295073,0.34799507995079954,0.6631258484316458,0.5630031948881788,0.6899579641942021
1201,0.4720329071265734,0.27616939026533116,0.6152784665785805,0.5299368122115725,0.5161715596791211
1202,0.45345425711170584,0.25158320154630115,0.5538605223623957,0.4765651402200923,0.5315134564820553
1203,0.47129150560015853,0.2300896151818661,0.5258115079005954,0.4432176073837415,0.5246751854767129
1204,0.5091247893745663,0.28227727991565627,0.5331224094553747,0.4751750088746894,0.5498765721558841
1205,0.4761760333035979,0.2538253382533825,0.5737385292041485,0.4332055378061767,0.5782907671953241
1206,0.4691545247299039,0.2716078017923036,0.5174812213795724,0.45443237486687965,0.5423456314581903
1207,0.5431420358806621,0.2843647865050079,0.5537649550218103,0.5003691870784522,0.6160044212959086
1208,0.5691783130141739,0.41324898963275347,0.5757454433564408,0.5160823571175008,0.7123444591448812
1209,0.6523461195361284,0.5324688104023897,0.5489706601024453,0.6091118210862619,0.6674683056723216
1210,0.5266131430270592,0.43879388508170797,0.6653876088254991,0.6574540291089811,0.6547791864145635
1211,0.5372108236693428,0.5457360745036022,0.6042245108508751,0.5726716364927228,0.6572108991643082
1212,0.48574883536524927,0.40350729221577936,0.6542380857572082,0.5789818956336528,0.6821175327829043
1213,0.5265259193180692,0.40149710068529254,0.6629506416405727,0.5887128150514732,0.5880176181943025
1214,0.49577956189909805,0.2548304340186259,0.6464652753895999,0.5804969826056088,0.6644765621074845
1215,0.524061849539102,0.2471762431910033,0.6081746275950696,0.6188115015974441,0.6622511765001424
1216,0.7574070770145703,0.23813038130381298,0.6793245126608626,0.596866169684061,0.6328567801577599
1217,0.6949330954504906,0.28459673168160254,0.6546522108997448,0.6054412495562655,0.6690232754433857
1218,0.571773218356626,0.3323774380600949,0.6230034932758963,0.6256372026979056,0.6566508683492154
1219,0.727576568539994,0.5105113336847654,0.6011822838422415,0.6550017749378771,0.6377866724724088
1220,0.6314996530875211,0.4543032858900018,0.6194515737841408,0.7124657436989705,0.6821470080889619
1221,0.7663038953315492,0.7140045686171147,0.6186870350594581,0.7129655662051828,0.7009964663127396
1222,0.8393755575379126,0.4869302407309788,0.6486792521131605,0.7364728434504793,0.7224987020816935
1223,0.628773912181584,0.3517835178351783,0.6625524443881338,0.6452396166134186,0.6189814272077171
1224,0.5319337892754484,0.2646494464944649,0.6252333978895545,0.6027234646787363,0.6766351258562074
1225,0.5084051937753991,0.26751010367246525,0.5926767905301453,0.5635811146609869,0.6308452378958651
1226,0.47041926851025867,0.23990862765770515,0.572241307534978,0.5137706780262691,0.5899040377819833
1227,0.46222023986519967,0.2410683535406782,0.5684186139115639,0.4819226127085552,0.609062986719365
1228,0.43842997323818017,0.25815498154981553,0.5186439573566941,0.4630543130990415,0.5784381437256118
1229,0.43352363960749324,0.21833772623440517,0.6029502796430704,0.500697195598154,0.6113178476327644
1230,0.4611299435028248,0.3174556316991742,0.528168835635034,0.5130990415335464,0.626276565456951
1231,0.532173654475171,0.32317694605517483,0.5826900034389763,0.549945331913383,0.6057175394818376
1232,0.5500109029636238,0.3947706905640485,0.5695335662183931,0.5472431664891729,0.7273916028872403
1233,0.5863395777579542,0.4114707432788614,0.5794725696392694,0.6021767838125665,0.6835765604327511
1234,0.5207037367429874,0.29627130557019854,0.5571735235026878,0.4910599929002485,0.6583751737535798
1235,0.5732560214094559,0.395698471270427,0.5808264402975619,0.4843436279730209,0.6760456197350572
1236,0.5270492615720092,0.3791530486733439,0.5697247008995637,0.5862137025204117,0.7067146756878968
1237,0.5421607691545247,0.3115796872254437,0.5257000126699126,0.5423825488107915,0.5937947781815746
1238,0.5423352165725046,0.3313723422948515,0.585620735216927,0.5102748881789138,0.6182887575153657
1239,0.5665179898899791,0.33230012300122996,0.6337707469818458,0.5749520766773163,0.5524261861298588
1240,0.5161026860937655,0.39384290985767006,0.5921352422668283,0.5285154419595315,0.5593234077473163
1241,0.6321538309049459,0.33724828676858193,0.6859027312711543,0.6086588569400071,0.702543919880759
1242,0.6067063138071167,0.4082235108065367,0.6107708736809715,0.636320908768193,0.7639557200515819
1243,0.5653404698186143,0.35201546301177294,0.6339618816630165,0.6057848775292864,0.7161025606672139
1244,0.6123104371097234,0.517547004041469,0.6016441926550706,0.5714533191338304,0.7362194570514645
1245,0.5987035385072851,0.35402565454225965,0.639711849988235,0.5580362087326943,0.7255641339116746
1246,0.567695509961344,0.3759058162010191,0.6198656989266774,0.5872289669861555,0.6186129858819984
1247,0.5246942214292795,0.3690247759620453,0.613924595920288,0.5536940007099751,0.5863080504429671
1248,0.5133333333333334,0.29588473027587414,0.6153421781389709,0.5374966276180333,0.5948853645057025
1249,0.511392605808306,0.27647865050079073,0.5550710420098101,0.5078196663116791,0.5580854448929008
1250,0.5049380513430468,0.2319451765946231,0.5240116563195715,0.5344039758608449,0.5234077473162398
1251,0.4578808603429478,0.2726902126164119,0.5132762583938171,0.5362158324458643,0.49596623737669776
1252,0.5145762711864407,0.3454436830082587,0.5174015819290847,0.4874050408235711,0.5146388437641306
1253,0.47811676082862514,0.2334141627130557,0.4914391210700646,0.46750585729499466,0.5159062819246035
1254,0.5174328476558628,0.26039711825689676,0.5091987185288421,0.4928406105786297,0.5442762640049572
1255,0.5471107146397066,0.27361799332279035,0.5533189740990786,0.49113809016684407,0.5439667732913533
1256,0.5939280404400832,0.2472535582498682,0.5714289851400025,0.5215335463258786,0.6633417628242703
1257,0.6422499752205372,0.32449130205587773,0.5645481366178574,0.485749378771743,0.631508432282159
1258,0.576417880860343,0.2896222105078194,0.5766851888721968,0.5246574369897054,0.611774714876656
1259,0.5722747546833185,0.29348796345106304,0.6110983511013773,0.5188938587149449,0.6356791880892969
1260,0.5468926553672316,0.27848884203127744,0.6009663016525186,0.503742988995385,0.5746947798563079
1261,0.5254356229556942,0.3610613248989632,0.5367956994696736,0.4753780617678381,0.5697281907856174
1262,0.5141619585687383,0.41982076963626774,0.508599511303372,0.40862051828186013,0.5973907655205908
1263,0.508317970066409,0.3461395185380425,0.5456895147423483,0.4309407170749023,0.5673406909949591
1264,0.583177718307067,0.49435248638200663,0.6482332711904287,0.5151920482783103,0.5418445512552126
1265,0.5842462087421945,0.4629625724828677,0.5604068851924922,0.5786695065672701,0.508110063472392
1266,0.5765051045693329,0.4975997188543314,0.6155492407102391,0.6281987930422435,0.574031585470014
1267,0.6322628605411835,0.41224389386751004,0.6438053177433076,0.6122981895633652,0.6179203161896468
1268,0.6297115670532263,0.43064487787735023,0.6069641079476551,0.6220291089811856,0.6234469360754299
1269,0.6784914263058777,0.24957301001581447,0.6680316385816938,0.563253106141285,0.6273229388219926
1270,0.6065754782436317,0.33918116324020375,0.666868902604572,0.6066751863684772,0.7192122054562812
1271,0.6010585786500148,0.2451660516605166,0.6464812032796974,0.5580362087326943,0.5896240223744369
1272,0.5020596689463772,0.23387805306624496,0.6387099857010986,0.5549904153354632,0.599070857965869
1273,0.5384755674496976,0.2733860481461957,0.6189084327318142,0.5892907348242811,0.5904198556379896
1274,0.46784616909505394,0.2771744860305746,0.601341562743217,0.6043791267305645,0.5873544238080086
1275,0.49109128754088616,0.2539026533122474,0.5663161324186863,0.594054668086617,0.572042002311132
1276,0.4787927445732977,0.2974310314531716,0.5749012651812703,0.5630500532481363,0.6122315821205474
1277,0.4951471900089206,0.2685151994377087,0.5322304476099115,0.5092566560170394,0.6095935422284001
1278,0.4577064129249677,0.31003338604814623,0.5482698329381527,0.5696727014554491,0.58070774229204
1279,0.6306056100703737,0.30926023545949743,0.5478875635758114,0.5436663116790912,0.6246259483177304
1280,0.6334839924670432,0.3955438411526972,0.575092399862441,0.5543031593894213,0.7513255514059386
1281,0.7332897214788383,0.32302231593744507,0.6015326974243876,0.5963194888178913,0.7357625898075731
1282,0.5989652096342551,0.3210894394658232,0.6428177885572588,0.5901029463968761,0.6700031819932676
1283,0.5328278322925959,0.287380073800738,0.623704320440189,0.5541625843095491,0.6472924586759559
1284,0.5310179403310535,0.2968125109822527,0.6197223479157994,0.48752999645012424,0.6232700842390849
1285,0.5461512538408168,0.26039711825689676,0.6198975547068725,0.4954178203762868,0.6038900705062719
1286,0.5449301219149568,0.22800210859251444,0.6523585947256964,0.5102094426695065,0.5605171576426454
1287,0.5757418971156705,0.21903356176418906,0.6553211822838422,0.5067419240326587,0.5538410008206194
1288,0.6330260679948458,0.2017149885784572,0.6887697514887148,0.5109123180688676,0.6013846694913835
1289,0.6675666567548816,0.23581092953786675,0.6769194012561314,0.5108186013489527,0.5796761065800272
1290,0.6125284963821984,0.3410367246529608,0.719303516805734,0.5314050408235712,0.7112096598616672
1291,0.6930795916344533,0.22769284835705497,0.7186504733117342,0.5952573659921901,0.6792142151362396
1292,0.6716879770046585,0.2636443507292216,0.7033460008325942,0.667356762513312,0.7382090402103466
1293,0.5955416790563981,0.23117202600597433,0.6636651667903491,0.6531430599929002,0.7014828088626887
1294,0.5767667756963029,0.24060446318748901,0.6582837698419881,0.5830429534966276,0.6746897556564118
1295,0.5775954009317078,0.26418555614127565,0.6188781697406287,0.6272460063897763,0.6312873674867278
1296,0.5453226286054118,0.2627938850817079,0.5976144364603885,0.5382463613773517,0.5584833615246773
1297,0.5287065120428188,0.2708346512036549,0.5610121450161994,0.5434632587859425,0.5401202458508483
1298,0.5098879968282287,0.29750834651203656,0.5184846784557187,0.510256301029464,0.5244541206812815
1299,0.48311031816830213,0.2810402389738183,0.553414541439664,0.5033368832090876,0.4946398486041098
1300,0.4894994548518188,0.36399929713582846,0.5217976795960108,0.5018686545970891,0.48500142352330394
1301,0.4660362771335117,0.26921103496749255,0.553127839417908,0.5189407170749023,0.520813920383179
1302,0.48880166517989887,0.26024248813916706,0.5292041484913754,0.5089442669506568,0.4575599135837618
1303,0.5427713351174547,0.27183974696889823,0.5548161957682491,0.5404174653887114,0.5461479459396091
1304,0.5788165328575676,0.27013881567387105,0.5421853789208855,0.5561150159744409,0.616166535479225
1305,0.5360114976707305,0.2774064312071692,0.5568868214809318,0.523220447284345,0.6281335097385742
1306,0.5654931113093469,0.2767879107362502,0.5771470976850259,0.4902009229676961,0.6331885247274371
1307,0.6808028545941124,0.2640309260235459,0.6817455519556914,0.5252665956691516,0.6943203094907137
1308,0.6385429675884627,0.27601476014760146,0.6095603540335571,0.5911025914093007,0.6544696957009597
1309,0.5948875012389732,0.3530205587770163,0.6643522959691578,0.5596918707845224,0.6985794912160239
1310,0.49902864505897515,0.3117343173431735,0.6509091567268186,0.6209201277955271,0.6001319689839393
1311,0.5901992268807612,0.28049903356176414,0.6237998877807743,0.5652367767128151,0.5968602100115556
1312,0.5697670730498563,0.2620207344930592,0.692114608409202,0.5212523961661342,0.5722483294535345
1313,0.572558231737536,0.28111755403268324,0.686953972017593,0.5803564075257365,0.6010309658186934
1314,0.6287521062543363,0.2931787032156036,0.6363192093974551,0.5852921547745829,0.623623787911775
1315,0.6620279512340173,0.2768652257951151,0.6802005466162283,0.6532680156194532,0.6250680779085931
1316,0.727445732976509,0.3024565102793885,0.6306807363029194,0.7407213347532836,0.6338664567667598
1317,0.5798196055109525,0.2999824283957125,0.6433274810403808,0.7049996450124246,0.6010457034717221
1318,0.5338090990187333,0.30400281145668595,0.7258976633061232,0.6120482783102592,0.5348294284135251
1319,0.5098879968282287,0.3854155684413987,0.6214903437166283,0.5751082712105076,0.5883565842139639
1320,0.49593220338983046,0.2636443507292216,0.5439215189415193,0.5895250266240681,0.6136021838522215
1321,0.47281792050748334,0.2733860481461957,0.5440330141722022,0.47325381611643585,0.5677091323206779
1322,0.4469124789374566,0.30160604463187485,0.5227533530018642,0.5394490592829251,0.5659406139572273
1323,0.4889761125978789,0.25050079072219295,0.5201730348060598,0.45966489172878944,0.536465307899717
1324,0.4598870056497175,0.28815322438938673,0.5462947745660556,0.5230642527511536,0.5336946291303111
1325,0.4890415303796213,0.3203936039360394,0.5464381255769335,0.49109123180688674,0.5434362177823182
1326,0.44340172465060956,0.275009664382358,0.500151676953429,0.5143173588924387,0.5376885331011036
1327,0.5145980771136882,0.3166051660516605,0.5160636391608897,0.4930749023784168,0.5267974075128535
1328,0.5691347011596788,0.4151818661043753,0.5353682419591305,0.5086474973375931,0.5153609887625396
1329,0.5106075924273962,0.3948480056229134,0.5527614979456642,0.4960425985090522,0.5614603674364859
1330,0.5231257210823669,0.3647801792303637,0.6374612391174501,0.530380404685836,0.6215117348562241
1331,0.6582321934780453,0.3318285011421543,0.6555011674419446,0.52316734114306,0.6973460970340474
1332,0.6841173555357319,0.34196450535933925,0.6247874169668228,0.49294994675186365,0.6461281840866842
1333,0.5054613935969868,0.3293621507643648,0.6929587865843725,0.5029776357827476,0.6272197752507913
1334,0.5656457528000793,0.24377438060094883,0.6407153070643812,0.5266723464678736,0.6163286496625413
1335,0.5976786599266527,0.2789527323844667,0.590669876377853,0.5312957046503372,0.5631551975347926
1336,0.6053543463177719,0.2593920224916535,0.6908881608716899,0.5520695775647853,0.5579822813216995
1337,0.6308236693428485,0.275009664382358,0.670150047964669,0.6022236421725239,0.5591170806049137
1338,0.655791456041233,0.47811632402038307,0.6144979999638002,0.6274022009229676,0.6741149871882902
1339,0.5851402517593418,0.4800492004920049,0.7390222447465112,0.6745104721334753,0.6584635996717523
1340,0.5992268807612251,0.6253241960991038,0.707437238683053,0.7463911963081292,0.7292190718628059
1341,0.6120705719100009,0.592001405728343,0.6820641097576426,0.7183386581469648,0.7067146756878968
1342,0.6358172266825256,0.5484730275874188,0.678735180727253,0.7327241746538871,0.8050442966957512
1343,0.6083853702051738,0.5691934633632051,0.7117536968994914,0.6706524671636491,0.6506084306074258
1344,0.5536306868867082,0.36724652960815324,0.6996803562055421,0.7117472488462903,0.6793763293195558
1345,0.5417028446823272,0.3606747496046389,0.6187188908396533,0.6347121050763223,0.6279124449431428
1346,0.5407433838834373,0.3449024775962045,0.5757932270267335,0.6010990415335463,0.6432248664400194
1347,0.5472415502031915,0.32224916534879633,0.6268261868993104,0.5516166134185303,0.670283197400814
1348,0.5366438695609078,0.449896327534704,0.6372748828033086,0.5807781327653532,0.6320095124851368
1349,0.5644028149469719,0.3360885608856089,0.6194515737841408,0.5162697905573304,0.6848145232871665
1350,0.5368619288333829,0.32209453523106657,0.6060084345418015,0.547711750088747,0.6832670697191473
1351,0.5905263157894737,0.3660094886663152,0.6827967927021303,0.5817152999645012,0.7284674515583394
1352,0.660479730399445,0.3547988051309085,0.735167695342902,0.6473170039048634,0.7590775568990639
1353,0.6935593220338984,0.3712669126691267,0.7416981302829011,0.6213887113951011,0.7898350387700759
1354,0.6608286252354049,0.40799156562994204,0.6777954352114971,0.647051473198438,0.7438535613203597
1355,0.6596074933095449,0.2992865928659286,0.746747271443827,0.6483947461838835,0.7197869739244026
1356,0.6325245316681535,0.2937199086276577,0.6778750746619847,0.6600468583599575,0.6627375190500913
1357,0.5958687679651106,0.3958531013881567,0.7522583214175822,0.5946794462193823,0.6445659928656361
1358,0.6008841312320349,0.33222280794236514,0.7032641314774928,0.5744991125310613,0.6026521076518565
1359,0.5887600356824263,0.2868388683886839,0.6898687759054462,0.5795441959531417,0.5722778047595921
1360,0.6821984339379522,0.25513969425408534,0.7095875038462234,0.635274405395811,0.6029321230594028
1361,0.6952819902864505,0.32789316464593216,0.7050639830585168,0.6387887823926162,0.6479703907152786
1362,0.6325245316681535,0.2896222105078194,0.7168665496208075,0.5877444089456868,0.6527453902965953
1363,0.6701179502428387,0.23635213494992086,0.8251443465040089,0.6602967696130635,0.7151446132203447
1364,0.7651263752601843,0.2791073625021964,0.8176741660482543,0.6414753283635073,0.6774162214667315
1365,0.6803013182674199,0.2968898260411175,0.753994461438216,0.6596251331203408,0.747626400495721
1366,0.804006343542472,0.29627130557019854,0.7434024145233398,0.6785559105431309,0.8072384384786723
1367,0.6594799286351472,0.3289755754700404,0.7115579431301924,0.7257585232516862,0.7369057895530137
1368,0.552530141738527,0.2467123528378141,0.6549393907582038,0.6886663826766063,0.6938336721877042
1369,0.531650312221231,0.23905816201019148,0.6646233886586183,0.6346635285764999,0.6403930264105441
1370,0.5115306373277827,0.293565278509928,0.5985419175007691,0.6095455733049342,0.6019847867227144
1371,0.5492476955099613,0.22769284835705497,0.628530471139749,0.623231806886759,0.678403644219658
1372,0.5318683714937059,0.2640309260235459,0.6163934188854095,0.5811998580049698,0.6038458575471856
1373,0.5389552978491426,0.2752416095589527,0.6084454017267281,0.5641434149804756,0.6414710857295975
1374,0.5356407969075231,0.22854331400456865,0.5737863128744413,0.6168590699325524,0.6572845874294518
1375,0.5899375557537911,0.3122755227552275,0.6737338232366197,0.5945701100461485,0.7170752457671117
1376,0.6070115967885816,0.6567914250571076,0.6340733768936994,0.6798054668086617,0.8259717639965836
1377,0.6907027455644762,0.47131259884027416,0.67588408839979,0.5803095491657791,0.6901790289896335
1378,0.6791892159777976,0.332918643472149,0.6909678003221777,0.6505033723819665,0.713199243020549
1379,0.6064228367528992,0.31289404322614656,0.7387355427247553,0.6153596024139154,0.7044156018154109
1380,0.5287719298245613,0.32317694605517483,0.8069546960125974,0.6044103656372026,0.6708579658689355
1381,0.5703994449400337,0.34343349147777186,0.7955662545928434,0.6456769613063542,0.6400267957327795
1382,0.5755674496976905,0.30121946933755045,0.7327944397183659,0.6647951721689741,0.6579625194687747
1383,0.5931866389136684,0.3621437357230715,0.7607956705098735,0.6781341853035143,0.6847703103280803
1384,0.7422955694320547,0.4410050957652433,0.88,0.7194476393326233,0.6990363584599153
1385,0.6573614828030528,0.3871164997364259,0.7755289688501149,0.7974199503017394,0.7591954581232939
1386,0.6105659629299237,0.4788121595501669,0.7800206338576264,0.8199432019879304,0.6927875935757232
1387,0.7036990782039846,0.36260762607626074,0.7536599757461673,0.8527284345047924,0.7709118922811542
1388,0.6922073545445535,0.38665260938323665,0.6970681822295426,0.88,0.7943152852908173
1389,0.6855565467340667,0.4106202776313478,0.7282072073702691,0.7992474263400782,0.8794399691849073
1390,0.7741540291406482,0.34196450535933925,0.7251809082517331,0.7901725239616613,0.834254324998744
1391,0.7040043611854494,0.5131400456861712,0.7456801028072907,0.7225715299964501,0.8617842608564588
1392,0.6504271979383487,0.6150412932700756,0.7446447899509493,0.7124657436989705,0.8062380465910804
1393,0.556116562592923,0.39794060797750835,0.70523918984959,0.7384565140220092,0.7645894391318183
1394,0.5427059173357122,0.4010332103321034,0.6611667179496461,0.7201192758253461,0.7244735475875467
1395,0.5757418971156705,0.36440906694781233,0.6860301543919346,0.6610308839190628,0.7159257088308688
1396,0.5858598473585093,0.38949007204357755,0.6787829643975456,0.6375392261270856,0.7827020147041585
1397,0.5936663693131133,0.38162713055701986,0.6687961773063765,0.6074093006744763,0.779120765018171
1398,0.5499454851818812,0.36345809172377436,0.6607525928071096,0.6537522186723463,0.7669474636164191
1399,0.6510377639012787,0.3916780882094535,0.7048569204872486,0.6500035498757544,0.8140342650432918
1400,0.7058142531469919,0.4352837814092427,0.666900758384767,0.7068739794107206,0.8312625814339067
1401,0.6472871444147091,0.48522930943595155,0.7374931672971455,0.7071395101171458,0.7874475389794175
1402,0.6500128853206463,0.42940783693551227,0.7115944179985159,0.7035938942137024,0.7711624323826431
1403,0.7171751412429379,0.5681883675979618,0.7873474633025033,0.7044685835995739,0.8056043275108439
1404,0.671709782931906,0.5204849762783342,0.7411565820195839,0.6486134185303515,0.7480390547805262
1405,0.6249142630587768,0.2752416095589527,0.6871132509185688,0.6059254526091586,0.7369563397029023
1406,0.6042858558826444,0.28567914250571075,0.7043950116744193,0.6385544905928292,0.7189027147426773
1407,0.6023887402121122,0.3127394131084168,0.6950294122970552,0.5868072417465389,0.7328740098139371
1408,0.6340509465754782,0.2920962923914953,0.753962605658021,0.5791537096201633,0.7345835775652728
1409,0.7406165130339973,0.2894675803900897,0.8108888848666943,0.6746979055733049,0.8567145082145668
1410,0.6809773020120924,0.3160639606396064,0.7465402088725588,0.7066553070642527,0.8557860360737553
1411,0.6955872732679156,0.38270954138112806,0.7760705171134318,0.6673099041533546,0.7730488519703238
1412,0.7950004955892556,0.5653122474081884,0.8331879310032759,0.7765211217607383,0.7558057979266801
1413,0.8219744275944098,0.4362270251273941,0.7438802512262666,0.771929002484913,0.7834094220495386
1414,0.6893943899296263,0.30895097522403797,0.8069706239026949,0.7270230741924032,0.869521528696555
1415,0.6832669243730796,0.320625549112634,0.7737291172690908,0.7754433794817182,0.7954206092679741
1416,0.57992863514719,0.2954981549815498,0.6535531864830132,0.6863187788427404,0.8304667481703539
1417,0.5424660521359896,0.30346160604463185,0.6670918930659377,0.6565949591764287,0.8600894307581518
1418,0.5507304985627911,0.28049903356176414,0.6745461456315951,0.6459112531061413,0.7619661368926999
1419,0.5478521161661215,0.2771744860305746,0.6288171731615052,0.5455094071707489,0.7480832677396124
1420,0.5708791753394785,0.3330732735898787,0.662074607685207,0.5582861199858006,0.7641915225000419
1421,0.5472851620576865,0.44123704094183797,0.6629984253108653,0.5925239616613419,0.7556289460903352
1422,0.5450173456239469,0.31420839922684946,0.6482810548607214,0.6091742988995384,0.7692465374889049
1423,0.6385211616612151,0.38974521173783166,0.7489771760574853,0.6138445154419594,0.8231421346150627
1424,0.6246089800773119,0.5600702864171498,0.7943398070553312,0.5772012779552715,0.88
1425,0.7174150064426603,0.45461254612546126,0.734196094046951,0.625933972310969,0.8055011639396426
1426,0.6824164932104272,0.3449024775962045,0.7435776213144129,0.6820078097266595,0.836361809381856
1427,0.5797759936564575,0.33268669829555436,0.7183637712899781,0.7202754703585373,0.7524014000770377
1428,0.5655803350183368,0.3264241785274996,0.7179018624771489,0.6460362087326943,0.6421637554219491
1429,0.5922707899692735,0.34358812159550167,0.7124385961736863,0.588681576144835,0.6567687695734455
1430,0.5874734859748241,0.3741275698471271,0.6920508968488117,0.5873226837060702,0.6982847381554488
1431,0.5602160769154524,0.3194658232296609,0.7826965193940162,0.5400113596024139,0.6922570380666879
1432,0.6036098721379721,0.2545211737831664,0.7694445148328476,0.6238097266595669,0.7338466949138349
1433,0.6490752304490038,0.2983588121595501,0.7307078861155858,0.6917855875044373,0.7074957712984208
1434,0.596195856873823,0.34018625900544724,0.776532425926261,0.6917699680511181,0.7675222320845405
1435,0.5843334324511844,0.33315058864874364,0.810283625042987,0.6826950656727014,0.7912056405017501
1436,0.6898959262563188,0.38371463714637144,0.7289876739850495,0.6887866524671636,0.816731255547554
1437,0.7469402319357716,0.34807239500966436,0.816638853191913,0.717292154774583,0.8218599588015607
1438,0.6920329071265735,0.4468037251801089,0.7509840902097775,0.6561576144834931,0.8790273149001022
1439,0.6062701952621666,0.48484273414162715,0.7925240275842096,0.6261682641107561,0.8211820267622381
1440,0.6062701952621666,0.2993639079247935,0.7596807182030444,0.5988770181043663,0.8099517877777965
1441,0.5488551888195063,0.3459848884203128,0.7239703886043186,0.6220956478523252,0.8074024685568824
1442,0.5615026266230548,0.3118889474609032,0.6682864848232547,0.6271366702165424,0.7847947614342417
1443,0.5146416889681832,0.3078685643999297,0.6451432605115025,0.6482385516506922,0.8037621208822494
1444,0.5350520368718406,0.33407836935512214,0.6424833028652103,0.6558452254171103,0.7352762472576243
1445,0.5346159183268906,0.3258829731154454,0.6187666745099458,0.6468328008519701,0.7155277921990923
1446,0.5497492318366537,0.348304340186259,0.6652761135948162,0.6960184593539226,0.7263747048282561
1447,0.6137932401625533,0.37961693902653315,0.7095078643957357,0.7105914093006744,0.7333898276699435
1448,0.6821112102289623,0.6041398699701283,0.6962877156147623,0.6612651757188498,0.8271949891979703
1449,0.7103280800872238,0.6784241785274996,0.7791923835725534,0.6522371317003904,0.8286982298069032
1450,0.7049638219843394,0.5016278334211914,0.728971746094952,0.6148129215477458,0.848402471906349
1451,0.6264842898205967,0.4303356176418907,0.7139995294032471,0.6578132765353213,0.7696444541206813
1452,0.6356863911190406,0.4014197856264277,0.6834976198664229,0.6188271210507632,0.7667853494331028
1453,0.6470472792149866,0.3276612194693376,0.6902669731578852,0.6247781327653532,0.7799313359347524
1454,0.6205530776092775,0.33693902653312247,0.7477029448496805,0.5694071707490237,0.7220860477968883
1455,0.6235404896421844,0.32959409594095934,0.6453503230827707,0.5607696130635428,0.6942760965316274
1456,0.6605887600356823,0.3463714637146372,0.6805828159785697,0.5997557685481009,0.7153804156688047
1457,0.5499018733273863,0.5318502899314707,0.6885786168075441,0.6240127795527156,0.8021557167021152
1458,0.7652790167509167,0.38270954138112806,0.7822346105811869,0.6207014554490592,0.8700815595116477
1459,0.6822638517196947,0.32155332981901247,0.7233332730004163,0.6790009087681931,0.863935958198657
1460,0.6533055803350183,0.416573537163943,0.7615920650147513,0.6541662903798366,0.8036442196580195
1461,0.730956487263356,0.43311895976102616,0.7256268891744647,0.6573915512957047,0.736072080521177
1462,0.6821548220834572,0.3153681251098225,0.6989476732610544,0.590446574369897,0.6955140593860427
1463,0.6180017841213202,0.32456861711474266,0.7417459139531937,0.599427760028399,0.7503823416120983
1464,0.5027792645455447,0.3668599543138289,0.6121725280095567,0.6072843450479233,0.7647957662742207
1465,0.5219684805233423,0.33639782112106836,0.5749331209614653,0.5401987930422435,0.6802900638073387
1466,0.5221647338685698,0.30044631874890176,0.6272562399319445,0.535122470713525,0.681410125437524
1467,0.4716404004361186,0.2937972236865225,0.5964676283733642,0.4981512247071352,0.6073386813150006
1468,0.49285756764793337,0.30462133192760493,0.5447338413364948,0.5041959531416401,0.649326254793924
1469,0.5249340866290019,0.39531189597610267,0.5614421980488334,0.46355413560525377,0.6768856659576963
1470,0.4683040935672514,0.31567738534528206,0.5802052525837571,0.4784855520056797,0.6220763343437558
1471,0.5630944593121221,0.32998067123528374,0.530048326666546,0.49235718849840254,0.6479114401031636
1472,0.5591039746258302,0.30980144087155154,0.562286376224004,0.530452254171104,0.6230342817906248
1473,0.5349648131628506,0.38765770514848,0.6193082227732628,0.5376684416045439,0.7095148297633602
1474,0.5374506888690652,0.29851344227727994,0.708265488968126,0.5483524600638977,0.6908274857228986
1475,0.6693547427891764,0.27114391143911437,0.7601426270158734,0.645473596024139,0.7340530220562376
1476,0.5837228664882544,0.5129854155684415,0.7090140998027114,0.6039574014909478,0.757264825576527
1477,0.6128119734364159,0.36021085925144963,0.7568614816557765,0.5665644302449414,0.6908864363350137
1478,0.635446525919318,0.4261606044631875,0.7063700700465166,0.5618785942492013,0.6984321146857363
1479,0.5890435127366439,0.5463082059392023,0.6597809915111585,0.6342747603833866,0.6259670747433471
1480,0.5279869164436516,0.3166051660516605,0.6600358377527195,0.682523251686191,0.6622069635410561
1481,0.5549826543760531,0.37397293972939727,0.6477076508172094,0.6806332978345758,0.6952929945906114
1482,0.6180672019030627,0.3486909154805834,0.7261843653278791,0.6780248491302804,0.7131550300614627
1483,0.6600218059272475,0.6608118081180813,0.7865510687976253,0.6987987220447284,0.7192711560683961
1484,0.5802121122014074,0.4175013178703216,0.8019055548516714,0.7227745828895988,0.7394027901056757
1485,0.6027594409753196,0.4759515023721666,0.7574030299190936,0.6841008164714235,0.6886905260337292
1486,0.5296877787689562,0.5651730803022316,0.6199453383771651,0.6694810081647142,0.6036542680578119
1487,0.5227752998314996,0.4521384642417852,0.6534735470325255,0.6453958111466098,0.6486041097955151
1488,0.4730141738527109,0.28977684062554915,0.6804847001755687,0.5933597586084486,0.6799068848285911
1489,0.4676281098225791,0.2679739940256546,0.576448818983149,0.5455639190628326,0.6696052653614912
1490,0.43838636138368514,0.24562994201370586,0.5772745208058064,0.5729996450124245,0.621766843630152
1491,0.47907622162751506,0.26751010367246525,0.6082861228257525,0.5637060702875399,0.6261144512736347
1492,0.4751729606502131,0.26828325426111405,0.5465018371373237,0.46024281150159746,0.6148696220126945
1493,0.4442085439587669,0.2548304340186259,0.6217770457383844,0.5053830315938942,0.642591147359783
1494,0.49089503419565866,0.28815322438938673,0.5739455917754167,0.4545729499467519,0.6109494063070455
1495,0.5248904747745069,0.3813178703215604,0.5588300240728339,0.4988541001064962,0.6224005627103883
1496,0.5389552978491426,0.31289404322614656,0.5761117848286847,0.4771899183528576,0.5987171542931788
1497,0.572570661116067,0.28668423827095413,0.6551101377400496,0.4727947603833865,0.5936714240257239
1498,0.570815065913371,0.32283675979616944,0.6874386577132617,0.5563903869364573,0.6585585101572575
1499,0.6269941123996432,0.2770430504305043,0.7524147332983402,0.5332757827476038,0.7138317830885432
1500,0.6607414015264149,0.33871727288701453,0.6335318286303824,0.5340291089811856,0.6584488620187235
1501,0.5601724650609574,0.3127394131084168,0.7234288403410016,0.534419595314164,0.6218994825074107
1502,0.49802557240559014,0.44224213670708135,0.6503516805734041,0.5100063897763578,0.5744589774078478
1503,0.5892397660818713,0.43064487787735023,0.7005723180510054,0.47091089811856585,0.5927336671635042
1504,0.543316483298642,0.3583552978386926,0.7498054263425583,0.5014781682641107,0.5294207097519721
1505,0.4984180790960452,0.48175013178703213,0.734052743036073,0.5446347177848775,0.5711724807824354
1506,0.4950381603726831,0.6604252328237569,0.7413955003710473,0.5998651047213348,0.6097114434526302
1507,0.5743681236990782,0.7545949745211739,0.7582790638744592,0.6444117855875043,0.6119515667130011
1508,0.5301020913866588,0.6986188719030048,0.7670234755380188,0.6377578984735534,0.6029026477533452
1509,0.5076637922489841,0.33144965735371634,0.6835454035367156,0.6494568690095847,0.6045385272395372
1510,0.4884309644166914,0.39330170444561585,0.7104635378015891,0.6036293929712461,0.6266892197417562
1511,0.5379304192685103,0.42391846775610614,0.5648029828594183,0.5280624778132765,0.6674093550602067
1512,0.4650768163346218,0.26248462484624846,0.6199612662672628,0.5636648349307773,0.6514042638709786
1513,0.4836118544949945,0.23217712177121774,0.5847447012615614,0.5237302662406815,0.6086650700875885
1514,0.42582614728912666,0.22197153400105432,0.5148212637332803,0.5176443024494143,0.5895355964562644
1515,0.4110853404698186,0.24895448954489544,0.5994461438216075,0.5216428824991125,0.5601045033578403
1516,0.44573495886609177,0.24300123001230006,0.5703458886133685,0.5218303159389421,0.5615782686607157
1517,0.40927544850827624,0.34497979265506934,0.6137016054589223,0.49619879304224346,0.5863817387081107
1518,0.44231142828823466,0.2844421015638728,0.561059928686492,0.5023684771033013,0.563007821004505
1519,0.4973932005154128,0.2401405728342997,0.6050846169161432,0.5367468938587149,0.6444333539883773
1520,0.4681296461492715,0.2576137761377613,0.6518807580227696,0.5584735534256301,0.7321813401215856
1521,0.6110893051838636,0.32456861711474266,0.6535850422632083,0.466724884629038,0.7336993183835475
1522,0.5309525225493111,0.2760920752064664,0.6920668247389093,0.49221583244586437,0.6592446952822762
1523,0.5504688274358212,0.31304867334387626,0.6856001013593006,0.5995214767483138,0.6426353603188691
1524,0.5235167013579146,0.30964681075382183,0.6541106626364278,0.5705005324813631,0.5913778030848588
1525,0.5169749231836653,0.23720260059743453,0.6959532299227136,0.5534753283635072,0.6295041114702483
1526,0.4820636336604222,0.5386540151115797,0.6373704501438939,0.5151139510117146,0.6110673075312757
1527,0.5043056794528694,0.5717448603057459,0.6268102590092128,0.4754093006744764,0.6021805027549363
1528,0.5855545643770443,0.35850992795642234,0.7013209288855906,0.5568178913738019,0.6498273349969018
1529,0.5479829517296065,0.3512423124231242,0.7357570272765117,0.5616443024494142,0.621221550468088
1530,0.5573813063732779,0.43435600070286423,0.6879255733135441,0.5909776357827475,0.6572551121233944
1531,0.6308672811973436,0.6792901071867862,0.7419051928541693,0.6267774227902023,0.7222776372862622
1532,0.6155813261968481,0.4629625724828677,0.7026588716537856,0.6135789847355343,0.7612439918942908
1533,0.6547665774606006,0.3752099806712353,0.7866307082481131,0.6152190273340433,0.6922865133727454
1534,0.61965903459213,0.3924512387981023,0.798019149667867,0.654158324458644,0.7466095024367368
1535,0.8079096045197739,0.324877877350202,0.7350880558924144,0.5452594959176428,0.7225723903468374
1536,0.5369055406878779,0.548936917940608,0.6517851906821842,0.5945701100461485,0.652642226725394
1537,0.4815184854792348,0.3319908627657705,0.5740252312259045,0.5837926872559459,0.5762127581182697
1538,0.5064426603231242,0.22228079423651378,0.5481424098173723,0.559988640397586,0.6101535730434928
1539,0.5095391019922688,0.25660868037251794,0.5289811580300096,0.48551508697195594,0.5833163068781296
1540,0.4849202101298444,0.23588824459673166,0.510536661297037,0.45830599929002486,0.5870891460534909
1541,0.4874496976905541,0.26921103496749255,0.52160654491484,0.4736443024494143,0.6154738657868735
1542,0.5217068093963723,0.2574591460200316,0.557922134337273,0.4862492012779552,0.5926157659392742
1543,0.5437307959163444,0.24918643472149005,0.6610392948288657,0.5280937167199148,0.627779806065884
1544,0.5227752998314996,0.3144403444034441,0.6610711506090607,0.6075654952076678,0.7743899783959405
1545,0.6032827832292597,0.2829731154454402,0.6491730167061847,0.4963393681221157,0.681292224213294
1546,0.5812806026365348,0.3960077315058865,0.6537124653839889,0.4994320198793042,0.6365192343119358
1547,0.5809317078005749,0.29712177121771216,0.6435823272819418,0.5267816826411075,0.6143095911976019
1548,0.5408960253741699,0.26070637849235634,0.7165957754891492,0.5413546325878594,0.5698903049689337
1549,0.628599464763604,0.2708346512036549,0.6748647034335463,0.5121462548810792,0.6187308871062283
1550,0.5478739220933689,0.28328237568089965,0.6323053810928704,0.4556506922257721,0.5609740248865368
1551,0.5511666171077411,0.25676331049024775,0.7159586598852468,0.49405892793752215,0.6095345916162851
1552,0.5962176628010704,0.30500790722192933,0.6848355626346179,0.5044146254881078,0.5967423087873257
1553,0.6449539101992269,0.3768335969073976,0.6695129323607667,0.5250010649627262,0.7448704593793439
1554,0.6058558826444642,0.3349288350026357,0.783636264909772,0.6043635072772452,0.7017922995762925
1555,0.5982456140350876,0.39739940256545414,0.7056533149921265,0.5725310614128505,0.6462313476578855
1556,0.6077093864605015,0.3513196274819891,0.697880504624518,0.5966787362442314,0.7244735475875467
1557,0.552038854197641,0.30678615357582145,0.6572962406559395,0.5692509762158324,0.7132876689387215
1558,0.560368718406185,0.3002143735723071,0.6781139930134481,0.5789350372736953,0.7862243137780308
1559,0.4869263554366141,0.2762467053241961,0.6501127622219407,0.6512531061412851,0.6877031032808025
1560,0.5349648131628506,0.30446670180987523,0.5900805444442433,0.633977990770323,0.639820468590377
1561,0.4355952026960055,0.2712212264979793,0.5830882006914152,0.6112985445509407,0.608517693557301
1562,0.43084151055605113,0.35758214725004395,0.5424720809426414,0.6339311324103656,0.5708629900688316
1563,0.42842105263157887,0.2804217185028993,0.5510572137052254,0.5922584309549165,0.5323829780107519
1564,0.4723163841807909,0.25065542083992265,0.5457532263027385,0.5146141285055023,0.5306881479124449
1565,0.4409376548716423,0.26913371990862767,0.5425676482832268,0.5368249911253106,0.5703324345597963
1566,0.47896719199127763,0.29426111403971184,0.5557400133939076,0.471629392971246,0.5502008005225167
1567,0.527703439389434,0.2359655596555966,0.5876435772593168,0.5674235001774938,0.5821962452479442
1568,0.5195262166716226,0.4755649270778422,0.6458281597856974,0.5389023784167555,0.7478622029441812
1569,0.5872772326295965,0.5122895800386577,0.6720136111060834,0.5205807596734113,0.6426648356249267
1570,0.5037169194171871,0.2681286241433843,0.5914025593223406,0.5459936102236421,0.5888134514578554
1571,0.48321934780453957,0.5827235986645581,0.724065955944904,0.4744877529286474,0.6067491751938504
1572,0.5203548419070274,0.40049200492004916,0.6899165595757388,0.5432133475328363,0.6213689269983755
1573,0.5288809594607989,0.26843788437884375,0.6659132291987184,0.6152658856940006,0.5369074374905796
1574,0.5013182674199623,0.29843612721841506,0.6004496008977538,0.5705317713880014,0.6104188507980104
1575,0.5901556150262662,0.3173010015814444,0.5489069485420551,0.5808874689385871,0.574031585470014
1576,0.5060937654871641,0.3141310841679845,0.6281959854477003,0.48862335818246355,0.6197183098591549
1577,0.6151452076518981,0.27756106132489894,0.711944831580662,0.4712701455449059,0.7136708479174692
1578,0.5373634651600753,0.3023791952205236,0.7308830929066589,0.6068782392616258,0.6716095861734018
1579,0.5926851025869759,0.32085749428922866,0.7179974298177343,0.5439474618388356,0.6749845087169869
1580,0.6581028843294676,0.48376032331751884,0.6601632608735,0.5656116435924743,0.6489136005091188
1581,0.7258975121419368,0.5020066772096292,0.6813154989230574,0.5099907703230387,0.6882189211368089
1582,0.4915492120130836,0.38843085573712877,0.6983264855472497,0.5840894568690096,0.6519495570330426
1583,0.5010347903657449,0.31938850817079595,0.6306329526326269,0.5429634362797302,0.6761487833062584
1584,0.42565169987114676,0.3708030223159374,0.5935050408152183,0.5286716364927228,0.6199393746545863
1585,0.3984160967390227,0.31691442628712,0.5357186555412767,0.5129740859069932,0.49668838237510676
1586,0.44340172465060956,0.2744684589703039,0.4800825354305055,0.4968704295349663,0.503718242869823
1587,0.4044999504410744,0.302765770514848,0.4913276258393817,0.5129584664536742,0.5068721006179766
1588,0.41832490831598773,0.2884624846248462,0.4576560661731434,0.4705047923322684,0.5348736413726114
1589,0.39933194568341757,0.2608610086100861,0.5040380821372332,0.4844373446929357,0.5489186247090152
1590,0.4376231539300227,0.3118116324020383,0.488396894061431,0.449106141285055,0.5236288121116712
1591,0.4925522846664685,0.4495870672992445,0.6154536733696537,0.48326588569400064,0.5839500259583661
1592,0.4780513430468827,0.5010788965032508,0.6572166012054517,0.5558651047213348,0.7336403677714324
1593,0.6227772821885221,0.2917097170971709,0.6053553910478018,0.44944976925807595,0.6273082011689638
1594,0.506966002577064,0.25266561237040935,0.5785009683433184,0.49796379126730567,0.577819162298404
1595,0.507969075230449,0.2917097170971709,0.6713605676120834,0.42809797657082,0.6311989415685553
1596,0.46976509069283373,0.2690564048497628,0.6842462307010082,0.43954703585374505,0.5707598264976302
1597,0.4692635543661413,0.25513969425408534,0.6766486271244727,0.45855591054313094,0.5661616787526587
1598,0.4853563286747942,0.29085925144965735,0.6518489022425745,0.5650493432729854,0.6109199310009882
1599,0.4560709683814055,0.24377438060094883,0.629725062897066,0.5187376641817536,0.5631699351878213
1600,0.5219248686688472,0.28134949920927776,0.6379916378576987,0.5366531771388001,0.6435638324596809
1601,0.5899593616810388,0.3794623089088034,0.7143180872051983,0.615422080227192,0.7203322670864665
1602,0.5507086926355437,0.40134247056756284,0.6615171315317924,0.5315143769968051,0.6636807288439317
1603,0.5764832986420855,0.35990159901599017,0.6601473329834023,0.5714376996805112,0.5742526502654453
1604,0.5849658043413618,0.3824775962045334,0.6719976832159857,0.6428966986155483,0.6087829713118186
1605,0.6143601942709882,0.32410472676155333,0.6364147767380405,0.666544550940717,0.5871628343186348
1606,0.5694181782138963,0.3268880688806887,0.6537124653839889,0.6409911253106141,0.561740382844032
1607,0.49545247299038553,0.34892286065717804,0.6254563883509203,0.5813560525381611,0.614176952320343
1608,0.5101932798096936,0.651688631172026,0.6687006099657912,0.5332949946751864,0.5827710137160657
1609,0.4459748240658143,0.5129081005095766,0.6168553276982388,0.5406517571884983,0.5423456314581903
1610,0.4042818911685994,0.32905289052890535,0.5366424731669351,0.5514604188853389,0.6221500226088996
1611,0.42885717117652883,0.3026111403971183,0.5216384006950352,0.5535065672701455,0.5077563597997019
1612,0.42329665972841707,0.24802670883851696,0.5540357291534688,0.4928406105786297,0.5614161544773995
1613,0.4349628308058281,0.258464241785275,0.49104092381762565,0.4972765353212637,0.5453226373699989
1614,0.43103776390127857,0.2958074152170093,0.5575398649749316,0.47255094071707493,0.5094659275510376
1615,0.5131588859153534,0.34722192936215074,0.5462947745660556,0.5024309549165779,0.5724693942489659
1616,0.5824363167806522,0.5124442101563873,0.5812405654400984,0.5400738374156904,0.6751318852472744
1617,0.6406145306769749,0.3336144790019329,0.5847606291516588,0.4996663116790912,0.6370350521679423
1618,0.584311626523937,0.289235635213495,0.6210125070137015,0.4430926517571884,0.5989382190886101
1619,0.5121122014074735,0.29712177121771216,0.6323531647631632,0.4938402555910543,0.6301967811625999
1620,0.4902844682327287,0.39886838868388685,0.5660612861771254,0.5385743698970535,0.5537820502085042
1621,0.5092338190108038,0.21887893164645933,0.6085409690673135,0.5215335463258786,0.5175421614107953
1622,0.4539775993656457,0.23140397118256897,0.5444630672048363,0.4466226482073128,0.45863576225486097
1623,0.5044801268708494,0.16545422597083115,0.6127618599431663,0.42625488107916215,0.4475972601363232
1624,0.507969075230449,0.13135828501142152,0.5888381690166338,0.44162442314518996,0.4916333673862438
1625,0.5707047279214987,0.2238270954138113,0.6282756248981882,0.43632942847000344,0.4977642310462059
1626,0.564315591237982,0.1727991565629942,0.5931864830132672,0.44290521831735885,0.5198117599772237
1627,0.5401328179205075,0.201251098225268,0.6525975130771597,0.5375903443379482,0.5689323575220646
1628,0.6061393596986817,0.24733087330873302,0.7297522127097323,0.518315938942137,0.6262618278039223
1629,0.616409951432253,0.2588508170795994,0.6502720411229163,0.4862492012779552,0.5747684681214518
1630,0.5946694419664982,0.37698822702512746,0.6555441727452079,0.5298430954916578,0.540798177890171
1631,0.572689067301021,0.2712212264979793,0.6038103857083386,0.5411359602413915,0.5879586675821876
1632,0.5246724155020319,0.26395361096468106,0.6130804177451175,0.5605665601703941,0.5137987975414915
1633,0.49272673208444834,0.2890810050957652,0.5855888794367319,0.49076322328718497,0.48840582137294636
1634,0.49691347011596787,0.21810578105781053,0.5591963655450777,0.5117401490947816,0.47390397079265123
1635,0.447806521954604,0.23689334036197507,0.5469000343897628,0.4878423855165069,0.47621778231816586
1636,0.4703974625830112,0.25050079072219295,0.5923423048380966,0.4893262335818246,0.4939177036057009
1637,0.4961284567350579,0.24068177824635392,0.5462788466759578,0.48346893858714945,0.5053246470499573
1638,0.47922886311824753,0.23851695659813738,0.5203163858169378,0.4897948171813986,0.48909849106529785
1639,0.5151432252948756,0.3837919522052364,0.5723209469854659,0.4795328363507277,0.5095248781631525
1640,0.5032589949449896,0.23070813565278503,0.551503194627957,0.5038679446219382,0.532972484131902
1641,0.5050906928337794,0.25962396766824813,0.5459762167641042,0.4872332268370607,0.6170802699670078
1642,0.5723837843195559,0.24640309260235452,0.6145298557439953,0.5034774582889598,0.6449639094974126
1643,0.6356863911190406,0.2598559128448428,0.5953367481764377,0.4880610578629748,0.7010259416187973
1644,0.5558330855387055,0.38201370585134425,0.6392817969556011,0.45933688320908767,0.5875754886034399
1645,0.5401328179205075,0.44873660165173085,0.6735704030842187,0.5161604543840965,0.6105367520222404
1646,0.5070096144315591,0.2518151467228958,0.5751124690039637,0.47242598509052175,0.6256428463767144
1647,0.4981782138963227,0.2293164645932174,0.5091668627486471,0.41257223997160103,0.5898893001289546
1648,0.5529328972147883,0.2998277982779827,0.6192763669930678,0.43871920482783094,0.5503334393997756
1649,0.5325879670928734,0.292250922509225,0.5592441492153704,0.4818757543485978,0.5338567433136272
1650,0.6149271483794231,0.2345738885960288,0.6469908957628192,0.48495278665246716,0.5551673895932073
1651,0.5375597185053028,0.2956527850992795,0.6969726148889572,0.5426198083067093,0.5926157659392742
1652,0.5266567548815542,0.3253417677033913,0.6967974080978842,0.5271565495207667,0.6536886000904356
1653,0.4736465457428883,0.3002143735723071,0.7220908975728068,0.4682243521476748,0.6262028771918072
1654,0.5210744375061949,0.292250922509225,0.5929794204419989,0.5018842740504081,0.5508050442966957
1655,0.483895331549212,0.26302583025830256,0.5888381690166338,0.46670926517571887,0.5725578201671384
1656,0.4517752007136486,0.275009664382358,0.5522040217922496,0.4512460063897763,0.5390001842206629
1657,0.44719595599167405,0.2806536636794939,0.5302713171279119,0.461945331913383,0.5101733348964178
1658,0.47157498265437603,0.34606220347917765,0.5541153686039566,0.4517770678026269,0.5878555040109862
1659,0.4270472792149866,0.3054717975751186,0.48798276891889447,0.4921845935392261,0.5339599068848286
1660,0.4480899990088215,0.27640133544192586,0.4896074137088455,0.48960738374156904,0.4873594480079048
1661,0.4813876499157498,0.25421191354770684,0.5473460153124943,0.46642811501597436,0.5501123746043443
1662,0.4830885122410546,0.24609383236689505,0.5055193759163061,0.49488675896343626,0.5212413123210129
1663,0.4553513727822381,0.22769284835705497,0.5439374468316168,0.4725353212637557,0.536524258511832
1664,0.5508831400535236,0.2792619926199262,0.5582566200293217,0.4910599929002485,0.6031089748957479
1665,0.575981762315393,0.2548304340186259,0.5947951999131206,0.48504650337238187,0.5897566612516957
1666,0.5969520864307661,0.3614479001932876,0.6153907582037683,0.49671361022364213,0.55412322687612
1667,0.6449826940231936,0.33593393076787914,0.642243588119242,0.502009854455094,0.6271144010316357
1668,0.5835920309247695,0.38966789667896673,0.6476757950370141,0.5028526801561946,0.786578017450721
1669,0.6178927544850827,0.438144438587243,0.6511162192980868,0.49796379126730567,0.6691041851585137
1670,0.612550302309446,0.5168511685116851,0.6830994226139839,0.5049456869009585,0.601296243573211
1671,0.5498582614728913,0.5354840976981199,0.6803438976271063,0.4810947816826411,0.6505789553013682
1672,0.5770066408960254,0.3417325601827446,0.6643682238592553,0.4810947816826411,0.6500631374453618
1673,0.5576647834274954,0.26952029520295206,0.7374294557367554,0.5226737664181753,0.6097261811056589
1674,0.5950619486569532,0.3534071340713407,0.7480533584318269,0.5186908058217962,0.6244343588283565
1675,0.555287937357518,0.32093480934809343,0.7041879491031512,0.5833553425630102,0.6743655272897792
1676,0.5931866389136684,0.4263925496397821,0.7846715777661134,0.616249911253106,0.6767235517743799
1677,0.5751749430072356,0.6039852398523986,0.7249419899002697,0.5140049698260561,0.7385332685769791
1678,0.46097730201209236,0.4945071164997364,0.6379438541874062,0.5087255946041888,0.7309433772671702
1679,0.49571414411735554,0.4686838868388684,0.6030458469836558,0.5319048633297835,0.6492083535696941
1680,0.4966954108434929,0.6017431031453172,0.5599131205994677,0.5211742988995384,0.6363718577816483
1681,0.4896084844880563,0.5035529783869268,0.5339188039602527,0.556599219027334,0.5896682353335232
1682,0.4338507285162057,0.32657880864522926,0.5422013068109829,0.5077571884984026,0.5787623720922443
1683,0.5163425512934879,0.23441925847829906,0.5389360893409835,0.5273596024139154,0.6186719364941133
1684,0.4862503716919417,0.21988402741170263,0.5492095784539087,0.5280780972665956,0.5967128334812681
1685,0.46097730201209236,0.22460024600245995,0.552474795923908,0.4849215477458289,0.5672080521177003
1686,0.4581207255426702,0.33778949218063603,0.5604068851924922,0.47323819666311673,0.55596322285676
1687,0.5575339478640103,0.3068634686346863,0.6052916794874115,0.47011430599929005,0.6523179983587614
1688,0.6357300029735355,0.28374626603408887,0.6078560697931183,0.5023216187433439,0.6119957796720873
1689,0.7193775398949351,0.44688104023897385,0.579631848540245,0.5108810791622294,0.5940453182830634
1690,0.5126137377341659,0.35000527148128624,0.5843146482289272,0.47922044728434504,0.6108904556949306
1691,0.4817801566062048,0.2834370057986294,0.6150236203370196,0.5110997515086971,0.5416824370718964
1692,0.4542828823471107,0.24246002460024604,0.6425947980958931,0.5098747177848775,0.5132092914203413
1693,0.520289424125285,0.2785661570901423,0.605673948849753,0.49608055378061766,0.5499649980740567
1694,0.47294875607096837,0.45979265506940786,0.6158837264022878,0.5149108981185658,0.542728810436938
1695,0.51972247001685,0.3661641187840449,0.6107230900106789,0.5305459708910187,0.5175421614107953
1696,0.6673704034096541,0.3353154102969601,0.6463219243787218,0.5132708555200567,0.5529125286798078
1697,0.5157537912578055,0.28823053944825167,0.6594783615993051,0.6517060702875399,0.6023278792852238
1698,0.5211180493606898,0.44695835529783867,0.663731108255353,0.6222321618743344,0.5924241764499004
1699,0.5241490732480919,0.38781233526620973,0.6057695161903381,0.5462591409300674,0.6063807338681315
1700,0.5745425711170581,0.3493094359515023,0.6392021575051132,0.5507263045793397,0.6542928438646146
1701,0.7645376152245019,0.26488139167105956,0.6632532715524262,0.5069605963791267,0.6758687678987121
1702,0.816850034691248,0.27616939026533116,0.6246281380658473,0.5229392971246006,0.5843626802431714
1703,0.536033303597978,0.2539026533122474,0.6338981701026263,0.5296556620518281,0.6236385255648038
1704,0.5311923877490335,0.2685151994377087,0.5376777860232764,0.5634717784877529,0.5838910753462511
1705,0.4887580533254039,0.3296714109998243,0.5010754945790874,0.5736556620518282,0.5398844434023882
1706,0.4550242838735256,0.22313125988402735,0.49658382957157593,0.5399488817891374,0.5137545845824053
1707,0.4565943106353454,0.2242909857670005,0.45079114554109573,0.5129116080937167,0.5172474083502203
1708,0.44244226385171964,0.20202424881391667,0.4708762149541168,0.4981512247071352,0.5141672388672104
1709,0.43790663098424026,0.2386715867158672,0.47989140074933484,0.46991125310614124,0.4787526586391117
1710,0.4422678164337397,0.23163591635916353,0.4827902767470904,0.5316393326233582,0.5003875332853244
1711,0.48928139557934386,0.20024600246002458,0.5306217307100581,0.45357330493432724,0.50600257908928
1712,0.5230369709584696,0.2796485679142506,0.5334250393672284,0.5102094426695065,0.6585962385490112
1713,0.5690256715234413,0.23952205236338078,0.5374707234520082,0.48787362442314514,0.5955485588919964
1714,0.5830032708890872,0.32851168511685114,0.5163344132925484,0.4984011359602413,0.5543420810235969
1715,0.6132044801268708,0.2883078545071165,0.5343329291027891,0.45212069577564784,0.5620056605985496
1716,0.5428149469719497,0.21416271305570195,0.5266875418559612,0.45241746538871136,0.48851045870945053
1717,0.5696362374863713,0.24980495519240908,0.5239638726492787,0.44705999290024845,0.4705275744837635
1718,0.4755000495589255,0.22730627306273057,0.5314659088852286,0.3893148739794107,0.4106647016462628
1719,0.4422242045792447,0.18571077139342823,0.5308925048417166,0.4026851260205892,0.47263653263217836
1720,0.45343245118445835,0.20380249516780877,0.5581610526887364,0.43375221867234637,0.47160489692016544
1721,0.4774407770839528,0.16096995255666838,0.6191330159821897,0.41475146609868646,0.4758788162985044
1722,0.48420061453067686,0.18725707257072569,0.6315408423681876,0.4818363933262335,0.5416824370718964
1723,0.5652750520368718,0.3121208926374978,0.6793085847707651,0.5056954206602768,0.5639657684513741
1724,0.5488551888195063,0.19583904410472672,0.6367492624300892,0.5663613773517926,0.5822994088191457
1725,0.5545029239766082,0.26379898084695136,0.6731922749733027,0.6291671991480298,0.5574664634656931
1726,0.4930538209931608,0.2003233175188895,0.6425151586454053,0.6289016684416046,0.5554179296946962
1727,0.47754980672019026,0.2238270954138113,0.5861304277000489,0.5535690450834221,0.5794992547436821
1728,0.4180414312617702,0.2936735195923388,0.5639451066987637,0.5333418530351438,0.5720478973723434
1729,0.4240598671820794,0.23230082586540146,0.5388701478759796,0.5111466098686546,0.580790273149001
1730,0.40007334720983245,0.28815322438938673,0.4771199478723596,0.5327795527156549,0.49459563564502357
1731,0.4424858757062147,0.2514285714285714,0.5000242538326486,0.478751863684771,0.5131356031551976
1732,0.419742293587075,0.275705499912142,0.5142956433600608,0.4587433439829606,0.5277111420006364
1733,0.4493329368619288,0.24207344930592156,0.470111676229434,0.475128150514732,0.5285511882232754
1734,0.431015957974031,0.23426462836056933,0.5098358341327445,0.48454668086616964,0.5527504144964914
1735,0.5048508276340569,0.2543665436654367,0.5487158138608844,0.5029620163294285,0.5647616017149268
1736,0.5687203885419764,0.3834826919697768,0.5821325272855618,0.5235015974440894,0.7079231632362546
1737,0.6525859847358509,0.36299420137058513,0.5310040000723995,0.4639758608448704,0.5704650734370552
1738,0.6101080384577262,0.23990862765770515,0.5708555810964904,0.4419680511182108,0.5597844015340557
1739,0.5846605213598969,0.4915691442628712,0.5897301308620969,0.40181043663471777,0.5481039272495855
1740,0.5037823371989295,0.26395361096468106,0.5472663758620065,0.3546553070642527,0.4848540469930164
1741,0.46252552284666465,0.2807309787383588,0.5383308295172763,0.3437841675541356,0.48352220528880774
1742,0.4528000792942809,0.22715164294500084,0.5840916577675613,0.3287894923677671,0.46438889986769616
1743,0.48018832391713745,0.20372518010894386,0.5418190374486417,0.37119630812921545,0.4447676307548023
1744,0.6058994944989592,0.291091196626252,0.5574124418541512,0.3653858714944977,0.4616275058196983
1745,0.4861631479829518,0.3303672465296081,0.583996090426976,0.4372665956691515,0.5648058146740131
1746,0.6592149866190901,0.23588824459673166,0.6064384875744357,0.5331075612353567,0.5444678534943311
1747,0.5738447814451383,0.25606747496046384,0.6136378938985322,0.5398083067092652,0.5418592889082414
1748,0.5078382396669641,0.3507784220699349,0.6924490941012506,0.6570323038693645,0.5471353686925357
1749,0.5207691545247299,0.2875347039184677,0.6724118083585223,0.5709066382676606,0.5903903803319321
1750,0.5172584002378828,0.2757828149710068,0.6581563467212076,0.5397458288959887,0.6757950796335683
1751,0.523712954703142,0.40961518186610435,0.580428243045123,0.5150983315583955,0.6253186180100819
1752,0.5459550004955892,0.4658232296608681,0.591641477673804,0.48339084132055377,0.6295188491232772
1753,0.4649895926256319,0.3563451063082059,0.4873456533149921,0.47511253106141277,0.5564200901006515
1754,0.42434334423629694,0.22545071164997363,0.5268149649767417,0.5128803691870784,0.5730441627170874
1755,0.4779859252651402,0.19985942716570018,0.5079447157414614,0.45839971600993956,0.5164663127396962
1756,0.4456913470115968,0.2070497276401335,0.4924382776158845,0.4789080582179624,0.5406655390129121
1757,0.42890078303102386,0.24547531189597607,0.5476645731144455,0.48371884984025554,0.5683870643600007
1758,0.45637625136287047,0.31026533122474076,0.6000673315354124,0.49296556620518284,0.5212413123210129
1759,0.5455406878778868,0.3060130029871727,0.5955915944179986,0.5069137380191693,0.5824615230024619
1760,0.5461948656953117,0.4519838341240555,0.5223710836395229,0.5371217607383741,0.6844902949205339
1761,0.5846605213598969,0.21679142505710766,0.5433321870079096,0.5036887894923677,0.6279566579022291
1762,0.5772683120229953,0.26542259708311366,0.5537330992416153,0.4448404685835996,0.5141377635611529
1763,0.651931806918426,0.2427692848357055,0.5527455700555667,0.4456787646432375,0.5415055852355514
1764,0.531519476657746,0.26495870672992444,0.579233651287806,0.450386936457224,0.5135629950930315
1765,0.5331985330558034,0.2747777192057635,0.55435428695542,0.4628668796592119,0.4835276582204283
1766,0.5229933591039746,0.36152521525215253,0.5287900233488388,0.4494810081647142,0.5034971780743916
1767,0.47584894439488545,0.3370163415919873,0.5878984235008777,0.5392303869364573,0.5728967861867997
1768,0.4627435821191397,0.2943384290985767,0.607871997683216,0.5265317713880014,0.5986582036810639
1769,0.5249995044107444,0.4481953962396767,0.6469749678727217,0.5756701029463968,0.6171686958851803
1770,0.5098225790464862,0.33554735547355474,0.685870875490959,0.49679280085197014,0.6741444624943478
1771,0.5608266428783824,0.2736953083816553,0.6661840033303771,0.5293120340788072,0.6580362077339184
1772,0.5981801962533452,0.4700755578984362,0.6865717026552516,0.6164217252396166,0.6279271825961715
1773,0.6116344533650511,0.5349428922860657,0.6619471845644265,0.7016258430954917,0.6479703907152786
1774,0.632110219050451,0.48376032331751884,0.6531868450107694,0.6372736954206603,0.6400267957327795
1775,0.611111111111111,0.28768933403619756,0.632576155224529,0.5448377706780262,0.6481030295925374
1776,0.5708573694122311,0.2663503777894921,0.6852019041068617,0.52006531771388,0.614722245482407
1777,0.5478739220933689,0.24686698295554382,0.6738453184673024,0.5185346112886049,0.6504463164241094
1778,0.50020616513034,0.2635670356703567,0.5866082644029756,0.5030244941427049,0.5937210899164308
1779,0.49466745960947567,0.2364294500087858,0.6245962822856522,0.5127241746538871,0.6116568136524259
1780,0.48651204281891164,0.28165875944473723,0.5880417745117559,0.5190031948881789,0.597803419805396
1781,0.48939042521558135,0.28328237568089965,0.6056261651794603,0.4978700745473908,0.5792929276012796
1782,0.512003171771236,0.3037708662800913,0.6125866531520933,0.5359190628328008,0.6008541139823483
1783,0.5797759936564575,0.4423967668248112,0.7082017774077359,0.5299680511182109,0.6739528730049739
1784,0.631892159777976,0.507650676506765,0.6401259751307715,0.5629563365282214,0.7327118956306208
1785,0.6517355535731986,0.48430152872957305,0.6282756248981882,0.4993539226127085,0.5991445462310128
1786,0.6476360392506689,0.2852152521525215,0.6647345653314992,0.45805608803691866,0.5704503357840264
1787,0.5519734364158985,0.23209980671235284,0.6122203116798494,0.5324671636492724,0.5861459362596507
1788,0.5504470215085736,0.26147952908100514,0.6023131640391681,0.5390585729499467,0.5017139220579122
1789,0.5426404995539698,0.2369706554208399,0.6634921899038896,0.557052183173589,0.5368337492254359
1790,0.5227752998314996,0.2228993147074328,0.6291835146337491,0.41038551650692223,0.5533104453115841
1791,0.4935117454653583,0.2637216657880864,0.5940147332983402,0.4352360667376641,0.5450573596154813
1792,0.6237585489146595,0.3689474609031805,0.5798389111115133,0.4780021299254526,0.5621972500879234
1793,0.5470889087124591,0.3837919522052364,0.5949863345942913,0.537933972310969,0.5614456297834569
1794,0.5405471305382099,0.30570374275171325,0.6419417546018932,0.47584664536741217,0.5630815092696488
1795,0.5904390920804837,0.36082937972236867,0.6288808847218953,0.5909932552360667,0.6408521043023899
1796,0.6509069283377936,0.30848708487084875,0.645589241434234,0.6163280085197018,0.6894421463381956
1797,0.8277093864605014,0.31753294675803895,0.606534054915021,0.5953823216187433,0.6540570414161546
1798,0.5519298245614035,0.2821226497979265,0.6116628355264349,0.617062122825701,0.6133663814037615
1799,0.5724055902468035,0.30214725004392895,0.6500490506615504,0.6341185658501952,0.5683281137478857
1800,0.5070750322133016,0.3063222632226322,0.6176995058734094,0.5282030528931487,0.5657490244678535
1801,0.44141738527108726,0.40513090845194166,0.6316204818186755,0.542354277600284,0.6456713168427928
1802,0.47170581821786106,0.2978949218063609,0.5684823254719543,0.531389421370252,0.6358707775786706
1803,0.5025612052730697,0.2531295027235987,0.6126185089322884,0.5509137380191693,0.6281335097385742
1804,0.4665160075329567,0.2900861008610086,0.602966207533168,0.5292964146254882,0.5955632965450253
1805,0.4940786995737933,0.3166051660516605,0.6146094951944832,0.5550997515086972,0.6115683877342534
1806,0.45465358311031817,0.28266385520998066,0.6355387427826749,0.5999900603478877,0.622901642913366
1807,0.5311487758945386,0.3133579335793358,0.6254723162410178,0.5689229676961306,0.6370055768618847
1808,0.5295787491327189,0.32016165875944474,0.6578696446994515,0.5859325523606673,0.6928170688817806
1809,0.6726038259490533,0.3016833596907398,0.6370678202320403,0.6602811501597444,0.6948656026527775
1810,0.6524333432451185,0.49729045861887194,0.6103886043186302,0.5678296059637912,0.6680283364874144
1811,0.5616334621865398,0.3629168863117202,0.6103886043186302,0.6348682996095136,0.6370055768618847
1812,0.5766795519873129,0.4778843788437884,0.6582041303915003,0.5327795527156549,0.616284436703455
1813,0.5563128159381504,0.45932876471621864,0.6103726764285325,0.5460560880369187,0.5831394550417845
1814,0.5367747051243928,0.4032753470391847,0.6206461655414577,0.5028214412495563,0.5439372979852959
1815,0.5784458320943603,0.43829906870497276,0.5826740755488787,0.48548384806531775,0.5573780375475206
1816,0.5157974031123005,0.2102196450535934,0.5697087730094662,0.4495903443379481,0.5140198623369229
1817,0.5512320348894836,0.19645756457564573,0.6081109160346794,0.48253177138800135,0.703383966103398
1818,0.7936485280999108,0.2785661570901423,0.618225126246629,0.5923833865814696,0.6641523337408517
1819,0.5335256219645158,0.28366895097522404,0.6854886061286176,0.5661270855520055,0.6570193096749344
1820,0.6015819209039548,0.4993006501493587,0.7344190845083168,0.6503315583954561,0.666554571184539
1821,0.6146872831797007,0.4447162185907573,0.7305645351047076,0.6654043308484202,0.6782562676893704
1822,0.5661909009812668,0.3598242839571253,0.6599243425220366,0.6348370607028753,0.7106938420056607
1823,0.5548954306670631,0.34327886136004215,0.6687006099657912,0.6897082002129924,0.7222481619802047
1824,0.4871444147090891,0.2534387629590582,0.6297728465673587,0.6639048633297835,0.6892210815427643
1825,0.47299236792546334,0.22614654717975743,0.6310470777751633,0.5756861909833155,0.6475429987774447
1826,0.4858142531469917,0.2791073625021964,0.5948429835834131,0.5607696130635428,0.6234911490345162
1827,0.475391019922688,0.23681602530311016,0.5887426016760484,0.6094242101526447,0.6485893721424864
1828,0.4988105857865001,0.28312774556316994,0.5945403536715597,0.6644984025559105,0.686121163604696
1829,0.5064644662503717,0.3922966086803725,0.5963720610327788,0.6570947816826411,0.6807519418532598
1830,0.5004460303300624,0.28088560885608854,0.6022175966985828,0.6511125310614129,0.6604826581366918
1831,0.535335513926058,0.3146722895800386,0.5738022407645387,0.6480198793042243,0.6831933814540035
1832,0.5978749132718802,0.31691442628712,0.6228760701551159,0.6441618743343982,0.6632238616000403
1833,0.5959123798196055,0.2835916359163591,0.6152943944686783,0.6184210152644657,0.6798037212573897
1834,0.6917276241451086,0.3589738183096116,0.6320823906315045,0.5972410365637203,0.6633270251712415
1835,0.6318703538507285,0.30268845545598305,0.6519444695831598,0.5623003194888179,0.7047398301820436
1836,0.572340172465061,0.5186294148655772,0.6672511719669134,0.5035555555555555,0.6617795716032222
1837,0.5513628704529686,0.28088560885608854,0.6390747343843327,0.5070230741924032,0.5855416924854717
1838,0.4844186738031519,0.3264241785274996,0.6414161342286738,0.4484813631522897,0.6163728626216275
1839,0.49516899593616803,0.2600878580214373,0.6103886043186302,0.5289684061057862,0.5718356751687295
1840,0.5007949251660224,0.4103110173958883,0.6121406722293616,0.5033837415690451,0.5074910820451843
1841,0.47959956388145497,0.2457845721314356,0.6812836431428624,0.4319716009939651,0.523157207214751
1842,0.571685994647636,0.22630117729748728,0.6320505348513096,0.5319048633297835,0.49101438595903607
1843,0.530734463276836,0.2575364610788965,0.6098948397256058,0.5796379126730564,0.545617390430574
1844,0.5604995539696699,0.30462133192760493,0.6965584897464208,0.6675598154064607,0.6346328147242551
1845,0.6007314897413023,0.27918467756106136,0.7731397853354811,0.6420063897763578,0.6404247123645559
1846,0.5442977500247794,0.3696432964329643,0.7396593603504136,0.6321661341853034,0.6530548810101992
1847,0.48899791852512636,0.42538745387453875,0.6205187424206772,0.6003180688675895,0.6391867495101405
1848,0.4691327188026563,0.36028817431031457,0.59192817969556,0.5556620518281861,0.627544003617424
1849,0.50099117851125,0.42994904234756637,0.5787080309145867,0.5578956336528221,0.5991445462310128
1850,0.48688274358211914,0.23890353189246175,0.6146891346449709,0.5779041533546325,0.5872217849307497
1851,0.42094161958568727,0.21107011070110698,0.6002106825462904,0.5576769613063542,0.6183771834335382
1852,0.4447754980672019,0.24246002460024604,0.5665869065503448,0.5279687610933617,0.5903609050258746
1853,0.4596689463772425,0.36021085925144963,0.5790265887165379,0.5022591409300674,0.5437014955368359
1854,0.4306670631380711,0.28173607450360216,0.6177632174337997,0.5216585019524317,0.5748274187335667
1855,0.5399583705025275,0.2598559128448428,0.6087480316385817,0.5219240326588569,0.6365044966589071
1856,0.4794469223907225,0.28405552626954844,0.6269376821299932,0.5645651402200923,0.7040324228366633
1857,0.5564872633561304,0.28622034791776485,0.66290285797028,0.49829179978700744,0.6793615916665271
1858,0.5311051640400436,0.29990511333684766,0.5864967691722928,0.49157543485977995,0.5940305806300347
1859,0.4860977302012092,0.29387453874538744,0.5827059313290739,0.4800170394036209,0.663297549865184
1860,0.44189711567053225,0.2753962396766824,0.6437575340730148,0.47008306709265174,0.5609298119274506
1861,0.47462781246902563,0.3726585837286945,0.5237090264077178,0.4541668441604544,0.5656163855905947
1862,0.4345049063336306,0.3919100333860482,0.5557081576137125,0.46706851260205895,0.515213612232252
1863,0.41313509763108336,0.32781584958706733,0.5573805860739561,0.45871210507632226,0.5024360670563213
1864,0.576287045296858,0.2509646810753821,0.5899212655432677,0.4412339368122115,0.5712903820066655
1865,0.5867538903756567,0.21377613776137758,0.6430885626889175,0.4650692225772098,0.6198951616955
1866,0.5871900089206066,0.22877525918116318,0.5994142880414125,0.530561590344338,0.6207204702651103
1867,0.7282089404301716,0.33106308205939206,0.5515987619685424,0.48548384806531775,0.5988203178643801
1868,0.603217365447517,0.3708030223159374,0.6494278629477457,0.5827149449769259,0.6701652961765839
1869,0.6775319655069878,0.48778070637849236,0.6910952234429583,0.5369968051118211,0.6684852037313058
1870,0.5707919516304887,0.31026533122474076,0.6434708320512589,0.5104281150159744,0.7021362763979836
1871,0.5716205768658935,0.29913196274819887,0.570329960723271,0.5649868654597088,0.6348341310646279
1872,0.49220338983050843,0.3978632929186435,0.5839801625368785,0.5512886048988286,0.6135874461991928
1873,0.491789077212806,0.22228079423651378,0.5327719958732284,0.5413546325878594,0.5344315117817487
1874,0.4741262761423332,0.24044983306975928,0.5028753461601114,0.515879304224352,0.5575696270368944
1875,0.4331093269897908,0.21586364435072913,0.5093579974298177,0.4929187078452254,0.49830952420826985
1876,0.4573357121617603,0.23751186083289402,0.5276113594816195,0.4734881079162229,0.5140935506020667
1877,0.4677371394588165,0.24454753118959757,0.49266556860757665,0.48835782747603834,0.5355368357589054
1878,0.44525522846664684,0.20998769987699872,0.5630349870585892,0.45953993610223637,0.4720617641640569
1879,0.5299930617504213,0.3539483394833948,0.6254723162410178,0.5565055023074192,0.6074123695801444
1880,0.5789909802755476,0.43938147952908096,0.5637358142228819,0.49668299609513666,0.701880725494465
1881,0.527267320844484,0.2936425935687928,0.5605661640934678,0.47131700390486336,0.5623004136591249
1882,0.479512340172465,0.3078685643999297,0.5999239805245343,0.46166121405750793,0.5276521913885214
1883,0.5087322826841114,0.22057986294148657,0.5088005212764032,0.39814283280085194,0.5050593692954397
1884,0.4607374368123699,0.23805306624494818,0.5268149649767417,0.47684629037983667,0.4641771197936729
1885,0.41542471999207053,0.23279564224213667,0.5596582743579068,0.46786510472133475,0.45374286144931425
1886,0.39702051739518285,0.21485854858548584,0.5217976795960108,0.365307774227902,0.42750983905812995
1887,0.41348399246704326,0.21547706905640485,0.5080678383319155,0.3996549520766773,0.4471698681984894
1888,0.359797799583705,0.29627130557019854,0.5654878821336132,0.38328576499822503,0.4443991894290834
1889,0.36426801466944186,0.33222280794236514,0.5847287733714637,0.3772410365637202,0.4962904657433304
1890,0.5137912578055307,0.37490072043577577,0.6139086680301905,0.44512318068867585,0.47938637771934817
1891,0.48956487263356135,0.41301704445615883,0.6198816268167749,0.510849840255591,0.5615487933546583
1892,0.5501635444543562,0.46852925672113865,0.6458281597856974,0.609346112886049,0.5613424662122557
1893,0.5243453265933194,0.489249692496925,0.6551459754927691,0.6337280795172169,0.5476069735894559
1894,0.5490078303102389,0.4859251449657354,0.6257430903726764,0.5773887113951011,0.6016941602049873
1895,0.5125265140251759,0.31699174134598485,0.5537490271317128,0.5121150159744409,0.5406802766659409
1896,0.4519496481316284,0.29387453874538744,0.5476167894441528,0.5320454384096557,0.5487712481787276
1897,0.4412211319258598,0.20820945352310663,0.5143912107006462,0.5439630812921548,0.5470616804273919
1898,0.4249102983447318,0.3136671938147953,0.4783941790801643,0.5208775292864749,0.5354189345346753
1899,0.4324115373178709,0.21230715164294495,0.4548527575159731,0.49396521121760734,0.5279027314900102
1900,0.4562890276538805,0.2310173958882446,0.47704030842187184,0.473738019169329,0.4701311316172899
1901,0.4496600257706413,0.20194693375505185,0.4918373183225036,0.4788143414980475,0.5165547386578687
1902,0.4649677866983844,0.23039887541732557,0.4831247624391392,0.48724884629037984,0.5113965600978045
1903,0.49857072058677765,0.2671235283781409,0.593266122463755,0.5234078807241747,0.5961528026661754
1904,0.5197006640896025,0.4936566508522228,0.5439055910514218,0.5681419950301739,0.6996700775401518
1905,0.5991832689067301,0.33632050606220343,0.5653445311227352,0.48243805466808654,0.5737073571033813
1906,0.44213698087025466,0.2382850114215427,0.480098463320603,0.4502307419240326,0.5388970206494615
1907,0.371856477351571,0.34196450535933925,0.5284873934369853,0.3981242456514022,0.535743162901308
1908,0.3566795519873129,0.2573045159023019,0.5282644029756194,0.43976570820021293,0.5214329018103867
1909,0.3395618990980275,0.23851695659813738,0.5156495140183533,0.4198509052183173,0.4991053574718226
1910,0.3433779363663395,0.21408539799683715,0.4940035113757715,0.4224749733759318,0.46682989733884883
1911,0.4189136683516701,0.2803444034440344,0.49000561096128437,0.39612495562655303,0.5355810487179916
1912,0.5227752998314996,0.2072043577578633,0.5773382323661966,0.41639900603478874,0.4847803587278726
1913,0.395668549905838,0.41371287998594264,0.6192604391029701,0.355389421370252,0.5420361407445865
1914,0.42473585092675187,0.37196274819891056,0.5637517421129794,0.45183954561590345,0.5811056589238164
1915,0.5753493904252156,0.3596696538393956,0.5632101938496624,0.5518821441249556,0.6249796519904205
1916,0.7023471107146397,0.37335441925847823,0.6130485619649224,0.5764984025559104,0.5605761082547605
1917,0.6434711071463971,0.21694605517483748,0.5837890278557079,0.5661895633652823,0.5891229421714592
1918,0.5327842204381009,0.2943384290985767,0.5522836612427374,0.5713752218672347,0.6359444658438145
1919,0.45570026761819804,0.24617114742575996,0.5576195044254195,0.46898970536031237,0.512325032238616
1920,0.3683893349192189,0.2333368476541908,0.6062632807833626,0.48771742988995387,0.5055309741923599
1921,0.40654970760233905,0.21261641187840452,0.5389679451211786,0.4328462903798367,0.512325032238616
1922,0.4270472792149866,0.19931822175364608,0.4943379970678202,0.4033099041533546,0.4584441727654871
1923,0.39318267419962327,0.20952380952380953,0.4839052290539195,0.41842953496627616,0.45322704359330784
1924,0.4378412132024977,0.3551853804252328,0.4686940940107513,0.4600085197018104,0.4893490311667867
1925,0.39438200019823566,0.17133017044456156,0.4816116128798711,0.4281292154774583,0.5238351392540738
1926,0.41520666071959555,0.2477174486030575,0.48014624699089575,0.4336116435924742,0.4814201738373164
1927,0.5138348696600257,0.2959620453347391,0.5978214990316567,0.49141924032658857,0.5048088291939509
1928,0.5109346813361086,0.44487084870848703,0.5515669061883473,0.5244387646432375,0.5914809666560601
1929,0.5329586678560809,0.2401405728342997,0.48940035113757707,0.43526730564430244,0.5762127581182697
1930,0.5211398552879374,0.20256545422597078,0.4972846567358685,0.48815477458288953,0.5984518765386613
1931,0.5696798493408662,0.1891899490423475,0.49048344766421115,0.40295065672701447,0.5598392256033227
1932,0.4633977599365646,0.22173958882445965,0.490308240873138,0.38116151934682285,0.5369811257557233
1933,0.40258102884329466,0.2309400808293797,0.4556332241307535,0.3628711395101171,0.474464001607744
1934,0.3569848349687778,0.28258654015111573,0.42831689261344086,0.43787575434859777,0.46290968163319995
1935,0.3866845078798692,0.20589000175716043,0.5672558779344422,0.4096670216542421,0.5123397698916449
1936,0.43607493309545053,0.31165700228430854,0.551869536100201,0.4180234291799787,0.4931366079951767
1937,0.467889780949549,0.28127218415041294,0.5950341182645839,0.4637259495917642,0.5091122238783474
1938,0.48627217761918917,0.345830258302583,0.5332657604662527,0.39759318423855156,0.43907889668570277
1939,0.5155793438398255,0.46195747671762427,0.6124592300313128,0.4728633297834576,0.5539589020448493
1940,0.5450391515511944,0.39886838868388685,0.6006088797987293,0.411662875399361,0.5749011069987104
1941,0.5968064228367529,0.34644877877350194,0.5407837245923003,0.5675206531771387,0.6493115171408953
1942,0.5615680444047972,0.42074855034264635,0.6618516172238411,0.5695633652822151,0.6931412972484131
1943,0.555287937357518,0.4351291512915129,0.5976303643504859,0.5493986510472133,0.6461576593927417
1944,0.45945088710476756,0.36345809172377436,0.5568868214809318,0.5126304579339722,0.5772443938302825
1945,0.44141738527108726,0.19336496222105076,0.509389853210013,0.46753709620163286,0.5203128401802013
1946,0.4395856873822975,0.17125285538569665,0.49675903636264906,0.4823911963081292,0.4787526586391117
1947,0.4589057389235801,0.2740818836759796,0.4907542217958695,0.46947390841320547,0.5245130712933966
1948,0.4659926652790167,0.27848884203127744,0.4542156419120708,0.4621327653532126,0.4989285056354775
1949,0.4239508375458419,0.18795290810050955,0.47332911002914074,0.3961093361732339,0.5082279646966221
1950,0.4602359004856775,0.20836408364083636,0.4894481348078698,0.4202413915512957,0.4817149268978915
1951,0.5354881554167905,0.2580776664909506,0.5308606490615215,0.44270216542421015,0.5216097536467318
1952,0.54028545941124,0.4352837814092427,0.5155380187876704,0.4945743698970536,0.6652134447589222
1953,0.6226246406977897,0.1904269899841855,0.560263534181614,0.4082768903088391,0.6162549613973974
1954,0.5125483199524234,0.16413986997012828,0.5678929935383447,0.3895647852325168,0.5935050359230293
1955,0.5087322826841114,0.19784923563521345,0.5514076272873717,0.46422577209797655,0.5319947882299744
1956,0.4853999405292893,0.22251273941310842,0.493732737244113,0.51772239971601,0.5089206343889735
1957,0.4670829616413917,0.2789527323844667,0.5237090264077178,0.4516208732694355,0.49387349064661457
1958,0.47070274556447605,0.20542611140397113,0.5023337978967944,0.5210181043663471,0.449660531560349
1959,0.4541956586381207,0.1701704445615885,0.5090872232981593,0.43556407525736596,0.5211381487498116
1960,0.5415283972643472,0.30199261992619925,0.5095969157812811,0.4178672346467874,0.4715017333489641
1961,0.4844186738031519,0.6547039184677561,0.5225940741008888,0.4580717074902379,0.5241151546616202
1962,0.5308871047675686,0.4179652082235108,0.5983630472949736,0.49894781682641104,0.582093081676743
1963,0.5700505501040737,0.3013740994552803,0.5818776810440007,0.4541043663471778,0.5874723250322386
1964,0.5789037565665576,0.2770971709717097,0.6620268240149142,0.4468257011004615,0.6044501013213646
1965,0.5275507978987015,0.27199437708662794,0.5382671179568861,0.5012282570110047,0.62664500678267
1966,0.5370799881058578,0.2655772272008435,0.5034806059838187,0.5257351792687256,0.5883271089079065
1967,0.4950817722271781,0.22405904059040585,0.5916255497837064,0.4760340788072417,0.5579380683626133
1968,0.512221231043711,0.24292391495343524,0.4795569150572861,0.431487397941072,0.5247636113948854
1969,0.45801169590643276,0.2289298892988929,0.4804648047928469,0.4418118565850195,0.5205191673226038
1970,0.4162533452274754,0.27191706202776317,0.5072395880468424,0.39161093361732335,0.5448952454321649
1971,0.41699474675389037,0.23109471094710943,0.4308653550290502,0.45388569400070994,0.4561598365460301
1972,0.46693032015065905,0.17133017044456156,0.42790276747090433,0.41638338658146967,0.4655477215253471
1973,0.40188323917137475,0.19460200316288873,0.4883650382812359,0.4106979055733049,0.45660196613689275
1974,0.4859232827832292,0.18416447021613072,0.4290495755579286,0.4049187078452254,0.4604337559243691
1975,0.4461274655565467,0.1723352662098049,0.47882423211279845,0.41140078097266586,0.48414663964763616
1976,0.5029973238180195,0.2160955895273238,0.5291404369309851,0.42639545615903435,0.47739679456046624
1977,0.4890197244523738,0.18138112809699522,0.5939350938478525,0.40893290734824284,0.5042782736849156
1978,0.5176945187828328,0.3881215955016692,0.5824988687578055,0.4015136670216542,0.5383517274873978
1979,0.5301457032411537,0.4500509576524337,0.564627776068345,0.4221001064962726,0.596727571134297
1980,0.5989652096342551,0.4700755578984362,0.5846650618110735,0.38764359247426344,0.5570095962218017
1981,0.5790127862027952,0.4700755578984362,0.5802689641441474,0.43098757543485977,0.5164073621275812
1982,0.5990960451977401,0.5566684238270955,0.5783098336621477,0.5220646077387291,0.504985681030296
1983,0.4419625334522748,0.4296397821121069,0.5808901518579521,0.5327483138090167,0.5327514193364707
1984,0.4767865992665278,0.3511649973642593,0.5741526543466849,0.49277813276535315,0.4835866088325435
1985,0.48548716423827926,0.401265155508698,0.5431410523267389,0.4779240326588569,0.45383128736748674
1986,0.503280800872237,0.4739413108416799,0.614179442161849,0.4432332268370607,0.5210791981376965
1987,0.5177163247100803,0.500383060973467,0.6582200582815979,0.6061285055023073,0.5639657684513741
1988,0.536294974724948,0.5671832718327183,0.6384216908903328,0.6340873269435569,0.699655339887123
1989,0.4932064624838933,0.4680653663679495,0.6112964940541911,0.535231806886759,0.5484912327711812
1990,0.4640955496084845,0.3879669653839395,0.5626367898061503,0.5471650692225771,0.5119123779538108
1991,0.3589691743483001,0.48151818661043755,0.4750652500497747,0.4181327653532126,0.48028537455410225
1992,0.34745564476162155,0.1940607977508346,0.4768651016307987,0.4513553425630103,0.514432516621728
1993,0.34100109029636233,0.24099103848181339,0.510791507538598,0.4395938942137025,0.45735358644135926
1994,0.39939736346515997,0.20836408364083636,0.4490072218501692,0.38275470358537445,0.4626001909195961
1995,0.3747566656754881,0.20550342646283604,0.4637723759706058,0.39239190628328,0.5122955569325585
1996,0.41544652591931797,0.21431734317343168,0.43190066788539155,0.4163209087681931,0.43287434476059683
1997,0.39745663594013275,0.2767879107362502,0.4995145613495267,0.3956407525736599,0.48763946341545106
1998,0.4466071959559917,0.22923914953435248,0.481977954352115,0.35634220802271915,0.5324419286228668
1999,0.45258202002180586,0.2288525742400281,0.5118268203949393,0.36554206602768896,0.5021707893018037
2000,0.47730994152046785,0.18679318221753638,0.49535738203406393,0.41179126730564425,0.4586799752139472
2001,0.5671721677074041,0.19955016693024072,0.5456895147423483,0.44776286829960954,0.5163484115154662
2002,0.700559024680345,0.19336496222105076,0.5357505113214719,0.4065587504437344,0.4745376898728877
2003,0.5441887203885419,0.2157863292918643,0.4893047837969917,0.3999673411430599,0.5698460920098474
2004,0.567651898106849,0.3537163943068002,0.5446860576662022,0.4452637557685481,0.4867404665806971
2005,0.4012508672811973,0.13460551748374625,0.5495122083657622,0.41891373801916926,0.4094709517509336
2006,0.46204579244721966,0.2401405728342997,0.5929794204419989,0.4267078452254171,0.40109996483060073
2007,0.5337000693824957,0.30361623616236155,0.4451367445564625,0.47968903088391895,0.5000338296126342
2008,0.3962136980870255,0.34853628536285364,0.447430360730511,0.3911111111111111,0.5230982566026361
2009,0.45489344831004064,0.24060446318748901,0.47590942822494525,0.4269733759318423,0.4752008842591818
2010,0.45310536227574577,0.1873343876295906,0.446888812467194,0.44566986155484556,0.40258846778650503
2011,0.4249102983447318,0.363690036900369,0.48785534579811396,0.4822974795882144,0.4562924754232888
2012,0.5339835464367132,0.37505535055350553,0.4785534579811399,0.47987646432374864,0.4790621493527156
2013,0.47353751610665085,0.34900017571604286,0.43021231153505035,0.4299566915157969,0.47730836864229376
2014,0.46597085935176924,0.28977684062554915,0.4455667975890967,0.4711451899183528,0.5223908492572558
2015,0.3878838338784815,0.380312774556317,0.4805922279136273,0.5161135960241391,0.5203570531392876
2016,0.44055932203389825,0.3866371463714637,0.470007507828196,0.4461206389776357,0.49811233441074504
2017,0.4526404599068292,0.3680660692321209,0.44856442650545714,0.44453011004614834,0.46150341478119616
2018,0.41468724353256015,0.24863749780354943,0.44173295444261435,0.44986509052183177,0.45432367235517745
2019,0.4151922688076122,0.21927323844667015,0.457801647088635,0.4410301029463969,0.46729663881026945
2020,0.4231123996431757,0.22271375856615708,0.4454251986461293,0.4252258714944977,0.45659725008792357
2021,0.4084841114084647,0.293580741521701,0.4614526380567974,0.39721597444089446,0.44627912444943146
2022,0.4088127267320844,0.2854240028114567,0.4618788683958081,0.401555214767483,0.4436922242132941
2023,0.489427931410447,0.25476858197153396,0.4836599395464172,0.41210771742989,0.5088316189646799
2024,0.48697847160273566,0.260621331927605,0.5003063367662763,0.4328102094426694,0.5394936008440655
2025,0.5406125483199524,0.17797926550694074,0.5198544770041086,0.47498757543485975,0.5103796620388203
2026,0.550643274853801,0.22081180811808113,0.5770037466741479,0.4581654242101526,0.4930187067709468
2027,0.4754564377044306,0.3308311368827974,0.5533349019891763,0.40526233581824633,0.5559190098976737
2028,0.5033898305084746,0.22096643823581094,0.5699158355807344,0.45699396521121755,0.5681807372175981
2029,0.4532580037664784,0.23751186083289402,0.6181773425763362,0.5073042243521476,0.5636268024317128
2030,0.46795519873129154,0.28374626603408887,0.5957986569892667,0.4555725949591764,0.537909597896535
2031,0.7279908811576964,0.27957125285538564,0.6361917862766746,0.5420575079872204,0.561091926110767
2032,0.516386163147983,0.5324688104023897,0.5802052525837571,0.5392460063897764,0.6421932307280066
2033,0.5359024680344929,0.44835002635740645,0.602568010280729,0.6006304579339723,0.6038016445880994
2034,0.5304073743681237,0.5670286417149886,0.573754457094246,0.5110216542421014,0.6141180017082281
2035,0.7270532262860541,0.5814865577227201,0.5890611594779995,0.5935079872204473,0.685993535529467
2036,0.5848131628506293,0.6043718151467229,0.6634762620137921,0.5512261270855519,0.657933044162717
2037,0.5343324412726732,0.6761975048321912,0.6039855924994117,0.5882442314518992,0.7057862035470852
2038,0.5185231440182376,0.7512704269899843,0.6275747977338956,0.5305459708910187,0.6073092060089431
2039,0.48622856576469414,0.5343243718151467,0.626332422306286,0.5206276180333688,0.5617109075379746
2040,0.4783130141738527,0.3558039008961519,0.600624807688827,0.5110216542421014,0.5536494113312456
2041,0.45443552383784314,0.23279564224213667,0.5677974261977592,0.4469506567270145,0.6043027247910769
2042,0.4039329963326395,0.27361799332279035,0.5484928233995185,0.45624423145189913,0.5454258009412002
2043,0.42495391019922685,0.25104199613424705,0.5163184854024506,0.46905218317358893,0.5067394617407178
2044,0.44141738527108726,0.2670462133192761,0.474475918116165,0.473972310969116,0.5417119123779538
2045,0.423034988601447,0.3596696538393956,0.5541472243841516,0.4644600638977636,0.5041751101137144
2046,0.5414847854098522,0.21230715164294495,0.561477239407048,0.464510202342918,0.5436127748656027
2047,0.5444061254831994,0.24397539975399757,0.5431716338757263,0.4848323606673766,0.5473618864195877
2048,0.5655591832689068,0.31385274995607093,0.5226080906441746,0.5151529996450124,0.6776026527775452
2049,0.5416592328278322,0.24246002460024604,0.5404810946804467,0.5028214412495563,0.5867207047277722
2050,0.564446426801467,0.3136671938147953,0.5400988253181053,0.4979481718139865,0.5696102895613874
2051,0.4629616413916146,0.32410472676155333,0.5420420279100074,0.5893063542776003,0.5518514176617374
2052,0.44551689959361684,0.4797399402565454,0.5666346902206375,0.5745147319843804,0.5434362177823182
2053,0.44285657646942217,0.2514285714285714,0.5327401400930334,0.4597539226127085,0.5093480263268074
2054,0.4962810982257904,0.33593393076787914,0.5767011167622943,0.4496243947461839,0.4865930900504095
2055,0.46232926950143727,0.27075733614479003,0.5868153269742438,0.454590287539936,0.43773777026008615
2056,0.45720487659827536,0.22220347917764885,0.5285033213270828,0.5128803691870784,0.5174242601865654
2057,0.4407195955991674,0.1799894570374275,0.5070484533656717,0.5059140930067447,0.4429991123913517
2058,0.4392367925463376,0.28173607450360216,0.5612192075874676,0.5252197373091941,0.40899934685401346
2059,0.45133908216869856,0.4561588473027588,0.6019468225669243,0.5685481008164713,0.4333754249635745
2060,0.5287501238973139,0.4319669653839396,0.5837441112056326,0.6203437699680511,0.5401055081978196
2061,0.515339478640103,0.4507390616763311,0.6276356422740683,0.6182788782392616,0.5641278826346904
2062,0.495910397462583,0.24949569495694957,0.5697406287896614,0.5551309904153353,0.5415940111537239
2063,0.46538209931608676,0.36832894043226144,0.545195750149324,0.4854682286119985,0.5473122205288807
2064,0.4543046882743582,0.40366192233350906,0.5225144346504008,0.48003265885694,0.5481080537924335
2065,0.4777896719199128,0.30554911263398343,0.5324534380712773,0.5119744408945687,0.5239825157843614
2066,0.45164436515016354,0.24447021613073275,0.500693225216746,0.5217678381256655,0.5306881479124449
2067,0.43627118644067797,0.2616341591987348,0.558320331589712,0.503274405395811,0.4786200197618529
2068,0.4741698879968283,0.21779652082235107,0.5227055693315716,0.48902946396876107,0.5546368340841722
2069,0.48483298642085443,0.24694429801440873,0.53387102028996,0.477471068512602,0.5175568990638241
2070,0.5376905540687877,0.26588648743630294,0.5984267588553639,0.5304834930777423,0.526650030982566
2071,0.49117851124987605,0.23418731330170442,0.5510094300349327,0.5235484558040467,0.6134105943628477
2072,0.4635285955000496,0.2694429801440872,0.529936831435863,0.5978501952431665,0.7299559545142436
2073,0.5572286648825453,0.22862062906343344,0.5764781263009285,0.4761121760738374,0.6467176902078344
2074,0.5447992863514719,0.33724828676858193,0.5088005212764032,0.4593525026624068,0.6162991743564837
2075,0.6622896223609872,0.22954840976981195,0.5171785914677188,0.42255307064252745,0.5709956289460904
2076,0.5186321736544751,0.1737269372693727,0.5332816883563504,0.40991693290734815,0.49122071310143867
2077,0.43858261472891263,0.20380249516780877,0.5574602255244439,0.42408377706780254,0.5095101405101238
2078,0.44804638715432654,0.19336496222105076,0.57072815797571,0.40063897763578266,0.46538560734203077
2079,0.4247140449995044,0.14983658408012648,0.6442831544462344,0.44015619453319127,0.42745088844601503
2080,0.39041332143919116,0.21856967141099984,0.6307444478633097,0.5235484558040467,0.4699690174339737
2081,0.39817623153930026,0.4159550166930241,0.579233651287806,0.4843436279730209,0.5006085980807558
2082,0.48293587075032207,0.4751010367246529,0.6537761769443791,0.5289684061057862,0.508891159082916
2083,0.43328377440777077,0.5417466174661747,0.6133193360965808,0.5380589279375222,0.5302460183215822
2084,0.4968480523342254,0.26070637849235634,0.5776886459483429,0.594882499112531,0.553074642863124
2085,0.46304886510060456,0.29124582674398175,0.5406244456913247,0.5499140930067448,0.5688734069099496
2086,0.6213817028446823,0.2913231418028466,0.5462788466759578,0.6043010294639688,0.5521019577632263
2087,0.5328932500743383,0.25738183096116674,0.6066136943655088,0.48973233936812205,0.5195612198757348
2088,0.44396867875904444,0.2943384290985767,0.551073141595323,0.5278438054668086,0.4944040461556497
2089,0.4386044206561602,0.48778070637849236,0.5238364495284982,0.5201121760738373,0.477647334661955
2090,0.4222499752205372,0.24168687401159727,0.5051689623341599,0.5071948881789138,0.4827318249568756
2091,0.4522985429675885,0.3693340361975048,0.5332498325761551,0.5018061767838126,0.5038803570531393
2092,0.4545227475468332,0.24137761377613776,0.5288855906894242,0.5032119275825346,0.5094659275510376
2093,0.4552859550004956,0.2477947636619223,0.4535625984180709,0.4978700745473908,0.5328398452546432
2094,0.5112617702448211,0.2672008434370058,0.5399076906369346,0.4915441959531416,0.5210202475255816
2095,0.5538051343046883,0.23774380600948866,0.5232789733750838,0.49260631877884276,0.5530451675570667
2096,0.563792248984042,0.2814268142681427,0.5041655052580137,0.5075072772452963,0.47931268945420447
2097,0.644038061254832,0.25104199613424705,0.5494644246954696,0.46299183528576493,0.5091859121434911
2098,0.6529130736445634,0.27361799332279035,0.5351611793878621,0.4457948171813987,0.5673554286479878
2099,0.6358608385370206,0.3920646635037779,0.5282484750855219,0.46817749378771745,0.5149335968247056
2100,0.5327188026563584,0.483683008258654,0.5527455700555667,0.434876819311324,0.6027110582639714
2101,0.48295767667756956,0.47224037954665266,0.5589415193035168,0.4972765353212637,0.551880892967795
2102,0.48496382198433935,0.48615709014233005,0.5723528027656609,0.4903304082357117,0.544291001657986
2103,0.45537317870948557,0.3558812159550167,0.617428731741751,0.497600014199503,0.5170410812078177
2104,0.4422242045792447,0.6019750483219117,0.552554435374396,0.4929187078452254,0.5191043526318434
2105,0.3685637823371989,0.3836373220875065,0.5266875418559612,0.4796265530706425,0.4853846025020516
2106,0.5528020616513033,0.3881215955016692,0.5414367680863003,0.4673028044018459,0.4539786638977743
2107,0.455743879472693,0.419666139518538,0.5278343499429854,0.45702520411785585,0.5233193213980674
2108,0.6403746654772525,0.3037708662800913,0.5075262900685985,0.5213773517926873,0.45708830868684164
2109,0.611154722965606,0.3533298190124758,0.5619837463121505,0.538386936457224,0.4721649277352581
2110,0.5403944890474774,0.5303813038130382,0.5068254629043059,0.566876819311324,0.5398254927902731
2111,0.49032808008722367,0.43350553505535055,0.5719386776231243,0.513411430599929,0.47054378590209517
2112,0.47266527901675087,0.2736953083816553,0.5299846151061558,0.5310457933972311,0.47993167088141214
2113,0.4710952522549311,0.22815673871024425,0.5064431935419645,0.49705786297479587,0.4710448661050728
2114,0.47911983348201015,0.30701809875241615,0.49053123133450377,0.4888732694355697,0.49107333657115104
2115,0.43668549905838033,0.21802846599894563,0.5251266086264005,0.4999318423855164,0.4871089079064159
2116,0.4593418574685301,0.1737269372693727,0.4757182935437745,0.46155484558040466,0.47492086885163537
2117,0.4703756566557637,0.22011597258829727,0.5146779127224023,0.5073667021654242,0.4822749577129842
2118,0.5294915254237288,0.2446248462484625,0.5105525891871346,0.5519133830315939,0.4984569007385575
2119,0.5104113390821686,0.21462660340889117,0.4847971908993828,0.5039772807951721,0.5718798881278158
2120,0.6299732381801962,0.24841328413284133,0.5183253995547431,0.5878537451189209,0.4971894625780844
2121,0.5421389632272772,0.2207344930592163,0.5289174464696194,0.602942137025204,0.5460742576744654
2122,0.5828070175438597,0.3242593568792831,0.47769335191587176,0.5446190983315584,0.5904493309440472
2123,0.6000337000693824,0.6270251273941311,0.540289959999276,0.5366844160454384,0.5241298923146489
2124,0.5058539002874417,0.4628852574240029,0.5256044453293273,0.4509960951366702,0.49055751871514464
2125,0.487929428089999,0.3905183623264804,0.602536154500534,0.5146297479588214,0.523157207214751
2126,0.463812072554267,0.41224389386751004,0.5474256547629821,0.49857294994675183,0.4971894625780844
2127,0.45639805729011795,0.4871621859075734,0.5999239805245343,0.40652751153709615,0.5544010316357121
2128,0.3867063138071167,0.6288806888068882,0.5741207985664899,0.4191636492722754,0.6118484031417997
2129,0.37807116661710777,0.6275663328061852,0.5347470542453258,0.5229705360312389,0.5335914655591097
2130,0.4273961740509466,0.3704164470216131,0.5483494723886405,0.5352942847000355,0.526650030982566
2131,0.49093864605015364,0.33013530135301344,0.5085616029249398,0.5129897053603124,0.5520430071511111
2132,0.48193279809693723,0.24825865401511152,0.5238372459230031,0.5854483493077742,0.6844902949205339
2133,0.4978947368421052,0.41317167457388865,0.5486353780158917,0.6379297124600638,0.594192694813351
2134,0.4475230449003865,0.4133263046916184,0.49435392495791775,0.5589108981185659,0.60213628979585
2135,0.44573495886609177,0.3115796872254437,0.5231674781444008,0.533029463968761,0.5395307397296981
2136,0.4266547725245316,0.24694429801440873,0.5212720592227913,0.49544905928292504,0.4732260387533286
2137,0.488191099216969,0.43126339834826916,0.47783670292674973,0.48345331913383033,0.5486975599135838
2138,0.43182277728218854,0.3742048849059919,0.5074785063983058,0.4754249201277955,0.5286101388353905
2139,0.43954207552780256,0.22483219117905462,0.5268468207569368,0.4995882144124955,0.4805506523086198
2140,0.4368381405491129,0.1945246881040239,0.47538380785172585,0.46043024494142704,0.5176011120229105
2141,0.4950817722271781,0.23681602530311016,0.4913276258393817,0.505242456514022,0.537246403510241
2142,0.4839389434037071,0.21331224740818838,0.5455302358413726,0.5136301029463969,0.5289048918959656
2143,0.4660144712062642,0.22359515023721666,0.5157610092490362,0.48877955271565493,0.586912294217146
2144,0.5304727921498662,0.2689017747320331,0.5062998425310865,0.5108966986155484,0.5685049655842308
2145,0.5776608187134503,0.320625549112634,0.5720342449637097,0.5272971246006389,0.6422521813401216
2146,0.5600416294974725,0.5906097346687753,0.4865651867002117,0.4946056088036919,0.6446691564368375
2147,0.7288631182475963,0.6082375680899667,0.5267034697460588,0.4441391551295705,0.5844068932022576
2148,0.4906987808504311,0.3043893867510104,0.5210649966515231,0.4965736599219028,0.5291406943444257
2149,0.47728813559322036,0.43072219293621505,0.48387337327372437,0.4822193823216187,0.5238940898661889
2150,0.3731866389136684,0.42453698822702507,0.47283534543611644,0.47584664536741217,0.503895094706168
2151,0.36577262364951924,0.29797223686522584,0.5037035964451845,0.46892722754703586,0.5107186280584817
2152,0.40678957280206157,0.29913196274819887,0.5217498959257181,0.5010408235711751,0.5614751050895145
2153,0.43914956883734757,0.5211034967492533,0.6047023475538019,0.46633439829605966,0.6613374420123596
2154,0.3825413817028446,0.37675628184853277,0.5564567684482977,0.534778842740504,0.6931707725544707
2155,0.42940231935771633,0.38325074679318216,0.4772632988832377,0.5507106851260206,0.786695918674951
2156,0.6333967687580533,0.2835916359163591,0.5073192274973302,0.6030670926517572,0.7287179916598282
2157,0.6059213004262067,0.542133192760499,0.5183891111151332,0.631760028399006,0.6045090519334797
2158,0.48629398354643666,0.2334141627130557,0.5287422396785462,0.5521320553780616,0.5788950109695031
2159,0.42257706412924967,0.26024248813916706,0.5054078806856233,0.4986510472133475,0.5086406189814272
2160,0.422904153037962,0.3582006677209629,0.5320393129287408,0.4707703230386936,0.4669920115221651
2161,0.4219010803845772,0.24354243542435428,0.5001038932831363,0.5227674831380902,0.46461924938453547
2162,0.4051323223312519,0.20658583728694427,0.484176003185578,0.5025246716364927,0.4922376111604227
2163,0.4089265536723163,0.18741170268845544,0.5300642545566435,0.521002484913028,0.45386076267354425
2164,0.4297730201209237,0.22715164294500084,0.47643504859816466,0.5262350017749379,0.5289638425080807
2165,0.447937357518089,0.20650852222807936,0.496185632319137,0.5278750443734469,0.48114015842977004
2166,0.4746714243235206,0.20364786505007904,0.5244735651324005,0.5120212992545261,0.5024950176684363
2167,0.475957974031123,0.24555262695484098,0.46350160183894734,0.5001661341853035,0.49593676207064036
2168,0.455569432054713,0.23078545071164996,0.49921193143767306,0.5728746893858715,0.5451899984927401
2169,0.5134423629695708,0.3140537691091197,0.6372430270231135,0.5927582534611289,0.5607529600911055
2170,0.49545247299038553,0.4849973642593569,0.5102181034950859,0.5203464678736244,0.5642310462058917
2171,0.5320210129844385,0.3131259884027411,0.5306376586001557,0.4945587504437345,0.612010517325116
2172,0.5065953018138566,0.4897908979089791,0.5730854857101486,0.4840780972665956,0.5842153037128838
2173,0.4535196748934483,0.6011245826743983,0.5140089413383048,0.4876393326233582,0.6309336638140377
2174,0.35321240955496086,0.4184290985767,0.4686781661206538,0.400435924742634,0.5714672338430106
2175,0.3906095747844186,0.3462168335969074,0.5467248275986896,0.4379850905218317,0.5075058196982131
2176,0.3609317078005749,0.26147952908100514,0.5215269054643523,0.400092296769613,0.4528143893085026
2177,0.3904351273664387,0.16127921279212784,0.5472185921917139,0.414446574369897,0.48942271943193055
2178,0.37630488651006044,0.1990089615181866,0.5628757081576137,0.3595441959531416,0.45901894123360854
2179,0.4718584597085934,0.2410683535406782,0.5623660156744918,0.4807667731629393,0.4488646982967962
2180,0.5282049757161263,0.3517835178351783,0.6050049774656555,0.5966787362442314,0.5019349868533436
2181,0.5051343046882744,0.2360428747144614,0.6256475230320911,0.5105999290024849,0.5836405352447622
2182,0.45984339379522254,0.4590195044807592,0.5683708302412713,0.5083953993610223,0.5740610607760714
2183,0.4558965209634255,0.5664101212440696,0.5404970225705442,0.5833106709265176,0.5330903853561321
2184,0.4312122113192585,0.3295167808820945,0.51951999131206,0.5578956336528221,0.5468995662440757
2185,0.41956784616909504,0.177824635389211,0.5351771072779598,0.5214554490592829,0.4978673946174072
2186,0.4032352066607196,0.18872605868915832,0.4603478795996308,0.5316237131700391,0.49685049655842306
2187,0.41045296857964114,0.14581620101915302,0.49922785932777064,0.5286716364927228,0.49297449381186054
2188,0.403475071860442,0.16939729397293973,0.533361327806838,0.5162541711040114,0.5101880725494465
2189,0.42859550004955893,0.16962923914953432,0.5034009665333309,0.5171132410365636,0.480182210982901
2190,0.4349192189513332,0.15261992619926193,0.4861032778873825,0.5293432729854455,0.5665301200783776
2191,0.49314104470215075,0.363690036900369,0.5173697261488895,0.5120212992545261,0.5514240257239034
2192,0.5088195063931014,0.2954981549815498,0.6031732701044362,0.5646744763933262,0.49161862973321496
2193,0.5528456735057984,0.21764189070462134,0.6076967908921428,0.5484614838480653,0.5060467920483663
2194,0.5873644563385866,0.34289228606571776,0.6345034299263335,0.5789975150869721,0.5280206327142404
2195,0.6984438497373378,0.5468494113512564,0.5245850603630835,0.5056485623003194,0.5787034214801294
2196,0.6457607295073843,0.37173080302231587,0.5159839997104021,0.5122243521476748,0.4734323658957312
2197,0.5690256715234413,0.15540326831839743,0.5498785498380061,0.4935278665246717,0.5068278876588903
2198,0.5467618198037467,0.1267193814795291,0.5062361309706963,0.5093503727369542,0.53074709852456
2199,0.5453226286054118,0.17736074503602178,0.6146572788647758,0.4698019169329073,0.4703669340657501
2200,0.479512340172465,0.2202706027060271,0.5268627486470343,0.4703173588924387,0.5109396928539129
2201,0.37996828228763996,0.19189597610261813,0.5629872033882966,0.47943911963081287,0.5311155398502788
2202,0.48060263653483987,0.25251098225267965,0.5844579992398052,0.46014909478168264,0.6572993250824807
2203,0.5147289126771731,0.23581092953786675,0.6161545005339462,0.4956364927227547,0.5251762656796904
2204,0.5663653483992467,0.49628536285362856,0.5668098970117106,0.5821995030173944,0.6307715496307214
2205,0.49440578848250566,0.2697522403795466,0.6026317218411192,0.6927227547035854,0.6199098993485288
2206,0.5242799088115769,0.18292742927429273,0.5742641495773679,0.586822861199858,0.6107430791646431
2207,0.50046783625731,0.23666139518538043,0.5136425998660609,0.5345757898473553,0.5279764197551541
2208,0.4738427990881157,0.174113512563697,0.43779398722148816,0.5040241391551296,0.5893882199259768
2209,0.4532361978392308,0.14674398172553152,0.4567959601078752,0.5068356407525736,0.5633320493711376
2210,0.4454078699573793,0.1659954313828852,0.4653492370902641,0.48696769613063534,0.5440404615564972
2211,0.3801645356328675,0.21269372693726932,0.4280142627015873,0.4818601348952786,0.5368190115724071
2212,0.41756170086232525,0.23279564224213667,0.45391301200021716,0.5218771742988996,0.5126934735643348
2213,0.4305144216473386,0.16924266385521,0.512161306086988,0.4471068512602059,0.5119565909128971
2214,0.4904807215779562,0.20094183798980841,0.5322304476099115,0.5041178558750443,0.5064741839862003
2215,0.4777460600654177,0.4509787383588122,0.5594989954569314,0.5736869009584664,0.659568923648909
2216,0.6721895133313509,0.34273765594798805,0.6035714673568752,0.5159261625843095,0.5622709383530673
2217,0.5599544057884824,0.2961939905113337,0.54548245217108,0.4774242101526446,0.5659700892632848
2218,0.5355317672712855,0.27137585661570895,0.5516943293091278,0.4461853035143769,0.6102714742677229
2219,0.49495093666369316,0.2575364610788965,0.5781983384314648,0.4859992900248491,0.5782465542362378
2220,0.5015145207651898,0.24385169565981374,0.5309562164021069,0.49985374511892083,0.5427435480899667
2221,0.5183050847457628,0.2787207872078721,0.549018443772738,0.5078196663116791,0.563435212942339
2222,0.5448865100604618,0.21485854858548584,0.5711104273380514,0.49672985445509404,0.5542094421463382
2223,0.5441669144612944,0.24060446318748901,0.5540516570435663,0.516207312744054,0.5261047378205022
2224,0.5781841609673902,0.2956527850992795,0.5509297905844449,0.5414795882144126,0.5418445512552126
2225,0.7529586678560809,0.3537163943068002,0.6402693261416497,0.5165821796237131,0.6031089748957479
2226,0.5217722271781148,0.27995782814971004,0.6276862929645786,0.5284217252396166,0.5638478672271441
2227,0.5344850827634057,0.260938323668951,0.6696403554815472,0.6279957401490948,0.6217226306710656
2228,0.656140350877193,0.523036373220875,0.6368926134409673,0.6878182463613773,0.5595002595836613
2229,0.7381960551095252,0.5820277631347742,0.5938713822874621,0.617874334398296,0.5887987138048265
2230,0.6979859252651403,0.3376348620629063,0.6131759850857029,0.6356961306354277,0.6388330458374505
2231,0.7394389929626325,0.5079599367422246,0.616345635215117,0.540714235001775,0.5089353720420023
2232,0.6653206462483893,0.243697065542084,0.5734040435120997,0.49141924032658857,0.5355957863710203
2233,0.49372980473783323,0.20519416622737655,0.5149327589639632,0.49302804401845934,0.5149867997521395
2234,0.4346357418971156,0.2283886838868389,0.47821897228909116,0.46733404330848416,0.5067894223844853
2235,0.443903260977302,0.2167141099982428,0.46409093377255695,0.4531828186013489,0.48632781229589195
2236,0.42292595896520957,0.19800386575294318,0.4267559593838802,0.4643507277245296,0.4958188608464102
2237,0.4889106948161364,0.22862062906343344,0.5017922496334776,0.4286134185303514,0.483011840364422
2238,0.7314144117355535,0.19166403092602355,0.5119860992959149,0.5116109762158324,0.4599474133744201
2239,0.4906987808504311,0.3400316288877174,0.5261619214827417,0.5925512957046504,0.5846132203446601
2240,0.5777044305679453,0.5155368125109823,0.505599015366794,0.44497510827121045,0.5207697074240928
2241,0.5101932798096936,0.22228079423651378,0.47436442288548203,0.5197685481008165,0.5960496390949741
2242,0.47556546734066807,0.23612018977332633,0.5216224728049377,0.5142392616258431,0.6028289594882016
2243,0.5101060561007037,0.21192057634862058,0.4677384206048978,0.4873894213702521,0.5797645324981997
2244,0.4719456834175835,0.24122298365840802,0.5104541548263317,0.46043992900248487,0.5687963289846091
2245,0.42794132223213394,0.40234756633280616,0.519754768412098,0.4402614696485622,0.4855228416874613
2246,0.3658380414312618,0.28011245826743986,0.5369568897174609,0.3973090663826766,0.4748716450905194
2247,0.4023629695708197,0.3894359515023722,0.5405718836540027,0.42976675896343625,0.5182230409807239
2248,0.3885598176231539,0.36028817431031457,0.5907176600481457,0.40773020944266947,0.5172474083502203
2249,0.42582614728912666,0.20596731681602526,0.5743278611377581,0.45772807951721683,0.48265813669173185
2250,0.5969782535434632,0.37893656650852225,0.5977297543846947,0.5282705289314874,0.49120317529433444
2251,0.6027956388145504,0.4050149358636444,0.5864443664138718,0.5680657720979766,0.5071238197317078
2252,0.6503388839329963,0.3446009488666315,0.615106286086626,0.6494934185303515,0.5032506171392206
2253,0.6198882148875012,0.27843472149007203,0.5879759923256529,0.6056789776357827,0.527811947547353
2254,0.5693394588165328,0.3602572482867685,0.54560653043494,0.6033941640042598,0.5890311265930901
2255,0.5170361978392308,0.3818900017571604,0.5352524461981212,0.5122459069932552,0.524525598298471
2256,0.46354604024184753,0.316643823581093,0.5089674455646256,0.456707816826411,0.5222785483411767
2257,0.40990106056100695,0.3367998594271657,0.4225742511176673,0.4730845012424565,0.4773381387014119
2258,0.39922967588462677,0.21240766121946933,0.4150097775525349,0.4598966844160455,0.46797913952203113
2259,0.4011385667558727,0.17171674573888593,0.43025133486578937,0.43072017039403615,0.39877406842960256
2260,0.405048369511349,0.177206114918292,0.41580633133631373,0.4417824920127796,0.4185319555860729
2261,0.40864307661809884,0.20975575470040408,0.48666075404079706,0.4361263755768548,0.4338765051665522
2262,0.47966498166319754,0.21779652082235107,0.5204301109522345,0.451720837770678,0.4778197652023915
2263,0.47463326395083755,0.2216313477420488,0.5597020760556751,0.4651894923677671,0.5880232185024535
2264,0.4787000693824959,0.3109920927780706,0.5209393255986533,0.49486957756478517,0.6380065582555978
2265,0.4496382198433938,0.21354419258478294,0.4428272004923166,0.5045239616613418,0.5496702450134815
2266,0.44442660323124195,0.23727991565629936,0.48078336259479804,0.44493574724884627,0.49785265696437847
2267,0.4391277629101001,0.18926726410121245,0.531019927962497,0.5360127795527156,0.5098491065297851
2268,0.4212905144216473,0.2223581092953786,0.4905471592246013,0.5084913028044018,0.5237319756828726
2269,0.432455149172366,0.22630117729748728,0.5395732049448858,0.519018814341498,0.4699837550870024
2270,0.4463019129745267,0.24298576700052715,0.4956281561657225,0.4414924387646433,0.5038606085980808
2271,0.44883140053523635,0.193225795115094,0.5338073087295698,0.48906773162939293,0.5701753311785098
2272,0.45973436415898494,0.3121208926374978,0.560343173632102,0.5154575789847354,0.6059680795833263
2273,0.419916741005055,0.38874011597258823,0.6054350304982896,0.454010649627263,0.5397223292190718
2274,0.40750916840122897,0.32565102793885076,0.5270698112183027,0.5214242101526447,0.5331198606621895
2275,0.4557656853999405,0.3484280442804427,0.597604083331825,0.5803145473908413,0.5207885716199696
2276,0.5763524630786004,0.3536700052714813,0.6143172184111929,0.6128086332978345,0.5261153489306828
2277,0.5321518485479234,0.3544895448954489,0.5693742873174175,0.6083308484203054,0.6295483244293346
2278,0.4977202894241253,0.3302899314707433,0.5981400568336077,0.5517103301384452,0.581253035454104
2279,0.44026167112697,0.2828958003865753,0.5411659939546417,0.547508697195598,0.555123176634121
2280,0.4458657944295767,0.3206796696538394,0.4712834911039114,0.5412035924742634,0.5214436602970977
2281,0.47403905243334327,0.237225795115094,0.4678567648283227,0.5313530280440184,0.5063455242752591
2282,0.4430964416691446,0.252279037076085,0.471338123766946,0.5069762158324458,0.49914957043090885
2283,0.43433045891565064,0.22359515023721666,0.46509439084870313,0.5156450124245651,0.4647224129557368
2284,0.43123401724650606,0.21965208223510807,0.4400876033955366,0.49043521476748314,0.46488452713905315
2285,0.4452988403211418,0.19730803022315935,0.46732429546236126,0.4648036918707845,0.48150859975548893
2286,0.5113489939538111,0.20473027587418727,0.5415323354268856,0.4623982960596379,0.5551526519401785
2287,0.5616334621865398,0.3386399578281497,0.5120657387464026,0.5094284700035498,0.5546957846962871
2288,0.651321240955496,0.3292848357054999,0.5005498742058679,0.5297337593184238,0.46140644102426687
2289,0.5135513926058082,0.2167141099982428,0.4906745823453818,0.49546467873624417,0.5288754165899081
2290,0.4560273565269105,0.23225443683008257,0.45424749769226586,0.5062733404330847,0.47698414027566116
2291,0.3714857765883635,0.19011772974872604,0.47396622563304314,0.5309364572239971,0.49356399993301076
2292,0.36555456437704426,0.3065542083992268,0.45220872775977844,0.5018998935037274,0.4562777377702601
2293,0.37163841807909603,0.24524336671938152,0.4763394812575793,0.4459822506212282,0.44566662758955633
2294,0.3982198433937952,0.15308381655245124,0.4322510814675379,0.353062122825701,0.44429602585788214
2295,0.466973932005154,0.21323493234932347,0.5297934804249851,0.3736641817536386,0.4349376161846226
2296,0.4562672217266329,0.20604463187489017,0.5129736284819635,0.4293631522896698,0.41415752541407785
2297,0.48038457726236494,0.2369706554208399,0.5328994189940089,0.37803762868299606,0.38121887089481
2298,0.46289622360987215,0.22228079423651378,0.5277228547123024,0.39095491657791975,0.4309584498668588
2299,0.3969769055406878,0.23209980671235284,0.47575014932396964,0.5032431664891729,0.48122858434794263
2300,0.5165606105659629,0.327351959233878,0.5592122934351753,0.4908100816471423,0.4576483395019344
2301,0.6247180097135494,0.23534703918467756,0.5291563648210827,0.4785019524316649,0.42575605834770813
2302,0.4981346020418278,0.5244280442804429,0.5458806494235189,0.5265317713880014,0.43290382006665434
2303,0.45775002477946275,0.32410472676155333,0.537550362902496,0.5366531771388001,0.4000535914655591
2304,0.5318901774209535,0.21087682305394478,0.49663336530977936,0.4221735179268725,0.443742921739713
2305,0.4812568143522648,0.28215357582147255,0.4619456062553169,0.40752543840965566,0.43901611428380033
2306,0.43232431360888096,0.2500214373572307,0.423938952741226,0.40671416400425986,0.44539692853913015
2307,0.471662206363366,0.18779827798277982,0.44432728918170467,0.424187021654242,0.4843534089196295
2308,0.4294241252849638,0.1737269372693727,0.4446660754040797,0.4070841888533901,0.4299596791211
2309,0.43651105164040044,0.19811210683535402,0.4387380332675703,0.42269380191693284,0.44115174758419723
2310,0.41592625631876295,0.18013635564927077,0.461246212601133,0.42553216897408586,0.41957862370417515
2311,0.5200277529983149,0.18786013002987173,0.42174584155369327,0.4236337806176783,0.4919323943661972
2312,0.5693745663594013,0.21325039536109647,0.48877470361454506,0.4914628186013489,0.5225862705364172
2313,0.5449519278422044,0.21285608856088561,0.48769877463845496,0.4537508981185658,0.46253460836361815
2314,0.5653622757458618,0.3909281321384643,0.4941841336494778,0.43487353922612704,0.5024603841838187
2315,0.5209872137972049,0.37640836408364087,0.4946084526416768,0.42188877529286467,0.5239651253537874
2316,0.3932480919813658,0.3316893340361975,0.49893271552426294,0.42945452609158674,0.4977904640685971
2317,0.5414193676281098,0.32116675452468807,0.4977147097685026,0.4330962016329428,0.5194138433454473
2318,0.40694221429279404,0.2034159198734844,0.5494803525855672,0.4372822151224706,0.5348146907604964
2319,0.3453186638913668,0.16499033561764187,0.5642614345961012,0.4236151934682285,0.46697727386913634
2320,0.44327088908712453,0.2576137761377613,0.6392658690655033,0.5366219382321619,0.4928418549346017
2321,0.4213777381306374,0.41541381128097,0.5758250828069286,0.5321703940362087,0.45841469745942964
2322,0.3843294677371394,0.28567914250571075,0.49916414776738033,0.4993695420660277,0.5274753395521763
2323,0.3320824660521359,0.21872430152872957,0.4985111042733805,0.5024153354632587,0.5759769556698097
2324,0.36391911983348196,0.24825865401511152,0.5124161523285489,0.6251842385516506,0.48305605332350826
2325,0.4186956090791951,0.30005974345457737,0.48030552589187137,0.5699382321618742,0.4850751117884477
2326,0.3802953711963524,0.19692145492883503,0.5375185071223009,0.4828597799077033,0.522376111604227
2327,0.3678005748835365,0.29085925144965735,0.4640590779923619,0.48017323393681216,0.48979116075764934
2328,0.4231876300921796,0.21090774907749077,0.4631352603667035,0.4871863684771033,0.4672425516236539
2329,0.4238854197640995,0.18602776313477418,0.5102658871653786,0.4431707490237842,0.43470181373616246
2330,0.38234512835761714,0.17326304691618338,0.4356277941682202,0.43315867944621933,0.47724941803017873
2331,0.4093190603627713,0.17852047091899487,0.4544545602635342,0.4270827121050763,0.44887943594982493
2332,0.36716820299335906,0.15880513090845189,0.4751289616101648,0.4431395101171458,0.4489236489089113
2333,0.42754881554167906,0.19831312598840276,0.4184734565331499,0.41721121760738367,0.4199346854013498
2334,0.455831103181683,0.19019504480759086,0.43905229053919526,0.38031806886758956,0.48480983403393013
2335,0.41398552879373574,0.16460376032331747,0.45736936415138735,0.44631025914093003,0.4619222588802734
2336,0.4184775498067201,0.2539799683711123,0.45115748701333963,0.47451899183528573,0.4249160121250691
2337,0.44200614530676974,0.27098928132138467,0.4142366377671994,0.3910173943911962,0.47627673293028083
2338,0.5190682921994251,0.2422280794236514,0.5332339046860576,0.43312744053958113,0.5387791194252316
2339,0.6348795718108831,0.22854331400456865,0.5941103006389254,0.44540433084842024,0.6253480933161395
2340,0.49695708197046284,0.17674222456510277,0.541261561295227,0.4547760028399006,0.6238006397481201
2341,0.42541183467142435,0.3235635213494992,0.5499741171785915,0.4443422080227191,0.5625656914136423
2342,0.37783130141738525,0.2693656650852223,0.5515828340784449,0.5168477103301385,0.5556537321431563
2343,0.45639805729011795,0.3664733790195045,0.5266238302955709,0.5998338658146964,0.626276565456951
2344,0.4984398850232927,0.3638446670180988,0.5698521240203442,0.5230330138445153,0.5673996416070741
2345,0.4834810189315096,0.36755578984361265,0.5798548390016108,0.5114902378416755,0.5916725561454338
2346,0.4578808603429478,0.3681743103145317,0.5633535448605405,0.5517728079517217,0.5621825124348947
2347,0.36322133016156205,0.3708030223159374,0.5823077340766347,0.5749520766773163,0.6348538795196865
2348,0.4051759341857468,0.3605201194869092,0.5506430885626888,0.6004742634007809,0.49278290432248667
2349,0.3826504113390821,0.47525566684238274,0.5158087929193288,0.565939652112176,0.5181906181440606
2350,0.3398235702249975,0.47370936566508526,0.5076696410794765,0.4923407880724175,0.5546810470432584
2351,0.32131033799187225,0.3632261465471798,0.49589893029738097,0.47783031593894204,0.47559880089095813
2352,0.32453761522450186,0.27021613073273587,0.45807019131567994,0.4179921902733404,0.48302657801745075
2353,0.33594211517494293,0.20952380952380953,0.420273308114174,0.37617891373801915,0.48314447924168075
2354,0.27516899593616806,0.18509225092250922,0.46202030805987443,0.37647568335108267,0.45277017634941635
2355,0.30866290018832393,0.16591811632402037,0.4149374649314919,0.3942974795882144,0.46647619366615867
2356,0.3008345723064723,0.21284835705499908,0.39208094264149573,0.393313454029109,0.4548481854264709
2357,0.2978253543463177,0.2579230363732209,0.4705735850422632,0.40162300319488814,0.4210989599906215
2358,0.42813757557736143,0.2034932349323493,0.46197252438958175,0.41522754703585363,0.4690700205992196
2359,0.41551194370106054,0.33206817782463544,0.46603413636445906,0.44890308839190624,0.5454847515533151
2360,0.5385845970859352,0.32317694605517483,0.4786649532118228,0.47176996805111815,0.5102617608145903
2361,0.44117752007136485,0.20790019328764717,0.4749696827091893,0.40159176428824983,0.5413287333992063
2362,0.4146179006839131,0.16375329467580388,0.4435598834368043,0.4135562655307064,0.4942419319723334
2363,0.4726434730895034,0.18532419609910378,0.5144230664808412,0.4682087326943557,0.4683626132538394
2364,0.3965189810684905,0.18161307327358986,0.5066343282231353,0.4026070287539936,0.45761886419587683
2365,0.32924769550996136,0.1533930767879107,0.47616427446650617,0.38033368832090875,0.4581641573579408
2366,0.40334423629695704,0.2017149885784572,0.4420467338775362,0.3997955271565495,0.44229170504597143
2367,0.6123540489642184,0.25676331049024775,0.4476374233017792,0.3647610933617323,0.49316608330123435
2368,0.5254356229556942,0.21934282199964852,0.5503563865409328,0.4053716719914802,0.542964612885398
2369,0.5062900188323918,0.27129854155684413,0.48290177197777334,0.3839730209442669,0.5791013381119057
2370,0.45613638616314794,0.26062906343349146,0.5250628970660103,0.3857223997160099,0.49188390748773253
2371,0.43888789771037756,0.2451660516605166,0.5317526109069847,0.5322953496627618,0.4931808209542631
2372,0.676005550599663,0.22266736953083816,0.5970728881970714,0.5258913738019169,0.5290964813853394
2373,0.6223411636435722,0.27918467756106136,0.6293427935347246,0.5146453674121405,0.49107333657115104
2374,0.5053087521062544,0.28227727991565627,0.5997647016235588,0.5070699325523607,0.5342104469863174
2375,0.5107166220636337,0.4481180811808118,0.556663831019566,0.4882328718494852,0.5677533452797643
2376,0.46945980771136875,0.15988754173256015,0.47511303372006736,0.49830741924032657,0.4417611495369363
2377,0.3915690355833085,0.16189773326304688,0.4570030226791435,0.47923606673766417,0.3940258913767982
2378,0.37477847160273564,0.20070989281321386,0.39971040199822616,0.45871210507632226,0.4158376178593559
2379,0.41006046188918627,0.15548058337726234,0.3985795218012995,0.43258075967341136,0.4044454120681282
2380,0.4088175240360789,0.19058162010191523,0.40295969157812805,0.4224749733759318,0.4108857664416941
2381,0.40565566458519176,0.1850149358636443,0.41990696664193017,0.44376428824991127,0.41826933060910054
2382,0.4475230449003865,0.18625197680548228,0.5091350069684519,0.41757046503372386,0.4413632329051599
2383,0.7132064624838933,0.4499736425935688,0.4850520371409437,0.46603762868299603,0.5963296545025205
2384,0.5958251561106156,0.34791776489193466,0.4842556426360658,0.4840624778132765,0.5513355998057309
2385,0.5197442759440976,0.3145949745211738,0.42474904523158785,0.48190699325523606,0.4164271239805061
2386,0.5079472693032016,0.21594095940959404,0.4526387807924125,0.44657578984735535,0.47533352313644056
2387,0.591289523243136,0.19869970128272704,0.5856844467773172,0.4790173943911962,0.464530823466363
2388,0.4581207255426702,0.20836408364083636,0.4740458650835309,0.38266098686545963,0.40653815879821137
2389,0.43699078203984537,0.17133017044456156,0.48753678799616285,0.36776002839900607,0.3824126207901392
2390,0.3686073941916939,0.193210332103321,0.5061724194103061,0.35845083422080226,0.47867897037396795
2391,0.35258003766478346,0.15231066596380247,0.4521450161993882,0.35812282570110043,0.4899385372879369
2392,0.44076320745366243,0.25815498154981553,0.5190899382794258,0.3245253816116436,0.4403905478052621
2393,0.4193497868966201,0.2157090142329994,0.5450683270285435,0.378615548455804,0.531174490462394
2394,0.33541877292100303,0.3254190827622561,0.43491103911383006,0.42200638977635774,0.4998569777762892
2395,0.34366141342055706,0.49976454050254787,0.48879509131386994,0.47748668796592114,0.4275393143641875
2396,0.4458657944295767,0.31900193287647166,0.4440695759199261,0.4765963791267306,0.5633615246771951
2397,0.6046565566458519,0.19699876998769986,0.449771760574852,0.4830472133475328,0.6211331245499154
2398,0.5635959956388145,0.3063995782814971,0.48661297037050444,0.4857025204117856,0.5752548106714006
2399,0.4173654475170978,0.16676858197153396,0.530701370160546,0.44521689740859066,0.5319850613789754
2400,0.41125978788779854,0.2625619399051133,0.44123441148256076,0.4695988640397586,0.49493460166468495
2401,0.36607790663098416,0.10360217887893165,0.3958717804847146,0.47672133475328365,0.44453182830634225
2402,0.3870334027158291,0.12764716218590758,0.43486325544353743,0.4192886048988286,0.46128853980003687
2403,0.40591733571216165,0.10452995958531007,0.3733656717768647,0.44171813986510466,0.4371040511798496
2404,0.41498860144712063,0.12880688806888066,0.40369237452261575,0.43579836705715297,0.45471554654921204
2405,0.375628902765388,0.14140924266385513,0.4797321218483592,0.4159148029818956,0.4618485706151296
2406,0.4140073347209833,0.11806009488666316,0.5124957917790367,0.45258927937522186,0.47888529751637054
2407,0.5650351868371494,0.266505007907222,0.4772632988832377,0.4991040113596024,0.6268513339250724
2408,0.5686549707602339,0.33732560182744686,0.5093739253199153,0.4839843805466808,0.55560951918407
2409,0.4782039845376152,0.23581092953786675,0.4738228746221651,0.43244018459353917,0.460920098474318
2410,0.4956487263356131,0.14457916007731506,0.42439863164944164,0.3758977635782747,0.4528880775736464
2411,0.6097373376945188,0.11148831488314881,0.46463248203587393,0.3610905218317358,0.44827519217564604
2412,0.4222499752205372,0.14001757160428743,0.5141204365689876,0.3100461483848065,0.41048784980991776
2413,0.348000792942809,0.10313828852574236,0.5181979764339626,0.3513127440539581,0.3482360034164559
2414,0.34675785508970164,0.11999297135828499,0.4599974660174844,0.3189492367767128,0.3962365393311115
2415,0.36413717910595694,0.11543138288525738,0.5054875201361111,0.3180276890308839,0.4410684798445848
2416,0.46586182971553175,0.11110173958882442,0.5784531846730258,0.27640184593539224,0.49029224096062707
2417,0.42951134899395377,0.11357582147250038,0.43801697768285397,0.350484913028044,0.4522396208403812
2418,0.5403726831202299,0.10831839746968891,0.48191424279172473,0.36298047568335107,0.4680089095811492
2419,0.4752601843592031,0.33778949218063603,0.5069847418052815,0.3669321973730919,0.5094954028570949
2420,0.4428129646149271,0.15532595325953252,0.43809661713334175,0.4982761803336883,0.5201212506908275
2421,0.4659926652790167,0.3614479001932876,0.49605820919835647,0.4551196308129215,0.5508787325618395
2422,0.3560035682426405,0.2333368476541908,0.4932867563213813,0.4138217962371316,0.5260015742493008
2423,0.3540846466448607,0.1587278158495871,0.4587710184799725,0.4167270145544905,0.4789000351693993
2424,0.34305084745762704,0.1466666666666666,0.413456171152419,0.4491217607383742,0.47002796804608865
2425,0.3866190900981266,0.10391143911439113,0.4183778891925646,0.42544266950656723,0.3930089933178142
2426,0.3814292794132223,0.14001757160428743,0.40781769805788337,0.46086758963436275,0.38248630905528286
2427,0.36367925463375955,0.09270075557898436,0.43825589603431736,0.43687610933617316,0.4138627723535027
2428,0.3932044801268708,0.12749253206817776,0.42454198266031956,0.39546893858714943,0.41669240173502375
2429,0.3930082267816433,0.2650360217887893,0.4222961501565639,0.381645722399716,0.4565724908308352
2430,0.41365843988502327,0.12702864171498857,0.518038697532987,0.4818445154419595,0.43554185995880157
2431,0.5094518782832788,0.37088033737480225,0.48691560028235803,0.471754348597799,0.561622481619802
2432,0.5381920903954802,0.3697206114918292,0.42231207804666143,0.42505218317358884,0.45335968247056657
2433,0.5029973238180195,0.21269372693726932,0.4314706148527575,0.4740972665956692,0.45206276900403614
2434,0.4342650411339082,0.1434967492532068,0.5216384006950352,0.45622861199858,0.4987663914521613
2435,0.3190861334126276,0.11790546476893334,0.49602635341816137,0.33053887113951,0.4571914722580429
2436,0.4283120229953414,0.3074819891056053,0.49718908939528317,0.3443308484203053,0.4088961832828122
2437,0.39852512637526016,0.3166824811105254,0.4986225995040634,0.38531629392971245,0.35772705196697424
2438,0.3748875012389731,0.3951572658583729,0.6248670564173107,0.3674476393326233,0.3971650114719231
2439,0.3302507681633462,0.40296608680372514,0.5510412858151278,0.30059637912673054,0.41246269531577096
2440,0.41439984141143815,0.40497627833421196,0.5196314865427429,0.2918807241746538,0.3972976503491819
2441,0.3789434037070076,0.3399543138288526,0.48661297037050444,0.29979978700745474,0.42839409823985525
2442,0.33258400237882846,0.42623791952205237,0.49674310847255154,0.31844941427050055,0.4711775049823316
2443,0.3606482307463574,0.5822597083113689,0.5175608608300603,0.37502307419240327,0.44432550116393965
2444,0.44466646843096436,0.37930767879107363,0.5197589096635233,0.4385942492012778,0.4772052050710925
2445,0.4358132619684805,0.4007239500966438,0.5237886658582056,0.39515654952076673,0.5331493359682471
2446,0.3849400337000693,0.4192022491653488,0.49585114662708824,0.33739581114660977,0.5054720235802449
2447,0.3282228169293289,0.37482340537691095,0.5134833209650853,0.34165992190273337,0.5034824404213628
2448,0.32828823471107144,0.35673168160253027,0.5201571069159622,0.34198793042243514,0.41969888295288976
2449,0.312173654475171,0.3073273589878756,0.40937863128744406,0.347923322683706,0.3953817554554437
2450,0.2678203984537615,0.4567000527148129,0.3426248438885771,0.38637841675541346,0.37514695784696284
2451,0.2998751115075825,0.3037708662800913,0.4023225759742257,0.3898771742988995,0.36954664969603584
2452,0.39425116463475063,0.331681602530311,0.36673966949628045,0.35752928647497334,0.3891772035303378
2453,0.3610843492913074,0.3207801792303637,0.4017650998208112,0.3746325878594248,0.38684865435179444
2454,0.38685895529784914,0.3311403971182569,0.46346974605875213,0.4617891373801917,0.3945417092328047
2455,0.48727525027257407,0.5821050781936391,0.5430773407663486,0.45885268015619446,0.5275637654703488
2456,0.460344930121915,0.6799086276577052,0.5126072870097196,0.3556705715299964,0.48752156219122106
2457,0.4785092675190802,0.49736777367773677,0.47245307607377507,0.36024707135250267,0.44787727554386964
2458,0.3566141342055704,0.36709189949042353,0.4523042951003638,0.41364998225062116,0.5121923933613572
2459,0.36313410645257205,0.35557195571955724,0.3967637423301779,0.38711253106141286,0.4683331379477818
2460,0.42600059470710677,0.37211737831664027,0.39708230013212903,0.3459084132055378,0.4539639262447456
2461,0.3574427594409753,0.3063222632226322,0.527308729569766,0.313138800141995,0.4056686372695148
2462,0.4019050450986222,0.3103426462836057,0.47176817679958,0.301471068512602,0.48304131567047953
2463,0.4133313509763108,0.33833069759269024,0.5151079657550364,0.4305346112886049,0.4618485706151296
2464,0.34366141342055706,0.44695835529783867,0.4410273489112925,0.35025062122825695,0.46302758285743
2465,0.4082723758548914,0.39113688279739944,0.43948234357182925,0.34779836705715295,0.4186377719348193
2466,0.4319536128456735,0.3899771569144262,0.5029231298304041,0.34548668796592114,0.4072160908375341
2467,0.383391812865497,0.5302266736953084,0.4478285579829499,0.37805324813631525,0.4095593776691062
2468,0.41470512439290313,0.5402003162888772,0.49640862278050274,0.4071679091231807,0.4498226457436653
2469,0.41917533947864,0.6145774029168863,0.5055193759163061,0.44373304934327296,0.3998030513640703
2470,0.40628803647536926,0.37644702161307325,0.4502655251678763,0.4318154064607739,0.4632928606119476
2471,0.34409753196550696,0.31026533122474076,0.4684233198790928,0.3406915157969471,0.4314742677228651
2472,0.303538507285162,0.3149815498154981,0.42610291588988036,0.37047781327653534,0.4087488067525247
2473,0.2672316384180791,0.4332735898787559,0.4104139441437854,0.37649130280440174,0.3720225754048668
2474,0.3191297452671226,0.22112106835354067,0.3772361490705714,0.39782747603833857,0.35159618830701206
2475,0.2981088314005351,0.22761553329819015,0.3728241235135477,0.38473837415690454,0.3797598432449632
2476,0.2712439290316186,0.23225443683008257,0.39090227877427647,0.3972026979055733,0.38301686456431816
2477,0.3189334919218951,0.32650149358636443,0.3809154916831073,0.40421583244586434,0.38852874679707256
2478,0.32745960947566655,0.2539026533122474,0.3726170609422795,0.3695718849840255,0.39227211066637635
2479,0.315509961344038,0.257227200843437,0.3763441872251081,0.33127298544550937,0.3865686389442481
2480,0.35927445732976504,0.24655772272008436,0.48438306575684625,0.4116350727724529,0.3247294468355914
2481,0.3944038061254832,0.3017606747496046,0.459471845644265,0.32497834575789847,0.3950427894357823
2482,0.5541322232134007,0.2120752064663503,0.4498991836956324,0.37385161519346816,0.4215853025405705
2483,0.39483992467043305,0.3095694956949569,0.43299969230212304,0.4457948171813987,0.38645073772001814
2484,0.33766478342749523,0.2139307678791073,0.5126550706800123,0.34417465388711393,0.4031632362546265
2485,0.31500842501734555,0.23001230012300125,0.45955148509475285,0.39504721334753284,0.3272348478504798
2486,0.3226841114084646,0.21493586364435072,0.45850024434831393,0.33628682996095133,0.3437999698548006
2487,0.3082703934978689,0.2743911439114391,0.4335730963456351,0.3115924742634008,0.40235266533804487
2488,0.28027158291208243,0.32170795993674217,0.4822328005936759,0.27483990060347885,0.38031987406005596
2489,0.41398552879373574,0.289235635213495,0.4971731615051856,0.4070741924032659,0.34441895128200833
2490,0.31252254931113094,0.336629766297663,0.5479831309163967,0.40324742634007804,0.39692920902346296
2491,0.3185627911586877,0.4365981374099455,0.4277594164600264,0.36135605253816117,0.43859255413575393
2492,0.3527326791555158,0.39995079950799506,0.46120798566489885,0.3515938942137025,0.41549865183969453
2493,0.2971275646743978,0.3190792479353365,0.5412137776249344,0.32294781682641105,0.3540426387097854
2494,0.30454157993854686,0.2993639079247935,0.4273452913174899,0.3508597799077032,0.3602471906348914
2495,0.3058063237189017,0.24168687401159727,0.3742735615124255,0.32550940717074894,0.3521709567751336
2496,0.2954485082763405,0.33840801265155507,0.3966522470994949,0.305563365282215,0.36108723685753047
2497,0.23123005253246104,0.2346512036548937,0.377140581729986,0.28183741569045073,0.34371154393662806
2498,0.29998414114381994,0.2422280794236514,0.4079610490687614,0.27894781682641107,0.32184086684195545
2499,0.24902368916641887,0.19831312598840276,0.35565385798837984,0.2482868299609514,0.3335867763058733
2500,0.260122906135395,0.22552802670883845,0.33235135477565203,0.2696854810081646,0.3510803704510056
2501,0.2816453563286748,0.19962748198910554,0.35334431392423393,0.2931302804401845,0.33142034131064624
2502,0.3062424422638517,0.21168863117202602,0.31336530977936244,0.34422151224707126,0.31780274991207647
2503,0.267144414709089,0.20070989281321386,0.36618219334286584,0.30586013489527863,0.324935773977994
2504,0.3068312022995341,0.23356879283078544,0.3994396278665677,0.3398949236776712,0.3578744284972618
2505,0.36723362077510163,0.2324090669478123,0.4465065431048526,0.353874334398296,0.34315151312153536
2506,0.40138170284468233,0.3503145317167457,0.4445951962931456,0.4354391196308129,0.3797451055919345
2507,0.3724234314600059,0.24640309260235452,0.4585639559087042,0.3999985800496983,0.5575548893838657
2508,0.3532778273367033,0.2674327886136005,0.43573928939890305,0.3673695420660276,0.4977642310462059
2509,0.3619129745267123,0.28258654015111573,0.457560498832558,0.49343414980475686,0.3990514310596038
2510,0.40458717415006434,0.35959233878053065,0.47783670292674973,0.46799006034788776,0.38390112374604346
2511,0.3502904153037962,0.24941837989808469,0.4810541367264566,0.413509407170749,0.4192714910150559
2512,0.3342412528496382,0.33322790370760846,0.44523231189704787,0.42347461838835637,0.4025000418683325
2513,0.40439092080483696,0.33183623264804074,0.5342373617622038,0.4719574014909478,0.44523923565172246
2514,0.5453226286054118,0.2284659989457037,0.48632626834874837,0.4427177848775293,0.4821275811826966
2515,0.41801962533452275,0.48337374802319455,0.49895708519611215,0.4465133120340788,0.5028929343002126
2516,0.368127663792249,0.25529432437181515,0.49237886658582053,0.5323734469293575,0.4537870744084005
2517,0.33973634651600754,0.367401159725883,0.4294796285905627,0.4727383741569045,0.45582087052636866
2518,0.32676181980374663,0.3392584782990687,0.4711151333055802,0.4244742634007809,0.45900420358057986
2519,0.3132857567647933,0.5170057986294149,0.43003710474397716,0.35246858359957395,0.4004515080973355
2520,0.36387550797898705,0.3140537691091197,0.3338007927745298,0.33748952786652464,0.3849032841519988
2521,0.30835761720685895,0.18949920927780708,0.33337073974189574,0.3166063187788427,0.33134665304550254
2522,0.2572445237387253,0.22583728694429803,0.4038357255334938,0.3099368122115726,0.32341779571603224
2523,0.3343720884131231,0.18609734668775255,0.35117812087096595,0.3226666666666666,0.3104044480916414
2524,0.29444543562295566,0.2257599718854331,0.36828467483574356,0.3271338303159389,0.32779487866557244
2525,0.26230349886014465,0.19653487963451055,0.30594291299390025,0.29099041533546316,0.3447137043425834
2526,0.34869858261472886,0.2070497276401335,0.35409292475881915,0.3397855875044374,0.3443452630168646
2527,0.35044305679452875,0.2432331751888947,0.33450161993882244,0.3694156904508342,0.4591515801108674
2528,0.43849539101992274,0.24833596907397643,0.4075628518163224,0.37867802626908054,0.42208638274354804
2529,0.32240063435424715,0.4251555086979441,0.39889807960325074,0.36090308839190627,0.43527658220428395
2530,0.29799980176429774,0.22761553329819015,0.39572842947383663,0.36985303514376994,0.4264045150809734
2531,0.3328892853602934,0.2604744333157617,0.43691795326612237,0.3351466098686546,0.42416439182060256
2532,0.3748220834572306,0.2580003514320858,0.4268515267244656,0.3050635427760028,0.40376748002880536
2533,0.33053424521756364,0.4505921630644878,0.38986696591793507,0.2977536386226481,0.3420167138383213
2534,0.3256715234413718,0.46659638024951683,0.4054762982135423,0.2956918707845225,0.38606755874127047
2535,0.5158410149667955,0.188262168335969,0.4974917193071368,0.2785417110401135,0.43439232302255865
2536,0.44907126573495887,0.3548761201897733,0.4754156636319209,0.32311963081292155,0.43032473078662226
2537,0.35497868966200813,0.22823405376910907,0.3688262230990606,0.3642456514022009,0.4387399306660414
2538,0.34780453959758145,0.28119486909154806,0.45302105015475386,0.3833794817181398,0.4683920885598969
2539,0.5478957280206166,0.31204357757863294,0.507542217958696,0.44307703230386936,0.41424595133225034
2540,0.4820636336604222,0.41270778422069937,0.4394345599015367,0.49241888533901307,0.46118537622883554
2541,0.6175002477946278,0.31900193287647166,0.4876482832268457,0.494386936457224,0.5748274187335667
2542,0.4532143919119833,0.3629168863117202,0.4441969990407066,0.43526730564430244,0.5347999531074675
2543,0.33598572702943796,0.6353751537515375,0.44938949121251065,0.4372509762158324,0.5041014218485705
2544,0.28240856378233714,0.3329959585310139,0.40039530127242123,0.37271139510117135,0.47449347691380145
2545,0.3915690355833085,0.23140397118256897,0.36376115404803705,0.32322896698615544,0.4664172430540436
2546,0.34911289523243133,0.21424002811456677,0.3257731361653604,0.3403791267305644,0.3896193331212004
2547,0.2798790762216275,0.2092918643472149,0.3248333906496045,0.30462619808306707,0.30873909329939214
2548,0.2847199920705719,0.22173958882445965,0.34993574544335637,0.31726233581824637,0.350697191472258
2549,0.3123262959659034,0.19638024951678082,0.3112469003963873,0.31560667376641816,0.3834000435430658
2550,0.28670433145009405,0.22390441047267612,0.4010961284367138,0.32416613418530354,0.35060876555408554
2551,0.3237307959163445,0.3038481813389562,0.3878281959854477,0.4296911608093717,0.46227596255296344
2552,0.44141738527108726,0.2539026533122474,0.4172947926659306,0.35929428470003544,0.4177092997940078
2553,0.46030131826742005,0.3503145317167457,0.4941787181668446,0.40427831025914085,0.42468020967660897
2554,0.38448210922787196,0.19514320857494286,0.4211493420695397,0.33503727369542063,0.4255644688583344
2555,0.2960154623847755,0.21965208223510807,0.3520382269362341,0.3984991125310614,0.44610875718041904
2556,0.3117157300029735,0.22050254788262166,0.3725374214917917,0.37107135250266243,0.3489728860678936
2557,0.3215938150460898,0.22359515023721666,0.4222802222664664,0.2911466098686546,0.35669541625496143
2558,0.3310357815442561,0.2305535055350553,0.47490597114879907,0.2771671991480298,0.3507414044313443
2559,0.36712459113886403,0.2052714812862414,0.43419428405944,0.33375647852325163,0.33585637487230163
2560,0.30146694419664977,0.2856018274468459,0.47476262013792103,0.37761590344337936,0.35952504563648235
2561,0.2903241153731787,0.24934106483921983,0.3739709316005719,0.3121079162229321,0.3587439500259584
2562,0.32377440777083955,0.3422737655947987,0.39571250158373905,0.36919701810436634,0.4347607643482775
2563,0.36690653186638905,0.3541029696011246,0.3644141975420369,0.4225686900958465,0.39822612248999345
2564,0.3657944295767667,0.30895097522403797,0.4293840612499773,0.6537678381256655,0.4438538962670195
2565,0.4317791654276934,0.3933790195044808,0.4460446342920234,0.5752644657436989,0.4598295121501901
2566,0.41115075825156105,0.29696714109998246,0.5037991637857698,0.43993752218672344,0.5275048148582339
2567,0.3254534641688968,0.3043893867510104,0.42175460189324687,0.3907206247781327,0.40742241797993667
2568,0.3086192883338289,0.36484976278334214,0.36702637151803646,0.35448349307774224,0.37670914906801084
2569,0.27772028942412524,0.24686698295554382,0.3547937519231117,0.3026112886048988,0.32788330458374504
2570,0.25707007632074536,0.22614654717975743,0.35565385798837984,0.3365211217607384,0.3489876237209224
2571,0.3224660521359897,0.2174872605868916,0.29603576535321907,0.28471139510117144,0.3295486593759943
2572,0.28480721577956186,0.2379757511860833,0.3345812593893102,0.31804330848420304,0.30756008105709165
2573,0.32290217068093957,0.20326128975575466,0.3126644826150699,0.28727298544550933,0.36668754500845735
2574,0.3681058578650015,0.23782112106835357,0.3932755343988126,0.3405977990770323,0.36064510726666776
2575,0.3072237089899891,0.23735723071516426,0.4210537747289543,0.3746325878594248,0.44879101003165245
2576,0.42750520368718403,0.2355016693024073,0.38570978660247246,0.32611856585019516,0.42202743213143307
2577,0.3645296857964119,0.30353892110349673,0.37914749588227836,0.37332055378061757,0.3565775150307314
2578,0.3422222222222222,0.37173080302231587,0.367838693913012,0.3356464323748668,0.3440505099562895
2579,0.30953513727822374,0.31583201546301176,0.3988025122626654,0.34447142350017745,0.37844819212540404
2580,0.23334522747546832,0.2838235810929538,0.32650581910984805,0.32271352502662404,0.2774363182663161
2581,0.2500921796015462,0.2868388683886839,0.40773805860739554,0.3352559460418885,0.3147520557351241
2582,0.27309743284765586,0.22916183447548757,0.38021466451881475,0.2720127795527156,0.3596429468607124
2583,0.48884527703439384,0.2657318573185732,0.38494524787778955,0.26770181043663466,0.3571375458458241
2584,0.3324313608880959,0.2593920224916535,0.46101685098372824,0.2553468228611998,0.3624578385892047
2585,0.3775696302904153,0.19692145492883503,0.473392821589531,0.2904593539226127,0.29516571485990856
2586,0.3914600059470711,0.38015814443858725,0.4144118445582725,0.34551792687255944,0.33843546415233366
2587,0.439258598473585,0.3924512387981023,0.34963311553150284,0.3567170749023784,0.3159900185895396
2588,0.32658737238576663,0.3379441222983659,0.4083273905410052,0.35721689740859064,0.3784629297784327
2589,0.2939875111507582,0.22668775259181165,0.3959514199352024,0.3326162584309549,0.48840582137294636
2590,0.31958766973932,0.23171323141802844,0.39424713569476366,0.261313454029109,0.4352913198573128
2591,0.29616810387550796,0.2341099982428396,0.3725214936016941,0.3078125665601703,0.3613672522650768
2592,0.26439686787590444,0.21563169917413458,0.3525160636391609,0.33606815761448344,0.36941401081877706
2593,0.2588363564277926,0.21640484976278335,0.3137316512516063,0.2821966631167908,0.3547205707491082
2594,0.22590940628407177,0.174113512563697,0.30982931817770454,0.25678381256656013,0.30218083770159604
2595,0.4694161958568738,0.21686874011597257,0.31484660355843547,0.267514376996805,0.3030356215772639
2596,0.5529983149965308,0.184009840098401,0.3220778656627269,0.305438409655662,0.32539264122188544
2597,0.4742134998513233,0.23217712177121774,0.32252384658545846,0.2690763223287184,0.3092401735023697
2598,0.3191297452671226,0.30964681075382183,0.37712465383988847,0.33394391196308126,0.36901609418700076
2599,0.3448389334919219,0.2638762959058162,0.36532208727759774,0.342206602768903,0.4128311366414898
2600,0.4767211814847854,0.4600246002460025,0.33932777063838254,0.33752076677316295,0.3892508917954815
2601,0.47656853999405296,0.5139131962748199,0.31443247841589894,0.27087255946041877,0.35553114166568967
2602,0.2943800178412131,0.45237040941837986,0.2830226791435138,0.2588299609513666,0.3228725025539683
2603,0.3722053721875309,0.41371287998594264,0.3322717153251642,0.24258572949946744,0.3207060675587412
2604,0.3756070968381406,0.29913196274819887,0.289871671885464,0.2863982960596379,0.29986702617608146
2605,0.28594112399643173,0.1799894570374275,0.3388180781552607,0.25134824281150153,0.28946224313778024
2606,0.2657706412924968,0.19429274292742926,0.3817915256384731,0.24705289314873974,0.26881479124449426
2607,0.3442283675289919,0.340263574064312,0.3998856087892993,0.21448633297834574,0.3151057594078143
2608,0.3583804143126177,0.40080126515550873,0.4238889391663197,0.2711693290734824,0.3464380097469478
2609,0.30809594607988894,0.3146722895800386,0.39243135622364206,0.31605963791267305,0.3147962686942104
2610,0.3182793141044702,0.2621753646107889,0.35686437763579426,0.3584039758608449,0.3635189496072751
2611,0.3449261572009118,0.27547355473554735,0.38297018950569234,0.3017365992190273,0.2960352363886051
2612,0.33018535038160374,0.25823229660868036,0.40431356223642057,0.35632658856939997,0.3469685652559829
2613,0.30855387055208644,0.3090282902829028,0.4439580806892433,0.4828285410010649,0.370018254592956
2614,0.3289424125284964,0.2974310314531716,0.4032623214899817,0.41422790202342913,0.42249903702835323
2615,0.27403508771929824,0.3879669653839395,0.44504117721587716,0.3055165069222577,0.35903870308653346
2616,0.25070274556447614,0.2514285714285714,0.37269670039276726,0.2642655307064252,0.29619735057192137
2617,0.29793438398255523,0.2184923563521349,0.31457582942677687,0.2936925807596734,0.2646440354373566
2618,0.26978293190603625,0.20813213846424172,0.30814096182736334,0.2511764288249911,0.2810617809113899
2619,0.275605114481118,0.19993674222456512,0.29237235063078065,0.275558395456159,0.2656904088023982
2620,0.2773277827336703,0.2422280794236514,0.28845408966678127,0.2623911963081291,0.264983001457018
2621,0.29357319853305575,0.20813213846424172,0.3246422559684338,0.27270003549875754,0.3224156353100768
2622,0.3612151848547923,0.21710068529256712,0.3992007095151043,0.26696769613063537,0.29217397129507117
2623,0.4734284864704133,0.31683711122825514,0.4146029792394433,0.32655591054313093,0.37775552243305255
2624,0.5193517692536426,0.42801616587594443,0.427233796086807,0.3450805821796237,0.3058505133057561
2625,0.36721181484785403,0.5749920927780707,0.3920490868613006,0.3617465388711395,0.35809549329269313
2626,0.33062146892655364,0.24130029871727285,0.4243030643088562,0.31555981540646066,0.27208655021687794
2627,0.2938566755872733,0.2092918643472149,0.3481518217524299,0.3175434859779907,0.262993418298136
2628,0.38716423827931407,0.20156035846072748,0.35406106897862405,0.3107177848775292,0.3107581517643315
2629,0.34049955396966985,0.19970479704797045,0.3772042932903762,0.28383670571529995,0.2618438813618931
2630,0.32394885518881944,0.24168687401159727,0.4299096816231967,0.2859297124600638,0.2818134012158564
2631,0.37292496778669837,0.2089826041117554,0.4036127350721279,0.27027902023429173,0.2547550702550619
2632,0.26886708296164136,0.39631699174134605,0.3640319281796955,0.33605253816116437,0.3812630838538963
2633,0.36343938943403703,0.25196977684062555,0.3593491284910134,0.26315654952076667,0.36198623369228455
2634,0.3224224402814947,0.4502829028290283,0.3868247389093015,0.33046077387291445,0.2961826129188927
2635,0.28131826741996235,0.32101212440695837,0.43814440080363437,0.3211203407880724,0.2978332300581132
2636,0.27065516899593617,0.29951853804252326,0.3542203478795996,0.309171458998935,0.3306245080470935
2637,0.29930815739914757,0.29890001757160434,0.3468616626545277,0.3221043663471778,0.3431662507745642
2638,0.2802061651303399,0.2685151994377087,0.3588872196781842,0.33812992545260917,0.3225187988812782
2639,0.30543562295569426,0.27183974696889823,0.331554960270774,0.29389563365282206,0.3479854633149671
2640,0.26941223114282886,0.2120752064663503,0.33357780231316403,0.309171458998935,0.2952836160841386
2641,0.25205471305382093,0.22506413635564926,0.35313725135296564,0.26337522186723455,0.28169549999162635
2642,0.24871840618495383,0.19251449657353717,0.28243334720990415,0.2778388356407525,0.2761836177588719
2643,0.25249083159877095,0.226455807415217,0.31347680501004543,0.28842882499112527,0.2848198824337224
2644,0.3137000693824957,0.2893129502723598,0.3157704211840938,0.2791508697195597,0.26202073319823815
2645,0.25443155912379817,0.23217712177121774,0.28439247769190384,0.2423670571529996,0.3218998174540704
2646,0.27754584200614524,0.20387981022667367,0.2762692537421491,0.2456315228966986,0.28349349366113447
2647,0.3386460501536326,0.2246775610613249,0.2981860305163894,0.25175434859779905,0.31509102175478554
2648,0.38544157002676177,0.21539975399753994,0.32502452533077514,0.29309904153354627,0.2881948049773074
2649,0.46333234215482205,0.20697241258126867,0.3938648663324223,0.31765282215122465,0.3003533687260303
2650,0.49719694717018525,0.23635213494992086,0.3660547702220854,0.41744550940717073,0.3932742710723317
2651,0.5407651898106849,0.20511685116851167,0.3715817480859382,0.4053872914447994,0.30586525095878475
2652,0.32196451580929725,0.21269372693726932,0.30576770620282717,0.34604898828541,0.24524928405151478
2653,0.2852869461790068,0.21632753470391844,0.2766993067747832,0.25317571884984025,0.2996901743397364
2654,0.3452314401823769,0.361834475487612,0.32220528878350735,0.24724032658856934,0.24311232436234523
2655,0.43805927247497267,0.23859427165700228,0.334804249850676,0.29302094426695063,0.25233809515834604
2656,0.3608662900188323,0.24501142154278688,0.32416441926550704,0.2723564075257366,0.21801410125437518
2657,0.34126276142333234,0.3930697592690212,0.390376658401057,0.24745899893503728,0.24807891343303579
2658,0.2850470809792843,0.29820418204182036,0.31868522507194696,0.2783698970536031,0.2582773693289343
2659,0.35351769253642573,0.29333333333333333,0.33617404839906606,0.474315938942137,0.24471872854247964
2660,0.33988898800673994,0.2900861008610086,0.32402106825462895,0.3828796592119276,0.3126445713520121
2661,0.25301417385271086,0.4386083289404322,0.34692537421491787,0.3532339368122115,0.3509772068798044
2662,0.3704608980077312,0.3935336496222105,0.34565114300711325,0.3158722044728434,0.31059603758101517
2663,0.303800178412132,0.41641890704621326,0.334804249850676,0.3134668086616968,0.25998693708027
2664,0.28526514025175936,0.2931013881567387,0.301084906514145,0.2972381966631168,0.2706569978730887
2665,0.24562196451580923,0.32155332981901247,0.3199276004995565,0.2479432019879304,0.2989827669943561
2666,0.2697393200515412,0.2549077490774908,0.3069463700700465,0.2694980475683351,0.2551382492338095
2667,0.2867915551590841,0.184009840098401,0.3358714184872124,0.2647965921192758,0.2662799149235484
2668,0.2575716126474378,0.21555438411526967,0.28872486379843976,0.27487113951011716,0.3061747416723887
2669,0.2558053325403905,0.19034967492532068,0.31835073937989816,0.26637415690450833,0.31006548207198
2670,0.27885419764099517,0.21996134247056753,0.2872594979094644,0.2521916932907348,0.2770384016345397
2671,0.34353057785707203,0.21385345282024248,0.2942040579919999,0.24556904508342203,0.3132340774731624
2672,0.3187808504311626,0.19869970128272704,0.29965139640536476,0.29036563720269787,0.29226239721324376
2673,0.4004876598275349,0.3309084519416623,0.3214088942786294,0.2855704650337238,0.308562241463047
2674,0.4207017543859649,0.32302231593744507,0.30882586110155835,0.34803265885693996,0.3360627020147042
2675,0.39141639409257595,0.3885854858548585,0.3677271986823291,0.33219453319133824,0.27193917368659043
2676,0.40090197244523734,0.43574767176243184,0.4184734565331499,0.29681647142350015,0.21897204870124434
2677,0.6067935375161067,0.347067299244421,0.40053865228329916,0.3496414625488108,0.2669578469628711
2678,0.3394310635345426,0.3293621507643648,0.41977954352114966,0.341847355342563,0.276655222655792
2679,0.3404559421151748,0.34791776489193466,0.3196408984778005,0.28519559815406453,0.28784110130461715
2680,0.4188264446426801,0.5695027235986646,0.44183967130626794,0.2846332978345757,0.28595468171693655
2681,0.4133749628308058,0.57847127042699,0.3827790548245217,0.3174185303514376,0.3018713469879922
2682,0.4069858261472891,0.6107116499736427,0.3134449492298502,0.36577635782747603,0.34157458424745857
2683,0.38914857765883637,0.42994904234756637,0.409490126518127,0.42305289314873973,0.46747835407211397
2684,0.42890078303102386,0.29990511333684766,0.39464533294720266,0.41188498402555906,0.3350458039557201
2685,0.36459510357815433,0.3399543138288526,0.428603594635197,0.3877997870074547,0.3516109259600409
2686,0.31125780553077603,0.3319908627657705,0.3607507828195985,0.4025757898473553,0.3548089966672808
2687,0.2990028744176826,0.5030890880337375,0.314177632174338,0.31084274050408234,0.3260558356081794
2688,0.2851997224700168,0.26952029520295206,0.3343582689279444,0.29316151934682283,0.29954279780944887
2689,0.27979185251263744,0.1854015111579687,0.31514923347028906,0.25042669506567267,0.28925591599537775
2690,0.3004638715432649,0.16615006150061493,0.27993266846458753,0.32160454384096554,0.2861315335532816
2691,0.2978035484190702,0.19065893516078014,0.28643124762439137,0.2632658856940007,0.28756108589707086
2692,0.30480325106551687,0.2788754173256018,0.30156274321707177,0.25181682641107556,0.3078695717706955
2693,0.2924392903161859,0.24887717448603053,0.2972303571105359,0.2647809726659566,0.2893296042605215
2694,0.32578055307760917,0.402502196450536,0.36415935130047594,0.27066950656727007,0.3265274405050996
2695,0.35316879770046583,0.33585661570901426,0.33980560734130927,0.3836137735179268,0.44509185912143495
2696,0.48380810784022205,0.24825865401511152,0.32316096218936086,0.3588100816471423,0.337875433337241
2697,0.4172782238081078,0.2579230363732209,0.3381809625513584,0.3576542421015264,0.34095560282025084
2698,0.3471285558529091,0.22707432788613593,0.33410342268638343,0.40605892793752213,0.35273098759022625
2699,0.36985033204480117,0.2441609558952732,0.34829517276330785,0.3301483848065317,0.34148615832928597
2700,0.36012488849241747,0.21826041117554026,0.4009049937555431,0.3648704295349662,0.33567952303595655
2701,0.2793993458221825,0.22722895800386575,0.3782714619269127,0.32346325878594245,0.3582428698229807
2702,0.2766517989889979,0.3115796872254437,0.4464587594345599,0.334615548455804,0.30873909329939214
2703,0.3054138170284468,0.2576137761377613,0.4133765317019313,0.3353652822151224,0.3144425650215203
2704,0.348306075924274,0.4151045510455104,0.35780412315155014,0.36966560170394036,0.37825660263603017
2705,0.36019030627415993,0.3257283429977157,0.3193064127857518,0.31424778132765346,0.37000351693992733
2706,0.45650708692635533,0.24261465471797578,0.3287038679433112,0.4115101171458998,0.32972551121233945
2707,0.36906531866389136,0.2382076963626779,0.4153834458542236,0.40712105076322325,0.3204702651102812
2708,0.36941421349985126,0.2838235810929538,0.4457420043801698,0.3888306709265175,0.4655182462192896
2709,0.4650768163346218,0.25351607801792303,0.4540722909011928,0.4310969116080937,0.44927735258160134
2710,0.5709009812667262,0.3059356879283078,0.43459248131187894,0.43172168974085906,0.40780559695868435
2711,0.3711368817524035,0.2624073097873836,0.42286955420007594,0.3149818956336528,0.35902396543350473
2712,0.3269362672217266,0.3836373220875065,0.3326699125776032,0.2943642172523962,0.25453400545963056
2713,0.44521161661215186,0.21895624670532413,0.3272066462741407,0.32316648917287893,0.24373130578955304
2714,0.507751015957974,0.23418731330170442,0.2888841426994153,0.32093290734824276,0.3060126274890723
2715,0.511610665080781,0.23758917589175893,0.2880877481945374,0.32052680156194535,0.2777900219390062
2716,0.507532956685499,0.19475663328061846,0.26056435410595663,0.2785417110401135,0.2667809951265261
2717,0.4528000792942809,0.24593920224916532,0.3088577168817534,0.2869293574724885,0.2794111637721693
2718,0.348044404797304,0.23318221753646107,0.36449383699252474,0.3499226127085551,0.315002595836613
2719,0.3481752403607889,0.35850992795642234,0.38387807924125317,0.42702023429179975,0.3909457218937884
2720,0.42565169987114676,0.49589878755930417,0.47270792231533604,0.391798367057153,0.3393639362931454
2721,0.3807314897413024,0.39005447197329113,0.36992524751579214,0.3569669861554845,0.35416053993401553
2722,0.31322033898305085,0.31165700228430854,0.3509551304096001,0.2936613418530351,0.3974008139203832
2723,0.31603330359797793,0.31776489193463364,0.27617368640156376,0.35824778132765345,0.3405134732293882
2724,0.28114382000198235,0.28374626603408887,0.32537493891292146,0.36430812921547745,0.2907591566043108
2725,0.27026266230548124,0.3325320681778246,0.31900378287389813,0.4393908413205538,0.30795799768886806
2726,0.32911685994647627,0.37149885784572123,0.3135883002407283,0.3399105431309904,0.31551841369261946
2727,0.523582119139657,0.6008926374978036,0.3666600300457927,0.3559517216897409,0.33710907537974577
2728,0.4540430171473882,0.3450571077139343,0.3510347698600879,0.33124174653887106,0.42976469997152955
2729,0.33049063336306866,0.39538921103496744,0.33821281833155353,0.32004259850905215,0.33567952303595655
2730,0.27111309346813356,0.437525918116324,0.30713750475121715,0.3725239616613419,0.3516109259600409
2731,0.28772921003072655,0.41301704445615883,0.3244511212872631,0.40918281860134886,0.31815645358476663
2732,0.3322133016156209,0.5703531892461782,0.40308711469890846,0.4292225772097976,0.34157458424745857
2733,0.3101238973139062,0.5258197153400105,0.3511940487610635,0.47683067092651754,0.4584441727654871
2734,0.3204817127564674,0.46079775083465124,0.37037122843852377,0.41757046503372386,0.42622766324462824
2735,0.3287025473287739,0.5548901774732033,0.36814132382486553,0.40218530351437687,0.35660699033678883
2736,0.2607770839528199,0.5036302934457916,0.3135564444605332,0.3817706780262691,0.35038770075865416
2737,0.2823431460005947,0.2734633632050606,0.2720324349761986,0.30782818601348944,0.3244641690810738
2738,0.29998414114381994,0.2359655596555966,0.27880178826766094,0.3231977280795172,0.32343253336906097
2739,0.2654435523837843,0.2518924617817606,0.30307589277633973,0.295520056798012,0.3005154829093467
2740,0.27244325503023087,0.2309400808293797,0.32935691143731105,0.3046105786297479,0.29299927986468155
2741,0.31496481316285063,0.25475311895976094,0.31457582942677687,0.2856329428470003,0.3179943394014503
2742,0.35018138566755874,0.25568089966613944,0.3957762131441292,0.3372083777067802,0.32702852070807725
2743,0.31284963821984335,0.25916007731505886,0.3206602834440442,0.40824565140220087,0.4374577548525397
2744,0.3850272574090593,0.3131259884027411,0.32645803543955537,0.4091671991480298,0.3693550602066621
2745,0.34503518683714934,0.3497733263046916,0.3634585241361834,0.38898686545970884,0.3711972668352565
2746,0.32002378828426997,0.25699525566684234,0.3415895310322358,0.29320837770678015,0.40450436268024315
2747,0.31151947665774604,0.2130029871727288,0.29466596680482904,0.29778487752928645,0.3211481971496039
2748,0.2555436614134205,0.24733087330873302,0.3090647794530218,0.2986908058217962,0.242404917016965
2749,0.2721161661215184,0.21725531541029694,0.3353776538941881,0.28761661341853034,0.26673678216743985
2750,0.2895609079195163,0.2160955895273238,0.30557657152165646,0.30026837060702877,0.3196302188876421
2751,0.3005292893250074,0.21625021964505362,0.3651309525964271,0.28903798367057143,0.2968163319991291
2752,0.3959738328873029,0.38147250043929015,0.33251063367662764,0.27457436989705364,0.33355730099981573
2753,0.31527009614431556,0.34892286065717804,0.33603069738818797,0.28555484558040467,0.3168005895061211
2754,0.2648765982753494,0.19931822175364608,0.32177523575087336,0.29142776002839893,0.277804759592035
2755,0.303974625830112,0.2329502723598664,0.280203442596246,0.3499694710685125,0.3744985011136977
2756,0.43840816731093263,0.18895800386575287,0.38899093196256945,0.3355839545615903,0.33696169884945826
2757,0.4111725641788086,0.21462660340889117,0.3551919491755507,0.345814696485623,0.3335867763058733
2758,0.40578650014867673,0.21369882270251267,0.3538380785172582,0.31256088036918706,0.31038971043861263
2759,0.32798295172960645,0.292946758039009,0.3187807924125323,0.3545303514376996,0.310669725846159
2760,0.2891684012290613,0.2637216657880864,0.32836938225126244,0.3511096911608093,0.27525514561806036
2761,0.2680602636534839,0.3068634686346863,0.3259164871762385,0.29539510117145895,0.2626102393193883
2762,0.27220338983050846,0.1777473203303461,0.3211540480370685,0.28032232871849483,0.27114334042303767
2763,0.2763247100802854,0.23573361447900193,0.2865108870748791,0.3038139865104721,0.2869715797759207
2764,0.27645554564377045,0.2160955895273238,0.29520751506814596,0.3100305289314873,0.2869421044698631
2765,0.26738427990881153,0.20179230363732203,0.3244511212872631,0.2991906283280085,0.2802217346887508
2766,0.33945286946179004,0.23735723071516426,0.32633061231877497,0.2993936812211572,0.2968015943461004
2767,0.4046743978590544,0.4571639430680022,0.3599384604246231,0.3574668086616968,0.36677597092662995
2768,0.38731687977004653,0.4884765419082762,0.330981556227262,0.3267121050763223,0.33312990906198187
2769,0.32392704926157195,0.320007028641715,0.2756799218085395,0.2745899893503727,0.36428530756477023
2770,0.2988284269997027,0.23673871024424525,0.2886930080182446,0.24260134895278662,0.344197886486577
2771,0.3332817920507483,0.1908908803373748,0.28620825716302556,0.27216897408590696,0.2849819966170387
2772,0.27383883437407075,0.2184150412932701,0.3069463700700465,0.24630315938942138,0.2825650215203228
2773,0.28775101595797403,0.1914320857494289,0.31304675197741133,0.3487980120695775,0.2235407211401584
2774,0.2741223114282882,0.207977508346512,0.28963275353400064,0.33897337593184235,0.2157739779940044
2775,0.3474992566161165,0.292946758039009,0.3328451193686763,0.3107490237841675,0.3030503592302926
2776,0.37469124789374564,0.3693340361975048,0.4258002859780267,0.3644643237486688,0.30747165513891916
2777,0.38941024878580627,0.5322368652257952,0.35171966913428293,0.42200638977635774,0.26936008440655823
2778,0.3687382297551789,0.47278158495870676,0.38478596897681405,0.3149037983670571,0.32465575857044765
2779,0.3792050748339776,0.6040625549112634,0.3587120128871111,0.35565495207667724,0.2488452713905311
2780,0.3967152344137179,0.4544579160077315,0.37631233144491305,0.38009939652112174,0.258542647083452
2781,0.4190008920606601,0.4880899666139518,0.38816268167749635,0.40224778132765354,0.3977250422870158
2782,0.311650312221231,0.4702301880161659,0.36462126011330515,0.37222719204827825,0.40646447053306756
2783,0.3060025770641292,0.5197891407485503,0.34041086716501656,0.32001135960241384,0.38225050660682286
2784,0.3022083457230647,0.22228079423651378,0.37002081485637744,0.3357401490947816,0.35034348779956787
2785,0.3184319555952026,0.20774556316991735,0.31350866079024053,0.301471068512602,0.2626986652375609
2786,0.280162553275845,0.22320857494289228,0.25315788521059207,0.2585488107916223,0.2816365493795113
2787,0.25911983348201006,0.19931822175364608,0.32080363445492227,0.2612197373091941,0.26747366481887763
2788,0.2998751115075825,0.3502372166578809,0.31072128002316785,0.26259424920127794,0.2719833866456767
2789,0.2897135494102488,0.1990862765770515,0.2890434216003909,0.28488320908768194,0.3415451089414011
2790,0.3298364555456437,0.327351959233878,0.3541566363192094,0.34726730564430236,0.307294803302574
2791,0.38009911785112493,0.4420101915304867,0.4050143894007131,0.3385360312389066,0.4183430188742443
2792,0.41627515115472286,0.4360569319978913,0.35944469583159866,0.34936031238906634,0.38941300597879785
2793,0.39361879274457323,0.3293621507643648,0.30677116327897336,0.31435711750088746,0.3461579943394015
2794,0.3812548319952423,0.18060797750834642,0.31250520371409435,0.30803123890663825,0.2403563832459681
2795,0.2985667558727326,0.20782287822878226,0.2714749588227841,0.3456428824991125,0.2647619366615866
2796,0.25140053523639605,0.18385520998067126,0.28214664518814814,0.2546595669151579,0.3018713469879922
2797,0.2618891862424422,0.2324863820066772,0.3568962334159894,0.25030173943911954,0.2990269799534424
2798,0.24874021211220138,0.25212440695835525,0.3201824467411174,0.24994249201277946,0.3476759726013633
2799,0.49985727029437993,0.278179581795818,0.3561157668012091,0.2533631522896699,0.38278106211585805
2800,0.32407969075230453,0.24091372342294848,0.33719343336530977,0.25573730919417825,0.367188625211435
2801,0.3213975617008623,0.2625619399051133,0.3224760629151658,0.28813205537806175,0.3483244293346285
2802,0.38921399544057883,0.3080231945176594,0.3233680247606291,0.26785800496982604,0.3407640133308771
2803,0.4029735355337496,0.2170233702337023,0.2861286177125378,0.36794746183883553,0.32738222438076736
2804,0.47916344533650507,0.2558355297838693,0.3668670926170609,0.401482428115016,0.3299171007017132
2805,0.40181782138963223,0.21911087682305397,0.3972734348132998,0.3581853035143769,0.2600164123863275
2806,0.3699157498265437,0.23063082059392023,0.4515556842657785,0.3945005324813632,0.364904288991978
2807,0.3440757260382595,0.22405904059040585,0.4471914423790476,0.32546254881079156,0.3511687963691782
2808,0.30421449102983444,0.21771920576348616,0.3596836141830621,0.3113269435569755,0.298805915158011
2809,0.2622598870056496,0.34289228606571776,0.3387862223750656,0.3480795172168974,0.30698531258897016
2810,0.2811656259292298,0.20372518010894386,0.33174609495194474,0.31913667021654235,0.3126887843110984
2811,0.3026880761225096,0.2174099455280267,0.27501095042444196,0.2833525026624068,0.33015290315017337
2812,0.3183665378134602,0.21269372693726932,0.2851570164165867,0.30778132765353206,0.31047813635678523
2813,0.3709842402616711,0.22150764364786507,0.3356006443555539,0.3049229676961306,0.30131131617289947
2814,0.39100208147487364,0.2228993147074328,0.32462632807833625,0.32916435924742626,0.2819165647870577
2815,0.45343245118445835,0.20001405728342994,0.37725207696066887,0.29191196308129214,0.32467049622347643
2816,0.4837863019129745,0.23689334036197507,0.4056196492244203,0.27120056798012065,0.31587211736530957
2817,0.3870334027158291,0.20728167281672816,0.34522108997447915,0.329008164714235,0.32212088224950175
2818,0.3939458816532857,0.22746090318046042,0.349155278828576,0.2624068157614483,0.3435789050593693
2819,0.3481752403607889,0.2735406782639254,0.37637604300530325,0.27777635782747595,0.30197451055919344
2820,0.2761502626623054,0.340340889123177,0.3781281109160346,0.2753084842030529,0.24038585855202557
2821,0.4068113787293091,0.4788894746090318,0.38413292548281414,0.23137096201632942,0.27839426571318515
2822,0.3328238675785508,0.2848286768581972,0.3629169758728664,0.322354277600284,0.33733014017517704
2823,0.4309505401922886,0.3365524512387981,0.370036742746475,0.3299609513667021,0.3152383982850731
2824,0.448155416790564,0.291091196626252,0.3707853535810603,0.4223187788427405,0.2931024434358829
2825,0.31374368123699076,0.24292391495343524,0.39642925663812917,0.5011033013844516,0.3054673343270084
2826,0.3218118743185647,0.41123879810226677,0.3397737515611142,0.479454739084132,0.3219882433722429
2827,0.2988720388541976,0.33268669829555436,0.4394664156817318,0.48025133120340785,0.3513898611646095
2828,0.2993517692536425,0.2998277982779827,0.3853593730203261,0.4680056798012069,0.3263653263217832
2829,0.3708752106254336,0.3467580390089615,0.34176473782330896,0.43717287894923673,0.4326974929242518
2830,0.34015065913370995,0.20875065893516076,0.3413187569005774,0.4224124955626553,0.3581839192108656
2831,0.31823570224997516,0.2588508170795994,0.3730948976452062,0.35265601703940364,0.32254827418733567
2832,0.31295866785608084,0.3684062554911263,0.3299780991511158,0.4017011004614838,0.3617946442029107
2833,0.30327683615819206,0.24253733965911087,0.3113424677369726,0.377678381256656,0.29357404833280304
2834,0.30676578451779163,0.19784923563521345,0.28776919039258625,0.3267589634362797,0.3538215739143541
2835,0.34398850232926953,0.17890704621331924,0.29371029339897553,0.32030812921547747,0.3272348478504798
2836,0.32854990583804144,0.22800210859251444,0.3243236981664826,0.2863201987930422,0.3400713436385256
2837,0.3517514124293785,0.1854015111579687,0.25909898821698124,0.31898047568335103,0.34480213026075596
2838,0.3747566656754881,0.24733087330873302,0.28902749371029335,0.3131544195953141,0.3139562224715714
2839,0.37061528397264343,0.22894535231066593,0.3259225397744755,0.3358391764288249,0.34933896936912795
2840,0.3773999801764298,0.2712830785450711,0.35800194754656195,0.3560713667021654,0.3174633417628243
2841,0.3568912875408861,0.24385169565981374,0.373990045068689,0.40463755768548093,0.3380550853276616
2842,0.37292496778669837,0.21710068529256712,0.36670781371608535,0.3951721689740859,0.42083368223610385
2843,0.3251045693329368,0.23233175188894747,0.35829788774457455,0.35468654597089094,0.4302510425214784
2844,0.2535811279611458,0.21764189070462134,0.3744328404134011,0.3245410010649627,0.37642913366046454
2845,0.29625532758449796,0.1787524160955895,0.38634690220637474,0.29548881789137377,0.3445958031183534
2846,0.29372584002378826,0.2215849587067299,0.34429727234882074,0.2915370962016329,0.3119666393126894
2847,0.35295073842799085,0.17388156738710245,0.3213611106083367,0.28627334043308483,0.3391576091507428
2848,0.34972346119536124,0.19730803022315935,0.3519904432659414,0.2902250621228256,0.3005891711744905
2849,0.3387332738626227,0.2774837462660341,0.3593172727108182,0.2865076322328718,0.34561270117733756
2850,0.3649221924868668,0.23179054647689337,0.41375880106427265,0.31757472488462896,0.3891772035303378
2851,0.3349826543760531,0.1710209102091021,0.37277633984325503,0.401732339368122,0.40202843697141233
2852,0.3656417880860343,0.23836232648040764,0.3988662238230556,0.4075115370962016,0.3544258176885331
2853,0.2800535236396075,0.24361975048321907,0.40358087929193287,0.42389634362797296,0.3899140861817756
2854,0.3143324412726732,0.25877350202073446,0.34998352911364905,0.43364288249911254,0.3621778231816583
2855,0.3293567251461988,0.4387629590581619,0.3463360422813082,0.4787206247781327,0.3418545996550049
2856,0.23325800376647834,0.2796485679142506,0.2932643124762439,0.38583173588924385,0.389162465877309
2857,0.2562850629398354,0.2212756984712704,0.32124961537765384,0.3546553070642527,0.3242725795917
2858,0.2806858955297849,0.19251449657353717,0.3094311209252656,0.3570919417820375,0.30520205657249083
2859,0.2628268411140846,0.21261641187840452,0.27313145939293015,0.34395598154064605,0.3490907872921237
2860,0.26500743383883435,0.3288982604111755,0.3067074517185831,0.37514802981895634,0.32589372142486306
2861,0.28101298443849737,0.21261641187840452,0.3343104852576517,0.3476421725239616,0.32972551121233945
2862,0.3101675091684012,0.20488490599191703,0.32373436623287294,0.34105076322328715,0.3502255865753379
2863,0.3381445138269402,0.20070989281321386,0.2972303571105359,0.36863471778487744,0.36777813133258525
2864,0.33223510754286845,0.24454753118959757,0.31941790801643466,0.47536244231451896,0.35245097218267984
2865,0.37937952225195753,0.22243542435424352,0.2731155315028326,0.3038139865104721,0.3868339166987657
2866,0.44497175141242934,0.20681778246353894,0.3238936451338485,0.3383329783457578,0.343298889651823
2867,0.3951234017246506,0.43273238446670176,0.3113424677369726,0.28569542066027687,0.2766846979618496
2868,0.3493527604321538,0.18671586715867158,0.3104664337816069,0.3236663116790912,0.34123561822779724
2869,0.38866884725939144,0.2061992619926199,0.3215522452895075,0.29159957401490944,0.33343939977558573
2870,0.3709624343344236,0.2848286768581972,0.3613082589730131,0.32554064607738725,0.3016797574986183
2871,0.3396927346615125,0.265809172377438,0.4114174012199315,0.36438622648207303,0.3653464185828406
2872,0.36500941619585686,0.22831136882797398,0.4693152817245561,0.3952658856940006,0.41793036458943916
2873,0.3404559421151748,0.29402916886311714,0.45427935347246107,0.30770323038693637,0.3852864631307464
2874,0.4106928337793636,0.45840098400984014,0.40448876902749364,0.4023883564075257,0.4090288221600711
2875,0.3364218455743879,0.2569179406079775,0.3756274321707179,0.4468413205537806,0.4604632312304266
2876,0.3472157795618991,0.3340010542962572,0.3273499972850187,0.4733943911963081,0.47430188742442764
2877,0.3562434334423629,0.23032156035846077,0.3734293833372549,0.44107774227902025,0.5062531191907689
2878,0.37953216374269,0.2779476366192233,0.3305355753045303,0.37068086616968404,0.47533352313644056
2879,0.33535335513926057,0.23271832718327176,0.35829788774457455,0.340800851970181,0.4252402404917016
2880,0.34490435127366437,0.2952662098049552,0.3141139206139478,0.3437685481008164,0.3674981159250389
2881,0.307790663098424,0.25923739237392374,0.3073923509927781,0.37358608448704295,0.3904593793438395
2882,0.29086926355436615,0.13019855912844838,0.30334666690799833,0.3862690805821796,0.3813367721190401
2883,0.3136128456735058,0.1746547179757511,0.3366200293217976,0.333444089456869,0.34169248547168857
2884,0.4448627217761919,0.17728342997715688,0.2759188401600029,0.33199148029818953,0.32892967794878664
2885,0.3813420557042323,0.23929010718678614,0.3000814494379988,0.33709904153354636,0.3303444926395471
2886,0.40583011200317176,0.22761553329819015,0.3410639106590164,0.34870429534966274,0.3638137026678502
2887,0.4749767073049856,0.2192655069407837,0.35234085684808775,0.3295236066737664,0.355516404012661
2888,0.45720487659827536,0.21354419258478294,0.3368748755633586,0.3651828186013489,0.34950344157692886
2889,0.5045891565070869,0.1633667193814795,0.33948704953935815,0.3380518281860135,0.42376647518882615
2890,0.5771156705322629,0.1651449657353716,0.4015898930297381,0.3718054668086616,0.5614308921304282
2891,0.4858360590742393,0.450437532946758,0.44813118789480355,0.4415931842385516,0.5155673159049421
2892,0.49259589652096347,0.5514883148831489,0.4673880070227515,0.49437131700390485,0.4069360754299878
2893,0.5613499851323223,0.5019293621507643,0.45717822947021663,0.49443379481718136,0.4087193314464671
2894,0.42033105362275736,0.24501142154278688,0.47692881319118896,0.41705502307419234,0.4643244963239604
2895,0.42556447616215676,0.25622210507819365,0.5186439573566941,0.42680156194533186,0.5197380717120798
2896,0.384264049955397,0.3237954665260938,0.45862766746909445,0.3829265175718849,0.5639952437574316
2897,0.3595579343839825,0.2734633632050606,0.4624822168727036,0.4467319843805467,0.5227150776238885
2898,0.42966399048468623,0.37567387102442457,0.4125960650871509,0.41708626198083054,0.46604880172832486
2899,0.43568242640499555,0.5256650852222808,0.44211044543792644,0.4480283990060348,0.44836361809381853
2900,0.3590782039845376,0.5714356000702865,0.46679867508914186,0.3926105786297479,0.46540034499505956
2901,0.3417424918227772,0.4945071164997364,0.4168647396332965,0.4487781327653532,0.4999306660414329
2902,0.39976806422836747,0.3326093832366894,0.36478053901428076,0.4219595314164004,0.46685937264490635
2903,0.3252572108236694,0.3385626427692848,0.40863002045285884,0.38383244586439474,0.4008199494230544
2904,0.2909782931906036,0.3065542083992268,0.3439150029864793,0.34633013844515437,0.4430875383095242
2905,0.3151392605808306,0.32696538393955366,0.308045394486778,0.30258004969826047,0.34839811759977224
2906,0.32811378729309143,0.2716078017923036,0.3416691704827236,0.3090152644657436,0.3205292157223962
2907,0.3217464565368222,0.30647689334036193,0.3247218954189216,0.32902378416755407,0.32170822796469656
2908,0.2914798295172961,0.27098928132138467,0.33313182139043235,0.3029236776712814,0.3292981192745056
2909,0.3173852710873228,0.29712177121771216,0.3279234013285309,0.31493503727369543,0.33537003232235263
2910,0.33249677866983834,0.4210578105781058,0.36371337037774437,0.31715299964501237,0.3697235015323809
2911,0.35127168202993364,0.23782112106835357,0.39971040199822616,0.39793681221157257,0.43160690660012396
2912,0.39782733670334025,0.293565278509928,0.39243135622364206,0.3755385161519346,0.38312002813551943
2913,0.34926553672316385,0.2202706027060271,0.32940469510760373,0.33575576854810074,0.3628852305270385
2914,0.4279631281593815,0.2160955895273238,0.3366200293217976,0.28760099396521116,0.37718075396493106
2915,0.3140053523639607,0.22313125988402735,0.30455718655541275,0.29331771388001415,0.34256200700038514
2916,0.2619109921696897,0.21091548058337722,0.300830060272584,0.2975505857294994,0.2642461188055802
2917,0.280075329566855,0.22444561588473022,0.3233680247606291,0.35795101171458993,0.27404665806970235
2918,0.3065913370998117,0.16499033561764187,0.33493167297145643,0.33024210152644656,0.3011492019895831
2919,0.33310734463276825,0.2238270954138113,0.34289561802023566,0.34787646432374864,0.25936795565306225
2920,0.4221627515115472,0.37660165173080307,0.44668174989592574,0.3269620163294284,0.28129758335984995
2921,0.2867479433045891,0.24702161307327355,0.4309290665894405,0.2813688320908768,0.2696843127731908
2922,0.315902468034493,0.2716851168511685,0.3983406034498362,0.32396308129215473,0.32450838204016
2923,0.46642878382396674,0.3823229660868037,0.4056037213343227,0.31821512247071354,0.2965510542446115
2924,0.39165625929229847,0.28567914250571075,0.39193759163061764,0.3549833155839546,0.30461255045134067
2925,0.3401070472792149,0.36175716042874717,0.41022280946261463,0.37200851970181037,0.386878129657852
2926,0.3270889087124591,0.30709541381128097,0.3542203478795996,0.3891742988995385,0.3893098424075966
2927,0.49778570720586773,0.24787207872078723,0.3096381834965339,0.3634490592829251,0.33603322670864666
2928,0.30345128357617207,0.2310173958882446,0.33695451501384643,0.2965665601703939,0.3504466513707692
2929,0.2825612052730696,0.22869794412229838,0.2977719053738529,0.3059694710685125,0.3766354608028672
2930,0.32320745366240455,0.21068353540678258,0.2877851182826838,0.3122172523961661,0.28872536048634256
2931,0.23945088710476753,0.23782112106835357,0.30173795000814485,0.2769953851615193,0.29702265914153164
2932,0.371987312915056,0.19699876998769986,0.3739868594906695,0.27602697905573303,0.310728676458274
2933,0.4389751214193676,0.21663679493937793,0.32266719759633655,0.28150940717074896,0.2718360101153891
2934,0.43308752106254333,0.2900087858021437,0.3748151097757425,0.3397699680511182,0.29904171760647114
2935,0.3186500148676776,0.529840098400984,0.3640797118499882,0.35515512957046497,0.41888831203630816
2936,0.46821686985826144,0.45353013530135305,0.41017502579232196,0.3426439474618388,0.4361018907738942
2937,0.3820398453761522,0.3251871375856616,0.3335140907527737,0.4238807241746539,0.3533794443234915
2938,0.4689800773119239,0.20202424881391667,0.3805810059910586,0.3115924742634008,0.42737720018087116
2939,0.3407394191693924,0.2247548761201898,0.3557653532190628,0.274511892083777,0.3961039004538527
2940,0.3211576965011398,0.20078720787207868,0.371406541294865,0.3409726659566914,0.30952018890991606
2941,0.45210228962236104,0.2341099982428396,0.4800347517602129,0.30835924742634,0.39286161678752657
2942,0.30689662008127666,0.2017149885784572,0.4661934152654347,0.3359119630812922,0.39101941015893216
2943,0.3694360194270988,0.22970303988754173,0.4544704881536317,0.3070315938942137,0.36368106379059134
2944,0.3452314401823769,0.4063679493937796,0.4674039349128491,0.2832900248491303,0.3968997337174055
2945,0.31845376152245014,0.3912141978562642,0.4267878151640754,0.30023713170039046,0.379951432734337
2946,0.32259688769947464,0.2716078017923036,0.4258480696483194,0.333569045083422,0.3121582288020633
2947,0.31895529784914256,0.25158320154630115,0.41590906622744295,0.3775846645367412,0.3736731925440873
2948,0.2683219347804539,0.311966262519768,0.37704501438940075,0.43701668441604535,0.3844611545611361
2949,0.33716324710080287,0.5706624494816377,0.3911889807960325,0.4114320198793042,0.39738607626735445
2950,0.30011497670730497,0.34900017571604286,0.39505945808973914,0.3823798367057153,0.41669240173502375
2951,0.2531668153434433,0.2978949218063609,0.4407725026697315,0.3480795172168974,0.37194888713972296
2952,0.3294439488551888,0.184009840098401,0.4361215587612445,0.381067802626908,0.3436673309775418
2953,0.2976945187828327,0.18114918292040064,0.4123730746257851,0.35307774227902017,0.3069705749359415
2954,0.2551947665774606,0.20357054999121413,0.34980832232257597,0.2986595669151579,0.3255694930582305
2955,0.27850530280503516,0.23302758741873134,0.299173559702438,0.27610507632232867,0.35249518514176614
2956,0.3043671325205669,0.21052890528905285,0.3277481945374577,0.3323663471778487,0.38313476578854816
2957,0.287925463375954,0.21632753470391844,0.37170917120671865,0.28747603833865815,0.3441389358744619
2958,0.3046724155020319,0.24624846248462487,0.3529301887816974,0.3171373801916933,0.3706814489792501
2959,0.3517514124293785,0.20248813916710598,0.3966522470994949,0.386784522541711,0.4844119174021537
2960,0.41743086529884027,0.3160639606396064,0.3742417057322304,0.3402697905573305,0.4698216409036861
2961,0.3800555059966299,0.34629414865577224,0.3570395844268674,0.3819737309194178,0.3722141648942406
2962,0.3540846466448607,0.24168687401159727,0.32859237271262826,0.3162470713525027,0.38005459630553834
2963,0.3175379125780553,0.23813038130381298,0.30347409002877873,0.2943642172523962,0.3724647049957294
2964,0.3246248389334919,0.22088912317694603,0.3327654799181885,0.3129826056088037,0.3509477315737468
2965,0.2727703439389434,0.27021613073273587,0.38720700827164284,0.28032232871849483,0.4585620739897171
2966,0.25885816235504017,0.2798031980319803,0.3198638889391663,0.26415619453319134,0.4280109192611077
2967,0.47131331152740613,0.38897206114918287,0.3270792231533602,0.30111182108626194,0.40278005727587884
2968,0.3541718703538507,0.20132841328413284,0.41567014787597967,0.3373333333333333,0.4238843764130562
2969,0.263764495985727,0.2771744860305746,0.42170681822295414,0.3336940007099751,0.4655477215253471
2970,0.2857012587967093,0.24764013354419256,0.45302105015475386,0.2761675541356052,0.5277111420006364
2971,0.3744077708395282,0.41301704445615883,0.34695722999511297,0.3218388356407526,0.511543936628092
2972,0.3809495490137773,0.45739588824459676,0.3096381834965339,0.39726517571884984,0.5161568220260924
2973,0.4128734265041134,0.3646951326656123,0.38419663704320434,0.3554050408235712,0.4812138466949139
2974,0.41980771136881745,0.29990511333684766,0.3503020869156002,0.2932708555200568,0.457250422870158
2975,0.43738328873030036,0.24702161307327355,0.4043613459067132,0.34419027334043306,0.39501331412972485
2976,0.29453265933194567,0.313203303461606,0.38330467519774114,0.31457578984735535,0.34842759290582975
2977,0.27466745960947564,0.27493234932349325,0.3034422342485836,0.28115015974440893,0.3272790608095661
2978,0.2909346813361086,0.246789667896679,0.3190515665441908,0.28694497692580756,0.32178191622984037
2979,0.3046288036475369,0.2670462133192761,0.29474560625531676,0.22924671636492722,0.297789017099027
2980,0.3441629497472494,0.24191881918819183,0.2753295082263933,0.2556435924742634,0.30947597595082976
2981,0.3840896025374169,0.27493234932349325,0.27028036706546726,0.23736883209087672,0.29472358526904596
2982,0.49806918426008523,0.24261465471797578,0.30431826820394936,0.2569712460063897,0.2711286027700088
2983,0.3251481811874318,0.20689509752240376,0.32765262719687227,0.2540191693290735,0.29711108505970424
2984,0.32787392209336896,0.24640309260235452,0.3701004543068653,0.22313951011714586,0.33934919864011653
2985,0.46921994251164634,0.2228219996485679,0.32327245742004374,0.2346979055733049,0.3610135485923866
2986,0.39970264644662495,0.2920189773326305,0.36826874694564604,0.25906425275115363,0.39703237259466434
2987,0.33583308553870544,0.336629766297663,0.3103071548806313,0.24930209442669501,0.3690308318400295
2988,0.30711467935375153,0.4226041117554033,0.31978424948867856,0.27084132055378063,0.3310813752909849
2989,0.34865497076023394,0.35557195571955724,0.3376712700682365,0.2732623358182464,0.31183400043543064
2990,0.38158192090395476,0.31900193287647166,0.31471918043765496,0.27174724884629037,0.3008839242350656
2991,0.38853801169590646,0.3309857670005271,0.32128147115784894,0.24928647497337592,0.32919495570330426
2992,0.36330855387055205,0.3806220347917765,0.31721985918297163,0.275324103656372,0.2856599286563614
2993,0.35508771929824556,0.3450571077139343,0.3273499972850187,0.24139865104721325,0.26686942104469863
2994,0.3732520566954108,0.17040238973818306,0.3650194573657442,0.24117997870074548,0.294355143943327
2995,0.33363068688670827,0.3406501493586364,0.3482473890930153,0.2476464323748669,0.29109812262397206
2996,0.28727128555852904,0.42415041293270067,0.32145667794892213,0.2350259140930067,0.29948384719733384
2997,0.32900783031023884,0.2188016165875944,0.31016380386975323,0.22006247781327656,0.4270529718142386
2998,0.31215184854792344,0.3800035143208575,0.3298506760303353,0.2531913383031594,0.3204702651102812
2999,0.2901932798096937,0.44139167105956767,0.3079498271461926,0.26321902733404323,0.29177605466329476
3000,0.2757141441173555,0.2040344403444034,0.33088598888667664,0.2585488107916223,0.281960777746144
3001,0.21655466349489536,0.121848532771042,0.27015294394468675,0.2183287184948526,0.2284483595987339
3002,0.25689562890276535,0.18339131962748195,0.2843446940216113,0.26796734114306,0.24763678384217308
3003,0.25600158588561794,0.21462660340889117,0.3054969320711686,0.2573773517926873,0.23001055081978194
3004,0.24880562989394384,0.2062765770514848,0.2735455845354667,0.2186411075612353,0.27245499154259684
3005,0.22122113192585982,0.206740467404674,0.27454904161161287,0.2036308129215477,0.3048188775937432
3006,0.25816037268312014,0.18942189421894218,0.278945139278539,0.20917571884984024,0.23923632161578273
3007,0.30140152641490725,0.23542435424354238,0.26992995348332094,0.22815335463258785,0.24125538008072211
3008,0.30382198433937946,0.22823405376910907,0.2864471755144889,0.22031238906638262,0.24921371271624998
3009,0.26276142333234215,0.3833280618520471,0.3475306340386251,0.19655520056798004,0.27518145735291655
3010,0.31372187530974327,0.4053628536285363,0.3295161903382866,0.19218175363862264,0.38398954966421595
3011,0.37874715036178014,0.17349499209277805,0.28845408966678127,0.23938374156904502,0.40777612165262683
3012,0.3530379621369808,0.1683148831488315,0.3187967203026299,0.2719971600993965,0.38247157140225424
3013,0.2429398354643671,0.12958003865752943,0.3130308240873137,0.3096869009584664,0.3346626249769724
3014,0.23788086034294773,0.1833140045686171,0.37368422957881586,0.23063684771033008,0.37844819212540404
3015,0.25508573694122305,0.13004392901071862,0.3708012814711579,0.26171955981540646,0.330536082128921
3016,0.3060025770641292,0.0658724301528729,0.3305355753045303,0.3026581469648562,0.3049957294300883
3017,0.3885162057686589,0.07839746968898258,0.30216800304077895,0.2875385161519346,0.3621483478756008
3018,0.46625433640598674,0.1760463890353189,0.2861126898224402,0.29675399361022364,0.4334196379226608
3019,0.32630389533154913,0.3088736601651731,0.3408249923075531,0.2381185658501952,0.3859496575170404
3020,0.2655743879472693,0.1723352662098049,0.3013078969755108,0.3708682996095136,0.48780157759876736
3021,0.3121082366934285,0.2665823229660868,0.33797389998009014,0.35659211927582535,0.3793324513071293
3022,0.29564476162156794,0.3588191881918819,0.3406179297362848,0.31265459708910176,0.36144094053022047
3023,0.2959282386757855,0.13607450360217885,0.31196365545077737,0.2512545260915867,0.34250305638827017
3024,0.2973238180196253,0.12107538218239323,0.2633517348730294,0.23591622293219736,0.35447003064761934
3025,0.23729210030726533,0.15393428219996483,0.23898206302376507,0.23004330848420304,0.3278538292776875
3026,0.239472693032015,0.31846072746441745,0.23710257199225315,0.24350727724529633,0.321501900822294
3027,0.26439686787590444,0.25011421542786855,0.25505330413220145,0.20163152289669858,0.2788069199979903
3028,0.2697393200515412,0.12509576524336674,0.2814617459139532,0.20645793397231094,0.29908593056555743
3029,0.22667261373773412,0.10599894570374269,0.2637021484551757,0.18660560880369179,0.26060591850747766
3030,0.23201506591337098,0.13383236689509745,0.25331716411156757,0.2138459353922612,0.27459195123176633
3031,0.3138963227277232,0.35796872254436835,0.29412441854151206,0.3114206602768903,0.33675537170705566
3032,0.3539756170086232,0.41154805833772623,0.28985574399536634,0.2498331558395456,0.2758741270452681
3033,0.30816136386163145,0.2748550342646283,0.29120961465365885,0.2080511182108626,0.32786856693071625
3034,0.3256279115868768,0.1281883675979617,0.28582598780068413,0.22296769613063536,0.25061378975398163
3035,0.3233819010803845,0.20473027587418727,0.28856558489746414,0.22095278665246718,0.2495821540419688
3036,0.28358608385370204,0.14519768054823398,0.256152328548933,0.2403209087681931,0.2847609318216074
3037,0.2975636832193478,0.17179406079775078,0.2846313960433673,0.26662406815761447,0.2653367051297081
3038,0.23508970165526807,0.18764364786505008,0.3133175261090698,0.27276251331203405,0.24965584230711257
3039,0.27859252651402516,0.18300474433315755,0.28265633767127,0.19638338658146964,0.31498785818358427
3040,0.36989394389929625,0.16189773326304688,0.31226628536263096,0.24613134540291082,0.34279780944884525
3041,0.25707007632074536,0.0889123176946055,0.28337309272566014,0.21973446929357465,0.25448979250054427
3042,0.23101199325998606,0.13591987348444912,0.2196774602255244,0.19163507277245292,0.2467672623134766
3043,0.2710476756863911,0.1664593217360745,0.26368622056507807,0.2010848420305289,0.2420512133442749
3044,0.2790504509862226,0.19019504480759086,0.2608192003475176,0.27774511892083775,0.29419302976001066
3045,0.33454653583110316,0.2622526796696538,0.35911021013954997,0.3078438054668086,0.3407787509839058
3046,0.3295965903459213,0.4279388508170796,0.3473872830277471,0.22078097266595664,0.28664735140928804
3047,0.25028843294677366,0.16282551396942538,0.34491846006262555,0.24933333333333332,0.3238451876538661
3048,0.22305282981464955,0.09038130381303813,0.2828474723524407,0.24310117145899895,0.27012644236405353
3049,0.21618396273168788,0.1646810753821824,0.2680823182320042,0.302986155484558,0.2340928807087471
3050,0.2414134205570423,0.1580319803198032,0.2630331770710781,0.2830869719559815,0.19500862487648837
3051,0.27850530280503516,0.14457916007731506,0.24930333580698286,0.2504891728789491,0.2699053775686222
3052,0.24876201803944886,0.07607801792303637,0.2536516498036163,0.2162357117500887,0.24387868231984056
3053,0.2019010803845772,0.1087049727640133,0.2550851599123966,0.20870713525026624,0.2359940379494565
3054,0.25292695014372085,0.12354946406606918,0.3112150446161921,0.21840681576144833,0.2944730451675571
3055,0.40685499058380414,0.42577402916886314,0.31739506597404477,0.27960383386581467,0.4330954095560282
3056,0.44880959460798886,0.2631031453171674,0.31549964705243533,0.23699396521121763,0.29700792148850297
3057,0.40720388541976404,0.22104375329467577,0.2624597730275661,0.23168335108271207,0.2717475841972166
3058,0.3284190702745564,0.11357582147250038,0.23812195695849694,0.16233297834575783,0.2777900219390062
3059,0.2767826345524829,0.13738885960288175,0.2309225506344006,0.2044742634007809,0.24996533302071638
3060,0.24302705917335707,0.15285187137585657,0.2426932614164962,0.21975008874689383,0.1927685016161176
3061,0.23365051045693325,0.26178878931646465,0.24745570055566615,0.21887539936102227,0.2411374788564921
3062,0.27137476459510357,0.2174099455280267,0.23028543503049823,0.1978203762868299,0.23944264875818524
3063,0.3682366934284864,0.16808293797223686,0.3206284276638491,0.20019453319133823,0.26048801728324766
3064,0.3968460699772029,0.1025197680548234,0.34378757986569886,0.19591480298189562,0.28151864815528127
3065,0.31871543264942015,0.10630820593920226,0.2693406215497113,0.19030741924032654,0.2859399440639079
3066,0.4698523144018238,0.22228079423651378,0.2935510144979999,0.2100972665956691,0.31436887675637654
3067,0.2705679452869461,0.379694254085398,0.2365132400586436,0.2200156194533191,0.2920855453768987
3068,0.26984834968777877,0.2859110876823054,0.25787254067946935,0.28413347532836347,0.3536889350370953
3069,0.2883833878481514,0.14968195396239675,0.28966460931419574,0.2733872914447994,0.3955733449448175
3070,0.3738190108038458,0.11867861535758212,0.3309337725569693,0.2538942137025204,0.35136038585855206
3071,0.2668827435821191,0.12555965559655594,0.2861126898224402,0.2154078807241746,0.31320460216710483
3072,0.2307067102785211,0.1289615181866104,0.22694057811001103,0.22759105431309903,0.2793522131600542
3073,0.21404698186143326,0.17627833421191347,0.21427790548245215,0.18715228966986147,0.171133626969905
3074,0.2072653384874616,0.16924266385521,0.2541294865065431,0.2258104366347177,0.1912210480480983
3075,0.23779363663395772,0.15238798102266737,0.2458629115459103,0.2167667731629392,0.21799936360134645
3076,0.22322727723262958,0.21315761729045862,0.24737606110517837,0.2231082712105076,0.22544187838086788
3077,0.20776687481415404,0.11999297135828499,0.23592390812503394,0.19091657791977276,0.2513506724054194
3078,0.2599702646446625,0.15617641890704623,0.2602457963040055,0.20472417465388706,0.2185151814573529
3079,0.36889087124591136,0.294725004392901,0.3641912070806711,0.2679048633297834,0.4203178643800975
3080,0.32988006740013875,0.35054647689334034,0.2784513746855146,0.204833510827121,0.28676525263351804
3081,0.33509168401229056,0.1376981198383412,0.2452895075023982,0.1726418175363862,0.20551657148599087
3082,0.2885796411933789,0.11535406782639247,0.27794168220239274,0.1567412140575079,0.24669357404833284
3083,0.30270988204975713,0.1434194341943419,0.31446433419609393,0.2046616968406105,0.24216911456850498
3084,0.31223907225691344,0.20735898787559295,0.24439754565693492,0.19166631167909123,0.2301137143909832
3085,0.28301912974526705,0.1516921454928835,0.23159152201849806,0.1434646787362442,0.2186920332936979
3086,0.25430072356031325,0.3068634686346863,0.215870694492208,0.16555058572949943,0.23474133744201234
3087,0.25768064228367527,0.09548409769811977,0.25893970931600574,0.13809158679446215,0.22785885347758367
3088,0.34167707404103476,0.10259708311368824,0.31857372984126403,0.17212637557685478,0.26762104134916515
3089,0.3215502031915948,0.1376981198383412,0.30302810910604716,0.2111281505147319,0.1957749828339837
3090,0.30728912677173154,0.588290282902829,0.2877532625024887,0.2435697550585729,0.17810453685250627
3091,0.2716800475765685,0.6607344930592163,0.23863164944161885,0.19382179623713167,0.1386665773475574
3092,0.3878838338784815,0.5847337901950448,0.24108454451664282,0.2109875754348597,0.2682252851233441
3093,0.28703142035880663,0.26109295378668074,0.2677000488696627,0.22048420305289312,0.2626544522784746
3094,0.28502527505203684,0.28676155332981906,0.30167423844775465,0.2551437699680511,0.29845221148532103
3095,0.25377738130637323,0.2815041293270075,0.3047483212365834,0.21259637912673054,0.3821326053825928
3096,0.2774368123699078,0.3145949745211738,0.2529348947492262,0.17801490947816823,0.28664735140928804
3097,0.2271087322826841,0.2527429274292743,0.2681619576824919,0.15511679091231806,0.22273015022357684
3098,0.20656754881554168,0.17403619750483218,0.20492823399518537,0.12654881079162222,0.2284778349047914
3099,0.22327088908712456,0.09486557722720083,0.20781118210284344,0.149743698970536,0.24091641406106076
3100,0.2416532857567648,0.12509576524336674,0.23393292186283912,0.16904934327298538,0.2585868600425382
3101,0.18988601447120623,0.0983447548761202,0.23783525493674093,0.17748384806531764,0.2415206578352397
3102,0.2353295668549905,0.31111579687225444,0.23140038733732732,0.14077813276535317,0.27431193582422
3103,0.27209436019427097,0.1629801440871551,0.19194700356567534,0.14766631167909122,0.2742382475590762
3104,0.2609951432252949,0.265809172377438,0.29668880884721893,0.18580901668441605,0.21278223442916713
3105,0.41511943701060555,0.13908979089790893,0.29686401563829207,0.27876038338658143,0.25230861985228853
3106,0.347651898106849,0.13530135301353008,0.36767941501203644,0.23324529641462546,0.287855838957646
3107,0.3417206858955297,0.1132665612370409,0.29845680464804786,0.17129854455094068,0.25696571820937514
3108,0.3727723262959658,0.35101036724652956,0.26327209542254154,0.23354206602768904,0.23717305019175688
3109,0.3521875309743285,0.16993849938499384,0.2800282358051729,0.2607823926162584,0.21472760462896284
3110,0.3601685003469124,0.16785099279564222,0.2661231877500045,0.22395172168974078,0.18939357907253274
3111,0.2402140945584299,0.1390124758390441,0.2982178862965845,0.1705488107916223,0.22219959471454168
3112,0.287576568539994,0.16274819891056047,0.2757595612590273,0.19379055733049338,0.30775167054646546
3113,0.28035880662107243,0.08744333157617287,0.27134753570200365,0.2388839190628328,0.31128870727336666
3114,0.2817761918921597,0.23782112106835357,0.29976289163604763,0.24396024139155129,0.20697559913583757
3115,0.267798592526514,0.3706483921982076,0.303681152600047,0.2694043308484203,0.24355445395320793
3116,0.2805114481118049,0.38928132138464244,0.2735455845354667,0.3402541711040113,0.31232034298537953
3117,0.2529705619982159,0.23658408012651552,0.245225795942008,0.28747603833865815,0.30757481871012043
3118,0.23879670928734262,0.17504129327007548,0.2393324766059114,0.23879020234291798,0.23873524141280503
3119,0.2717672712855585,0.19065893516078014,0.2640525620373219,0.1651288604898828,0.2412111671216359
3120,0.24607988898800673,0.17125285538569665,0.24106861662654522,0.14704153354632588,0.19478756008105705
3121,0.1858301120031718,0.10994201370585127,0.2835164437365382,0.18057649982250612,0.16713972299911234
3122,0.2280899990088215,0.1940607977508346,0.2183554453474271,0.16345757898473545,0.2153760613622281
3123,0.24902368916641887,0.15903707608504655,0.1793639703886043,0.12886048988285406,0.18114049337642973
3124,0.20903161859450886,0.14558425584255835,0.1635475755217289,0.12319062832800848,0.19524442732494848
3125,0.19130339974229352,0.1738042523282376,0.19559449039801624,0.14454242101526446,0.21959103012845205
3126,0.23042323322430366,0.13027587418731326,0.27932740864088035,0.17949875754348596,0.17402220696354104
3127,0.26359004856774704,0.19568441398699699,0.23144817100762,0.2143769968051118,0.20289326924687243
3128,0.2359401328179205,0.1949885784572131,0.23163930568879074,0.21070642527511535,0.21752775870442628
3129,0.3706135394984636,0.23310490247759624,0.2308588390740104,0.17114235001774933,0.2718212724623604
3130,0.3266309842402616,0.23426462836056933,0.21572734348132994,0.21568903088391903,0.32574634489457555
3131,0.4422242045792447,0.2642628712001405,0.25495773679161615,0.1984920127795527,0.31111185543702163
3132,0.30061651303399733,0.17952556668423827,0.2520588607938605,0.1951182108626198,0.3270579960141347
3133,0.27283576172068585,0.3166051660516605,0.3367315245524805,0.16572239971600994,0.348530756477031
3134,0.2715492120130836,0.18895800386575287,0.33663595721189526,0.18802697905573304,0.3434167908760529
3135,0.27362077510159577,0.20387981022667367,0.29375807706926815,0.15138374156904505,0.3183185677680829
3136,0.3289424125284964,0.15385696714109998,0.2636702926749805,0.21461128860489878,0.33455946140577114
3137,0.3492219248686688,0.2661957476717624,0.2774319897192709,0.25581540646077383,0.25530036341712586
3138,0.29906829219942505,0.20287471446143035,0.2826722655613676,0.26454668086616967,0.2380278340674247
3139,0.29479433045891557,0.22189421894218944,0.27537729189668586,0.3131856585019524,0.2269451189898008
3140,0.4621766280107047,0.28722544368300823,0.2430436749986425,0.3379112531061413,0.3019597729061647
3141,0.4340687877886807,0.4324231242312423,0.25309417365020176,0.20969116080937164,0.3330856961028956
3142,0.38022995341460997,0.3195431382885257,0.3043501239841445,0.20692651757188496,0.33080135988343856
3143,0.3045851917930419,0.34018625900544724,0.30207243570019365,0.21450195243166484,0.28645576191991423
3144,0.23203687184061852,0.19645756457564573,0.30392007095151036,0.1712360667376641,0.28182813886888514
3145,0.23040142729705615,0.07592338780530662,0.25444804430849427,0.15628824991125306,0.18360168143223193
3146,0.21064525721082358,0.13429625724828675,0.25909898821698124,0.12415903443379481,0.25616988494582243
3147,0.25491128952324305,0.18895800386575287,0.2394439718365943,0.14151224707135243,0.2043375592436904
3148,0.2547804539597581,0.22297662976629762,0.21333815996669614,0.16572239971600994,0.19702768334142784
3149,0.1897769848349687,0.1858654015111579,0.25083241325634853,0.1608491302804401,0.19385908794024548
3150,0.23633263950837544,0.2040344403444034,0.22031457582942673,0.1243308484203052,0.21017366984307742
3151,0.26526910496580425,0.24114566859954312,0.24014479900088684,0.14622932197373087,0.21335700289728854
3152,0.41365843988502327,0.11589527323844669,0.27324295462361303,0.18855804046858354,0.2614607023831455
3153,0.41023490930716616,0.29333333333333333,0.34041086716501656,0.17968619098331554,0.31790591348327774
3154,0.3164912280701754,0.2522017220172202,0.2648489565421998,0.14234007809726656,0.29826062199594716
3155,0.2843710972346119,0.5402776313477421,0.3337530091042371,0.19046361377351792,0.25902898963340093
3156,0.32680543165824166,0.18107186786153573,0.34421763289833296,0.2138459353922612,0.26650097971897974
3157,0.37859450887104756,0.26627306273062734,0.3172835707433619,0.17039261625843088,0.3774460317194487
3158,0.4724472197442759,0.23256369706554203,0.3100045249687777,0.1961334753283635,0.35436686707641807
3159,0.3178650014867678,0.13908979089790893,0.26339951854332194,0.17048633297834564,0.36068932022575406
3160,0.31655664585191784,0.14921806360920747,0.331809806512335,0.2053333333333333,0.36682018388571613
3161,0.29675686391119044,0.3018379898084695,0.2952712266285363,0.21554845580404683,0.354912160238482
3162,0.2915888591535335,0.14720787207872071,0.3327176962478958,0.274855520056798,0.3055999732042672
3163,0.3301635444543562,0.17728342997715688,0.3210584806964832,0.24488178913738012,0.289963323340758
3164,0.2967132520566954,0.22483219117905462,0.2673018516172238,0.2514731984380546,0.34751385841804694
3165,0.38757855089701654,0.206740467404674,0.3102115875400459,0.23324529641462546,0.27988276866908945
3166,0.42100703736742984,0.37845721314355996,0.31857372984126403,0.2305431309904153,0.2787184940798178
3167,0.2558053325403905,0.2557582147250044,0.3143846947456062,0.2190003549875754,0.26492405084490295
3168,0.28777282188522146,0.26395361096468106,0.31650310412858146,0.2508484203052892,0.25985429820301115
3169,0.21188819506393097,0.12463187489017744,0.2809839092110264,0.23340149094781673,0.22390916246587725
3170,0.2319060362771335,0.1385485854858548,0.3051943021593151,0.21209655662051824,0.21048316055668131
3171,0.23724848845277033,0.08427341416271297,0.24874585965356835,0.1487440539581114,0.23519820468590372
3172,0.2350242838735256,0.09316464593217355,0.2521066444641532,0.15188356407525735,0.2328107048952454
3173,0.21559520269600554,0.07391319627481988,0.2603254357544933,0.16937735179268718,0.21746880809231126
3174,0.21751412429378525,0.09262344052011943,0.29262719687234157,0.17214199503017388,0.2533549932173301
3175,0.3046069977202894,0.07507292215779295,0.2701210881644916,0.15411714589989345,0.2379394081492522
3176,0.3302725740905937,0.11983834124055526,0.2893460515122446,0.1763904863329783,0.2658672606387433
3177,0.3663177718307067,0.12470918994904234,0.324705967528824,0.18580901668441605,0.2830513640702718
3178,0.29680047576568536,0.21323493234932347,0.367153794638817,0.2402271920482783,0.28287451223392673
3179,0.4231004063831896,0.22313125988402735,0.32765262719687227,0.1770152644657437,0.3028145567818325
3180,0.3117157300029735,0.13298190124758388,0.3588872196781842,0.15614767483138087,0.2897569961983554
3181,0.328091981365844,0.16669126691266914,0.33421491791706637,0.20947248846290378,0.2985995880156085
3182,0.32715432649420156,0.12470918994904234,0.3630603268837445,0.2212339368122115,0.2893885548726365
3183,0.23051045693329367,0.09749428922860652,0.3787015149595468,0.28833510827121045,0.28381772202776706
3184,0.3389077212806026,0.09007204357757856,0.313636083911021,0.32782108626198075,0.30487782820585824
3185,0.30608980077311926,0.24075909330521875,0.26483302865210223,0.28093148739794105,0.26275761584967594
3186,0.315422737635048,0.19166403092602355,0.3889272204021792,0.24700603478878239,0.2999407144412253
3187,0.2504192685102587,0.35402565454225965,0.35109848142047817,0.26592119275825343,0.26591147359782946
3188,0.29086926355436615,0.1710209102091021,0.3672175061992072,0.20522399716009937,0.2745624759257088
3189,0.23096838140549114,0.09617993322790372,0.29466596680482904,0.18790202342917994,0.35096246922677565
3190,0.2565685399940529,0.27199437708662794,0.3570873680971601,0.20853532126375574,0.3280159434610039
3191,0.2538209931608682,0.5129081005095766,0.36388857716881745,0.1966801561945332,0.21359280534574868
3192,0.20512835761720685,0.3337691091196627,0.25772918966859126,0.1571160809371672,0.1551580110867344
3193,0.2016394092576073,0.05156914426287113,0.2502271534326413,0.18899538516151929,0.1647080102493677
3194,0.21932401625532755,0.07700579862941485,0.25545150138464046,0.14658856940007095,0.1940212021235618
3195,0.22747943304589158,0.04778070637849229,0.24145088598888667,0.14162158324458637,0.148982934467686
3196,0.1884032114183764,0.10267439817255315,0.2345381816865463,0.13068796592119275,0.16856927534290167
3197,0.1862662305481217,0.04886311720260054,0.27309960361273505,0.12353425630102946,0.18172999949757998
3198,0.24847854098523142,0.09989105605341764,0.3167898061503375,0.14844728434504786,0.21441811391535892
3199,0.2711567053226286,0.067650676506765,0.2994761896142916,0.18085764998225057,0.24277335834268388
3200,0.3841114084646644,0.19197329116148304,0.32339988054082425,0.18866737664181746,0.20419018271340286
3201,0.24863118247596386,0.13259532595325949,0.2513102499592752,0.18969826056088027,0.20841988913265555
3202,0.2753652492813955,0.14782639254963975,0.25263226483737267,0.1983670571529996,0.16809767044598142
3203,0.2569392407572603,0.06455807415217,0.25220221180473856,0.24385090521831732,0.17250422870157928
3204,0.20355833085538702,0.0798664558074152,0.2346974605875219,0.21804756833510827,0.15837081944700307
3205,0.1853285756764793,0.07035670356703559,0.3036492968198519,0.18296627618033362,0.20750615464487276
3206,0.26245614035087717,0.055125636970655416,0.28689315643722063,0.13157827476038333,0.2522349315871447
3207,0.3769372584002379,0.1078545071164997,0.3022954261615594,0.1676904508342208,0.2268861683776858
3208,0.275343443354148,0.2905499912141979,0.29616318847399953,0.2695292864749734,0.254327678317228
3209,0.3402160769154524,0.1687787735020207,0.28345273217614797,0.17739013134540288,0.2381162599855973
3210,0.2771533353156903,0.06247056756281845,0.23001466089883976,0.18291941782037624,0.20693138617675136
3211,0.35345227475468327,0.058914074855034256,0.2800441636952705,0.14009087681931126,0.19677714323993897
3212,0.2646367330756269,0.1908908803373748,0.3129034009665333,0.185231096911608,0.22751988745792232
3213,0.27621568044404793,0.23627481989105606,0.31180437654980175,0.21136244231451898,0.3288707273366716
3214,0.3959738328873029,0.36438587243015286,0.3376075585078463,0.18790202342917994,0.32806015642009007
3215,0.27072058677767863,0.3121208926374978,0.3084117359590218,0.20241249556265523,0.25677412872000127
3216,0.2683437407077014,0.1037568089966614,0.2298553819978642,0.16006815761448345,0.2028343186347574
3217,0.22471008028545938,0.04159550166930233,0.19145323897265104,0.12675186368477098,0.20026996700775399
3218,0.2425037169194172,0.09587067299244414,0.2168741515683541,0.11809868654597086,0.18430908877761212
3219,0.2715928238675785,0.060924266385521,0.22837408821879124,0.15054029108981185,0.16855453768987286
3220,0.20255525820200213,0.10120541205412052,0.2065847345653315,0.10390060347887818,0.1811552310294585
3221,0.2164456338586579,0.07522755227552268,0.264482615069956,0.12648633297834574,0.16168679137847297
3222,0.24195856873822974,0.11017395888244591,0.25100762004742166,0.1560695775647852,0.22034265043291854
3223,0.2621072455149172,0.3507011070110701,0.2546391789896649,0.2210152644657437,0.3239630888780961
3224,0.30336405986718207,0.13530135301353008,0.25868486307444477,0.21603265885693995,0.2646440354373566
3225,0.2831935771632471,0.07723774380600942,0.25315788521059207,0.2191565495207667,0.17686657399809078
3226,0.23982158786797497,0.06107889650325073,0.2457354884251298,0.20750443734469293,0.2083167255614543
3227,0.24719199127762903,0.10599894570374269,0.20728556172962403,0.2736996805111821,0.23363601346485569
3228,0.22540786995737933,0.061620101915304856,0.22139767235606075,0.15317997870074548,0.15417058833380787
3229,0.21528991971454053,0.10182393252503948,0.2658046299480533,0.1396691515796947,0.1663438897355596
3230,0.23306175042125088,0.07120716921454928,0.24430197831634953,0.1828413205537806,0.1507956657902229
3231,0.29270096144315594,0.07824283957125285,0.22367536064001153,0.19043237486687964,0.23502135284955863
3232,0.30879373575180885,0.1904269899841855,0.27466053684229574,0.17151721689740854,0.23155800438780125
3233,0.31758152443255033,0.07932525039536108,0.33953483320965083,0.14622932197373087,0.19011572407094168
3234,0.43459213004262065,0.12107538218239323,0.3492189903889663,0.1640511182108626,0.19536232854917857
3235,0.2982614728912677,0.15424354243542437,0.2976444822530724,0.17300106496272624,0.18317428949439796
3236,0.24302705917335707,0.22320857494289228,0.3072489999819001,0.20334966276180327,0.3259821473430356
3237,0.27102586975914356,0.13514672289580035,0.23485673948849745,0.24578771742988997,0.3142951884912328
3238,0.30018039448904743,0.1858654015111579,0.337289000705895,0.23911821086261978,0.2851588484533838
3239,0.21797204876598272,0.3465260938323669,0.277718691741027,0.25412850550230737,0.27852690459044394
3240,0.22952919020715631,0.09919522052363378,0.21058263497981863,0.15442953496627615,0.2236586223643885
3241,0.18127267320844484,0.09625724828676853,0.17370956940397103,0.10718068867589627,0.19766140242166438
3242,0.18170879175339477,0.043605693199789075,0.17012579413202042,0.15816258430954916,0.15228416874612719
3243,0.22041431261770245,0.10862765770514847,0.14937175333490196,0.13220305289314868,0.18199527725209758
3244,0.18321340073347203,0.074454401686874,0.13486144545602635,0.09476322328718494,0.16221734688750808
3245,0.23672514619883034,0.09416974169741697,0.200038371735235,0.1364515441959531,0.16921773207616683
3246,0.25384279908811574,0.08063960639606388,0.2228789661351336,0.1567724529641462,0.1858860176516889
3247,0.27076419863217355,0.2472535582498682,0.254240981737226,0.25901739439119625,0.30788430942372425
3248,0.28476360392506683,0.11241609558952731,0.2557222755162989,0.18594959176428819,0.22470499572943003
3249,0.2905203687184062,0.19777192057634854,0.24530543539249572,0.1705800496982605,0.2154202743213143
3250,0.24967786698384375,0.08102618169038826,0.24850694130210502,0.14838480653177138,0.23387181591331582
3251,0.24586182971553175,0.08465998945703737,0.22278339879454834,0.20250621228257007,0.19624658773090387
3252,0.2173178709485578,0.04963626779124931,0.20849608137703848,0.22999645012424563,0.19247374855554253
3253,0.223554366141342,0.07561412756984708,0.23170301724918094,0.2261384451544195,0.2335181122406257
3254,0.20617504212508667,0.05404322614654718,0.21706528624952487,0.20922257720979764,0.21412336085478387
3255,0.2620854395876697,0.06741873133017044,0.208512009267136,0.22303017394391192,0.20168478169851448
3256,0.2519456834175835,0.11241609558952731,0.31624825788702055,0.2377593184238551,0.2604143290181039
3257,0.31603330359797793,0.11311193111931117,0.29372622128907305,0.24257011004614837,0.22750514980489356
3258,0.2904767568639111,0.2365067650676507,0.22600083259425505,0.2447255946041888,0.18354273082011688
3259,0.2630667063138071,0.13460551748374625,0.2253796448804503,0.24203904863329775,0.1549958969034181
3260,0.24012687084944,0.3446705324196099,0.2298713098879617,0.2043180688675896,0.21735090686808117
3261,0.2515531767271285,0.3960077315058865,0.2252522217596698,0.27457436989705364,0.26193230728006556
3262,0.3133947864010308,0.14187313301704443,0.2783876631251244,0.25608093716719904,0.30819380013732806
3263,0.3414590147685598,0.11311193111931117,0.2796778222230267,0.23032445864394746,0.2560077707625061
3264,0.2744930121914956,0.0654085397996837,0.24313924233922787,0.16940859069932548,0.25547721525347095
3265,0.22678164337397158,0.0911544544016868,0.16077612264475372,0.15977138800141993,0.20016680343655274
3266,0.2247536921399544,0.06873308733087324,0.13799923980524528,0.13221867234646778,0.14058247224129558
3267,0.20421250867281193,0.1015919873484449,0.15602961139568133,0.11033581824636132,0.17862035470851262
3268,0.22209336901575974,0.1836232648040766,0.16165215660011942,0.12712673056443016,0.18871564703320992
3269,0.3214847854098523,0.08953083816552446,0.1644873210374848,0.15107135250266232,0.15397899884443403
3270,0.2721597779760135,0.07112985415568437,0.24032000579195997,0.1374511892083777,0.21200113881864316
3271,0.28724947963128156,0.10483921982076963,0.2004524968777715,0.14827547035853736,0.2649977391100467
3272,0.30321141837644955,0.05767703391319619,0.222432985212402,0.30514164004259847,0.22908207867897035
3273,0.31213004262067595,0.29217360745036025,0.17952324928957988,0.31457578984735535,0.2845840799852623
3274,0.29629893943899294,0.15602178878931647,0.17375735307426374,0.2595640752573659,0.2747540654150827
3275,0.2517058182178609,0.10306097346687745,0.17140002533982515,0.19077600283990054,0.2532076166870426
3276,0.2990464862721776,0.09950448075909325,0.2065210230049412,0.17937380191693283,0.23658354407060675
3277,0.25807314897413025,0.11976102618169034,0.17482452171080018,0.13976286829960946,0.2549761350504931
3278,0.23330161562097332,0.12347214900720437,0.17149559268041042,0.1551792687255946,0.2378804575371372
3279,0.2477371394588165,0.2961166754524688,0.16990280367065463,0.13937238196663118,0.20787459597059163
3280,0.30785608088016647,0.060073800738007326,0.18191243280421357,0.16127085552005674,0.19690978211719778
3281,0.29368222816929324,0.08002108592514494,0.18352114970406702,0.16222364217252389,0.16349952270100981
3282,0.4401526414907324,0.06285714285714283,0.20973845680464803,0.1413716719914803,0.13196094521947374
3283,0.3150520368718406,0.0911544544016868,0.24039964524244783,0.16656585019524314,0.14658069702399887
3284,0.3404777480424224,0.04522930943595143,0.23081105540371769,0.16739368122115725,0.2155529131985731
3285,0.28594112399643173,0.08195396239676676,0.20260276204094185,0.1507589634362797,0.19179581651621977
3286,0.29547031420358805,0.28776664909506233,0.2561841843291281,0.148697195598154,0.24971479291922757
3287,0.2605808306075924,0.09185028993147075,0.22120653767489004,0.13988782392616259,0.2182499037028353
3288,0.25552185548617307,0.05705851344227724,0.23294539267679046,0.1391693290734824,0.2046912629163805
3289,0.20739617405094649,0.10576700052714814,0.2056609169396731,0.143792687255946,0.2083609385205406
3290,0.22972544355238378,0.16854682832542606,0.1706354866151423,0.12431522896698612,0.2002257540486677
3291,0.21917137476459508,0.10654015111579682,0.20126481927274695,0.13684203052893146,0.16476696086148276
3292,0.21672911091287536,0.07553681251098224,0.22708392912088904,0.14641675541356045,0.18152367235517744
3293,0.21273862622658335,0.08674749604638902,0.24130753497800864,0.10510330138445148,0.14348578988796035
3294,0.22654177817424911,0.09177297487260584,0.23848829843074085,0.12814199503017396,0.20149319220914066
3295,0.2682129051442165,0.0915410296960112,0.23576462922405828,0.1652538161164359,0.194006464470533
3296,0.2600138764991574,0.08334563345633457,0.23265869065503444,0.21870358537451184,0.1645311584130227
3297,0.3429418178213896,0.07383588121595497,0.20669622979601437,0.17917074902378413,0.21147058330960797
3298,0.33892952720785,0.09092250922509225,0.21730420460098823,0.21648562300319488,0.1940212021235618
3299,0.2778511249876102,0.09571604287471441,0.18008072544299436,0.23221441249556266,0.16715446065214115
3300,0.5247814451382694,0.14457916007731506,0.1991623377798693,0.15363294284700033,0.2588521377970558
3301,0.34213499851323215,0.20426638552099807,0.20468931564372203,0.1295008874689386,0.27373716735609854
3302,0.3699157498265437,0.09548409769811977,0.2261919672754258,0.15527298544550935,0.2184267555391803
3303,0.3487421944692239,0.07569144262871197,0.21067820232040393,0.12896982605608798,0.2444681884409908
3304,0.2998751115075825,0.10855034264628356,0.2848384586146355,0.13759176428824982,0.1876545360151396
3305,0.3197839230845475,0.05690388332454751,0.25078462958605585,0.14013773517926864,0.19543601681432224
3306,0.3428545941123996,0.22676506765067647,0.23958732284747236,0.20095988640397577,0.18108154276431482
3307,0.375628902765388,0.25026884554559825,0.25678944415283533,0.18765211217607378,0.19234110967828372
3308,0.2932461096243433,0.24934106483921983,0.2145486796141106,0.3152630457933972,0.1461090921270787
3309,0.3486113589057389,0.20287471446143035,0.20570870060996568,0.24733404330848419,0.22502922409606266
3310,0.33053424521756364,0.16947460903180456,0.23208528661152233,0.24625630102946391,0.23972266416573157
3311,0.3070928734265041,0.18810753821823928,0.20747669641079472,0.19416542421015257,0.2412111671216359
3312,0.28369511348993953,0.22034791776489193,0.25723542507556696,0.19906993255236058,0.19608447354758748
3313,0.22791555159084148,0.14365137937093653,0.22458325037557234,0.2370720624778132,0.199002528847281
3314,0.23020517395182868,0.13267264101212442,0.2122232076598671,0.19672701455449054,0.22632613756259312
3315,0.25061552185548613,0.09950448075909325,0.1907046281380658,0.16636279730209436,0.1513262212992581
3316,0.24778075131331145,0.08782990687049727,0.21301960216474503,0.15224281150159744,0.1767486727738607
3317,0.23539498463673306,0.1272605868915832,0.2648489565421998,0.15513241036563713,0.1824374068429602
3318,0.2745802359004857,0.2031839746968898,0.21086933700157467,0.13210933617323395,0.194669658856827
3319,0.22357617206858948,0.12865225795115093,0.2019975022172347,0.14988427405040822,0.2237175729765035
3320,0.2658578650014867,0.10414338429098569,0.20214085322811265,0.1572410365637202,0.24100483997923336
3321,0.36638318961244914,0.15571252855385692,0.2047211714239171,0.13929428470003544,0.22946525765771802
3322,0.3220953513727822,0.11883324547531185,0.19658201958406482,0.1431522896698615,0.24112274120346333
3323,0.29660422242045786,0.2642628712001405,0.2099614472660138,0.19086971955981538,0.2648503625797592
3324,0.38945386064030124,0.07259884027411699,0.24567177686473957,0.2538942137025204,0.321929292760128
3325,0.3280265635841015,0.08496924969249692,0.24801317670908063,0.1606929357472488,0.26993485287467966
3326,0.2835206660719596,0.08357757863292914,0.2468663686220565,0.19313454029108976,0.21587714156520574
3327,0.280075329566855,0.11527675276752765,0.2267175876486452,0.2526290379836705,0.18750715948485205
3328,0.30654772524531665,0.3307538218239325,0.20454596463284402,0.27894781682641107,0.18743347121970821
3329,0.29895926256318756,0.4116253733965911,0.22700428967040123,0.2578459353922612,0.14658069702399887
3330,0.24067201903062738,0.324877877350202,0.28252891455048956,0.2431480298189563,0.1696009110549145
3331,0.31079988105857864,0.18833948339483395,0.2425976940759108,0.22203052893148734,0.14322051213344275
3332,0.30188125681435224,0.12478650500790724,0.22080834042245104,0.29633226837060705,0.196659242015709
3333,0.2905639805729011,0.11527675276752765,0.21418440876757944,0.26459353922612705,0.1651354021872017
3334,0.2764119337892754,0.19924090669478123,0.19669144418903503,0.24967696130635422,0.19674766793388151
3335,0.2551947665774606,0.16615006150061493,0.20849608137703848,0.22427973020944258,0.19844249803218833
3336,0.23397759936564577,0.18199964856791423,0.21341779941718395,0.16570678026269076,0.16066989331948878
3337,0.22952919020715631,0.06973818309611665,0.29114590309326865,0.15172736954206603,0.16021302607559745
3338,0.22124293785310736,0.08721138639957823,0.22966424731669347,0.1134284700035498,0.1447532280484332
3339,0.22952919020715631,0.05388859602881735,0.20402034425962454,0.12233155839545608,0.14044983336403677
3340,0.2115611061552185,0.1769741697416974,0.2037495701279661,0.13343698970536025,0.14155515734119337
3341,0.21073248091981361,0.06710947109471088,0.23866350522181393,0.20473979410720625,0.15633702332903487
3342,0.25214193676281094,0.05010015814443851,0.23950768339698453,0.12856372026979052,0.16351426035403863
3343,0.2442481910992169,0.09223686522579505,0.2075722637513801,0.15592900248491298,0.17108941401081876
3344,0.3063732778273367,0.03780706378492349,0.24780611413781237,0.1541327653532126,0.1292934300212691
3345,0.35925265140251755,0.10151467228958,0.2602776520842006,0.24670926517571887,0.1311503743028922
3346,0.2945762711864407,0.21346687752591811,0.2851729443066843,0.30503230386936453,0.2000046892532364
3347,0.3181702844682327,0.12030223159374445,0.35551050697750186,0.27026340078097266,0.20538393260873206
3348,0.3162295569432055,0.09904059040590404,0.2874506325906351,0.21823500177493785,0.18744820887273694
3349,0.3206779661016949,0.0649446494464944,0.23568498977357055,0.23540078097266595,0.19372644906298667
3350,0.2625869759143622,0.1697838692672641,0.2588441419754204,0.24068015619453317,0.1924147979434275
3351,0.44508078104866683,0.12277631347742049,0.25056163912469,0.20716080937167192,0.1433678886637303
3352,0.37685003469124784,0.13421894218942185,0.29375807706926815,0.22181185658501945,0.1684955870777578
3353,0.31374368123699076,0.31869267264101214,0.31901971076399566,0.3669321973730919,0.17306425951667195
3354,0.3649221924868668,0.206740467404674,0.2673655631776141,0.3413319133830316,0.1722831639061479
3355,0.36071364852809995,0.16568617114742573,0.2678433998805408,0.26443734469293567,0.17010199125789216
3356,0.38858162355040143,0.409847127042699,0.2365132400586436,0.2522541711040113,0.17243054043643544
3357,0.3747130538209931,0.15602178878931647,0.23071548806313233,0.21372097976570817,0.1701756795230359
3358,0.3190861334126276,0.2346512036548937,0.229536824195913,0.22538871139510114,0.21368123126392116
3359,0.2921558132619685,0.18199964856791423,0.24245434306503283,0.24132055378061762,0.23021687796218454
3360,0.267493309545049,0.1854015111579687,0.24888921066444641,0.2020844870429535,0.17331479961816082
3361,0.2093369015759738,0.2535933930767879,0.22574598635269408,0.19739865104721335,0.16506171392205782
3362,0.22743582119139658,0.17751537515375151,0.2005639921084544,0.21229960951366703,0.18942305437859022
3363,0.2468867082961641,0.08728870145844314,0.23406034498361952,0.16555058572949943,0.17580546298002045
3364,0.2296164139161463,0.038348269196977605,0.2028416803924052,0.13279659211927583,0.150427224464504
3365,0.20035285955000492,0.08728870145844314,0.20298503140328325,0.12325310614128503,0.1377675805128033
3366,0.2667737139458816,0.0558987875593041,0.2117135151767452,0.13615477458288955,0.16684496993853729
3367,0.25957775795420757,0.06927429274292736,0.17920469148762866,0.12801703940362086,0.14087722530187063
3368,0.2665774606006542,0.06517659462308906,0.22182772538869472,0.20555200567980117,0.11100400261258396
3369,0.36843294677371397,0.08380952380952378,0.19033828666582198,0.22807525736599216,0.21057158647485383
3370,0.327786698384379,0.10089615181866096,0.20018172274611298,0.17693716719914795,0.1551580110867344
3371,0.3120864307661809,0.18285011421542782,0.1818487212438234,0.204833510827121,0.1428962837668101
3372,0.5453880463871542,0.36005622913371993,0.2388864956831797,0.23722825701100458,0.1509725176265679
3373,0.3648785806323719,0.11156562994201363,0.26400477836702924,0.259095491657792,0.24015005610356555
3374,0.3306432748538011,0.11148831488314881,0.29183080236746367,0.23297976570820017,0.19527390263100597
3375,0.39946278124690254,0.07391319627481988,0.26112183025937113,0.20592687255946035,0.18037413541893452
3376,0.2621290514421647,0.3217852749956071,0.30578363409292475,0.23232374866879657,0.17940145031903662
3377,0.24621072455149173,0.2925601827446846,0.27486759941356403,0.32094852680156194,0.19517073905980473
3378,0.4070294380017841,0.2080548234053769,0.30527394160980287,0.3120610578629747,0.1840290733700658
3379,0.33378332837744074,0.058218239325250394,0.32145667794892213,0.25895491657791975,0.21089581484148645
3380,0.3109525225493111,0.09563872781584959,0.2936784376187804,0.20606744763933257,0.2670462728810437
3381,0.25587075032213297,0.2034932349323493,0.32465818385853135,0.24169542066027688,0.3142509755321465
3382,0.2950996134403806,0.2212756984712704,0.25403391916595774,0.3130763223287185,0.264555609519184
3383,0.2323421548220834,0.23944473730451588,0.22085612409274372,0.20113170039048625,0.25724573361692143
3384,0.25201110119932596,0.16236162361623618,0.2076041195315752,0.16623784167554134,0.18161209827334993
3385,0.23508970165526807,0.049095062379195184,0.205629061159478,0.14696343627973013,0.17570229940881912
3386,0.24586182971553175,0.054197856264276915,0.18213542326557944,0.15088391906283272,0.19531811559009227
3387,0.21088512241054605,0.05296081532243894,0.2346018932469365,0.13615477458288955,0.17201788615163027
3388,0.23075032213301613,0.05845018450184496,0.21055077919962345,0.13243734469293572,0.14883555793739847
3389,0.25253444345326587,0.048785802143735714,0.200579919998552,0.15610081647142346,0.1902631006012292
3390,0.23984339379522246,0.07878404498330696,0.23648138427844848,0.13345260915867946,0.19138316223141466
3391,0.31195603132124095,0.09044315586012995,0.23942422125287335,0.2396563010294639,0.2592951516471002
3392,0.32829128754088605,0.05558179581795817,0.2820224076453872,0.23438988995385163,0.22124091038502122
3393,0.32322555258202,0.04192795642242134,0.2261766765009321,0.2383256798012069,0.20601750431243818
3394,0.33559322033898303,0.17937093656650846,0.236497312168546,0.15047781327653525,0.17415484584079982
3395,0.2693032015065913,0.19692145492883503,0.2098658799254285,0.18782392616258428,0.18413223694126704
3396,0.23077212806026368,0.1371569144262871,0.24000144799000883,0.16547248846290377,0.1269206678836395
3397,0.24898007731192384,0.14496573537163943,0.22528407753986499,0.1494313099041533,0.14121619132153201
3398,0.23140449995044107,0.1244772447724477,0.250306792883129,0.22907490237841668,0.19861934986853344
3399,0.2510952522549311,0.11442628712001406,0.3687147278683777,0.29441107561235347,0.24541139823483113
3400,0.2985231440182376,0.1954524688104024,0.3486933700157469,0.2679517216897409,0.2736929543970123
3401,0.3539974229358707,0.08736601651730798,0.2896486814240981,0.22523251686190976,0.21452127748656025
3402,0.2937040340965408,0.45360745036021793,0.26863979438541874,0.18965140220092291,0.22902312806685535
3403,0.3652710873228268,0.2017149885784572,0.28332530905536746,0.20183457578984734,0.17187050962134276
3404,0.30879373575180885,0.199395536812511,0.32217343300331225,0.20448988285410008,0.20617976587228487
3405,0.27669541084349286,0.2809629239149534,0.32892685840467695,0.18954206602768897,0.287855838957646
3406,0.3032550302309446,0.17040238973818306,0.3325584173469203,0.20881647142350018,0.24763678384217308
3407,0.2955793438398255,0.31846072746441745,0.2981382468460967,0.15855307064252744,0.29481201118721845
3408,0.24283080582812958,0.1172869442980144,0.243887853173813,0.12223784167554132,0.19570129456883983
3409,0.20358013678263456,0.0640168687401159,0.19003565675396836,0.12886048988285406,0.18206896551724136
3410,0.2045395975815244,0.03749780354946401,0.1794276819489945,0.11064820731274402,0.13175461807707117
3411,0.27072058677767863,0.08512387981022666,0.19430433130011404,0.12369045083422077,0.1624384116829395
3412,0.22815541679056395,0.14280091372342296,0.16713135079367952,0.11003904863329779,0.15826765587580174
3413,0.2182773317474477,0.08427341416271297,0.17296095856938581,0.12929783457578978,0.15477483210798682
3414,0.291872336207751,0.03363205060622035,0.24667523394088575,0.17863968761093357,0.18506070908207864
3415,0.2558925562493805,0.08203127745563168,0.25541964560444524,0.22096840610578625,0.2951804525129373
3416,0.2861591832689067,0.09308733087330873,0.2713316078119061,0.22195243166489173,0.20925993535529466
3417,0.2498305084745763,0.07638727815849583,0.24184908324132556,0.17731203407880722,0.19499388722345964
3418,0.24950341956586383,0.06618169038833246,0.1757642672265561,0.21468938587149444,0.1900862487648842
3419,0.26529091089305185,0.07692848357054996,0.1816894423428478,0.2015846645367412,0.2065776825040612
3420,0.2924829021706809,0.0432964329643296,0.1842538326485547,0.18262264820731272,0.23742359029324575
3421,0.2733809099018733,0.08102618169038826,0.20462560408333183,0.16619098331558393,0.19947413374420117
3422,0.2821250867281197,0.05056404849762781,0.23818566851888714,0.14932197373091935,0.14619751804525127
3423,0.3183229259589652,0.18029871727288696,0.25174030299190936,0.2114405395811146,0.20333539883773505
3424,0.3223788284269997,0.1425689685468283,0.2595927528100056,0.16797160099396513,0.15814975465157166
3425,0.31034195658638114,0.34536636794939374,0.2574584155369328,0.1489002484913028,0.16768501616117626
3426,0.2268906730102091,0.3069407836935512,0.3209310575757027,0.1466822861199858,0.20060893302741534
3427,0.26947764892457127,0.2518151467228958,0.3035059458089739,0.1658004969826056,0.16459010902513774
3428,0.3220081276637922,0.2395993674222457,0.30382450361092506,0.20561448349307765,0.1986046122155047
3429,0.21655466349489536,0.1891126339834827,0.2954145776394143,0.2578927937522187,0.17707290114049334
3430,0.2496124492021012,0.17535055350553505,0.2788814277181487,0.23882144124955626,0.2901843881361893
3431,0.22963821984339378,0.1416411878404498,0.2574265597567376,0.2564714235001775,0.23701093600844067
3432,0.22124293785310736,0.07855209980671231,0.1631015945989972,0.19691444799432015,0.20013732813049517
3433,0.18192685102586975,0.05272887014584429,0.1608079784249488,0.15293006744763932,0.15870978546666442
3434,0.22564773515710174,0.19120014057283427,0.19548299516733328,0.10739936102236414,0.19742559997320425
3435,0.2458400237882842,0.05404322614654718,0.20539014280801457,0.10889882854100105,0.14656595937097014
3436,0.18663693131132914,0.0667228958003865,0.18323444768231098,0.1796080937167199,0.15949088107718842
3437,0.18944989592625633,0.04685292567211379,0.1841901210881645,0.18918281860134886,0.1778539967510174
3438,0.2350242838735256,0.11659110876823053,0.18219913482596964,0.11578700745473901,0.1634110967828373
3439,0.2739914758648032,0.3022245651027939,0.23155966623830293,0.16097408590699322,0.2817249752976838
3440,0.2969313113291704,0.14156387278158497,0.27230320910785716,0.18612140575079866,0.15819396761065796
3441,0.28786004559421147,0.05442980144087147,0.2225444804430849,0.15695988640397585,0.21712984207264988
3442,0.24352859550004946,0.04430152872957293,0.18670672772357866,0.14199645012424564,0.24190383681398742
3443,0.24339775993656457,0.07576875768757681,0.2197093160057195,0.2152048278310259,0.20920098474317964
3444,0.23251660224006343,0.04623440520119485,0.2583663052724936,0.15992758253461123,0.1381212841854934
3445,0.2518148478540985,0.14519768054823398,0.2686557222755163,0.1592871849485268,0.12204250473112158
3446,0.2708078104866686,0.10445264452644526,0.2042114789407953,0.17382889598864038,0.1486734437540821
3447,0.3129368619288334,0.09069056404849761,0.26725406794693113,0.17479730209442662,0.14286680846075264
3448,0.32715432649420156,0.06347566332806177,0.2536675776937139,0.1625204117855874,0.18209844082329885
3449,0.32911685994647627,0.05010015814443851,0.25207478868395805,0.14048136315228965,0.20852305270385688
3450,0.27543066706313807,0.2807309787383588,0.31005230863907035,0.17884274050408233,0.19148632580261588
3451,0.2759540093170779,0.19514320857494286,0.25307824576010424,0.17043947461838835,0.15822344291671553
3452,0.2832589949449896,0.38881743103145316,0.21722456515050043,0.14807241746538868,0.20432282159066167
3453,0.23812072554267025,0.15996485679142503,0.1964386685731868,0.187089811856585,0.3181122406256804
3454,0.20903161859450886,0.15865050079072215,0.24656373871020285,0.16586297479588205,0.3447137043425834
3455,0.25414808206958067,0.12687401159725883,0.20355843544679536,0.15647568335108267,0.27951432734337056
3456,0.2118663891366834,0.06989281321384638,0.21958189288493904,0.13804472843450474,0.20326171057259126
3457,0.20525919318069175,0.07437708662800908,0.16300602725841185,0.11780191693290733,0.15627807271691982
3458,0.2203488948359599,0.030694078369355105,0.15137866748719433,0.10716506922257717,0.1496903418130662
3459,0.20401625532758447,0.08326831839746966,0.14194935654943974,0.09919914802981894,0.10932391016730586
3460,0.1802914064823075,0.045925144965735375,0.16617567738782596,0.11775505857294986,0.1559538443502872
3461,0.20730895034195648,0.17712879985942714,0.16611196582743576,0.11788001419950299,0.16286580362077335
3462,0.2070908910694816,0.04584782990687047,0.19054534923709024,0.10730564430244939,0.14012560499740415
3463,0.24989592625631873,0.24539799683711125,0.1749997285018733,0.19788285410010648,0.272145500828993
3464,0.35532758449796814,0.23782112106835357,0.16330865717026546,0.17201703940362084,0.1848249066336186
3465,0.22778471602735648,0.0915410296960112,0.207970461003819,0.18035782747603835,0.1857975917335164
3466,0.26382991376746945,0.05837286944298014,0.23794675016742378,0.12925097621583242,0.14503324345597957
3467,0.20693824957874912,0.08991741345984883,0.17248312186645912,0.1339055733049343,0.13756125337040073
3468,0.25763703042918024,0.07205763486206287,0.2402085105612771,0.19603975860844866,0.1148652677061178
3469,0.243594013281792,0.07228958003865753,0.23823345218917985,0.1448079517216897,0.09293563999933004
3470,0.23384676380216077,0.10445264452644526,0.2670947890459555,0.145542066027689,0.151090418850798
3471,0.3347864010308256,0.057290458618871894,0.22819888142771816,0.15113383031593888,0.2063271424025724
3472,0.2782000198235701,0.1598102266736953,0.2555470687252258,0.20555200567980117,0.23253068948769906
3473,0.31690554068787785,0.1312809699525566,0.24204021792249633,0.13720127795527154,0.27916062367068045
3474,0.28513430468827433,0.28219996485679144,0.23722234972578685,0.1606460773872914,0.15735392138801896
3475,0.3287025473287739,0.35418028465998946,0.28043407844485874,0.1519304224352147,0.19459597059168324
3476,0.24372484884527704,0.4631172026005974,0.28995131133595176,0.19719559815406457,0.2512622464872469
3477,0.27224700168500343,0.3281251098225268,0.2915122445655124,0.14371458998935036,0.2777458089799199
3478,0.3105164040043612,0.13383236689509745,0.2753135803362956,0.11652112176073828,0.3128656361474435
3479,0.284022202398652,0.11574064312071686,0.26838494814385777,0.14543272985445505,0.2966247425097553
3480,0.25122608781841604,0.15184677561061324,0.2536675776937139,0.13435853745118911,0.25149804893570704
3481,0.22580037664783428,0.0997364259356879,0.19605639921084536,0.13154703585374508,0.198825677010936
3482,0.21971652294578245,0.07909330521876644,0.210423356078843,0.11575576854810073,0.14821657651019077
3483,0.1818614332441272,0.02914777719205757,0.21053485130952596,0.10269790557330488,0.1982066955837283
3484,0.18048765982753484,0.08048497627833415,0.18256547629821354,0.11319417820376283,0.19191371774044985
3485,0.17774011299435027,0.042523282375680836,0.2051193686763561,0.10758679446219381,0.17234211451826292
3486,0.23216770740410342,0.15687225443683006,0.20201343010733216,0.08543840965566202,0.1727695064560969
3487,0.2240559024680345,0.06826919697768404,0.16510850875128957,0.12948526801561938,0.18961464386796395
3488,0.203122212310437,0.06873308733087324,0.1728335354486054,0.12133191338303156,0.26753261543099255
3489,0.29895926256318756,0.05705851344227724,0.2467548733913736,0.12609584664536735,0.2289641774547403
3490,0.28522152839726433,0.13839395536812507,0.23366214773118063,0.16733120340788069,0.26850530053089045
3491,0.38310833581127957,0.09107713934282198,0.22768918894459625,0.15347674831380903,0.14627120631039506
3492,0.45537317870948557,0.10723598664558068,0.20362214700718564,0.20912886048988277,0.17979936695081303
3493,0.33059966299930615,0.0627025127394131,0.20027729008669834,0.16997089101881424,0.1355274572524325
3494,0.32630389533154913,0.12834299771569144,0.22628753461601117,0.12458075967341135,0.1545979802716417
3495,0.33075230449003856,0.11179757511860827,0.22029864793932918,0.18596521121760737,0.1864607861198104
3496,0.335505996629993,0.18756633280618518,0.28350051584644065,0.2512701455449059,0.15738339669407644
3497,0.2694994548518188,0.07499560709892812,0.2380263896179116,0.16929925452609154,0.19357907253269913
3498,0.29409654078699565,0.06370760850465643,0.1864837372622129,0.26242243521476744,0.1707062350320711
3499,0.29980969372584,0.08388683886838869,0.23686365364078982,0.18365353212637553,0.1373696638810269
3500,0.3242323322430369,0.28722544368300823,0.27137939148219875,0.23085552005679802,0.1500440454857563
3501,0.27019724452373867,0.0681145668599543,0.2591945555575666,0.1859027334043308,0.2571130947396627
3502,0.23068490435127367,0.054816376735195856,0.27491538308385677,0.17109549165779198,0.27251394215471186
3503,0.27181088314005347,0.1015919873484449,0.19137359952216326,0.1608491302804401,0.21804357656043274
3504,0.24972147883833876,0.06254788262168337,0.2657887020579558,0.1464948526801561,0.13574852204786383
3505,0.18251561106155212,0.13189949042347562,0.22251262466288982,0.10443166489172877,0.1793130244008641
3506,0.21031816830211114,0.11048321911790547,0.1903223587757244,0.12423713170039044,0.14500376814992208
3507,0.24420457924472194,0.06432612897557546,0.15983637712899781,0.1212538161164359,0.11241881730334438
3508,0.15951035781544257,0.056208047794763655,0.18705714130572496,0.08314235001774935,0.14478270335449078
3509,0.17874318564773511,0.04175013178703215,0.18154609133196978,0.08890592829250968,0.12615430992614426
3510,0.18934086629001878,0.06710947109471088,0.16515629242158225,0.11647426340078092,0.10789435782351653
3511,0.2409118842303499,0.04839922684941133,0.17879056634509216,0.11372523961661332,0.12639011237460432
3512,0.24647239567846166,0.0685784572131435,0.15357671632065734,0.12022293219737303,0.1410835524442732
3513,0.3643552383784319,0.1363064487787735,0.23879092834259444,0.1434802981895633,0.1588129490378657
3514,0.2851561106155218,0.12409066947812329,0.19170808521421198,0.1635512957046503,0.21152953392172288
3515,0.24433541480820695,0.06749604638903527,0.17498380061177576,0.2167823926162584,0.14796603640870187
3516,0.31356923381901075,0.06911966262519763,0.215870694492208,0.1973205537806176,0.16177521729664548
3517,0.23729210030726533,0.17063433491477772,0.2755684265778566,0.19683635072772449,0.11941920249200313
3518,0.22741401526414903,0.03564224213670701,0.20588390740103885,0.1908541001064962,0.12780492706536484
3519,0.22708692635543656,0.055744157441574356,0.22445582725479188,0.18355981540646077,0.15408216241563524
3520,0.28594112399643173,0.06053769109119662,0.2719368676356133,0.22798154064607734,0.1999752139471789
3521,0.27152740608583603,0.29967316816025297,0.18943039693026117,0.19892935747248847,0.2006384083334729
3522,0.2938566755872733,0.2708346512036549,0.23773968759615555,0.19850763223287182,0.16383848872067125
3523,0.2553692139954405,0.17944825162537337,0.21352929464786694,0.19238480653177129,0.1863134095895229
3524,0.29102190504509856,0.15957828149710065,0.21187279407772086,0.2183287184948526,0.20983470382341607
3525,0.3063078600455942,0.07391319627481988,0.31016380386975323,0.25094213702520407,0.15181256384920702
3526,0.23138269402319359,0.11303461606044626,0.19919419356006438,0.2645154419595314,0.26969905042621967
3527,0.24655961938745163,0.10893691794060795,0.1705877029448496,0.16853390131345397,0.225736631441443
3528,0.2371394588165328,0.06966086803725174,0.19250447971908993,0.1652225772097976,0.19561286865066735
3529,0.20767965110516395,0.06355297838692668,0.16421654690582635,0.16095846645367412,0.20533971964964576
3530,0.20368916641887194,0.06254788262168337,0.14335101087802493,0.13749804756833509,0.16000669893319489
3531,0.19910992169689753,0.04654366543665432,0.11275353400061537,0.1274078807241746,0.14908609803888723
3532,0.18026960055505992,0.06579511509400808,0.11977773353363856,0.11147603833865813,0.12628694880340308
3533,0.1873129150560016,0.1657634862062906,0.1314210211949537,0.11380333688320907,0.11989080738892328
3534,0.2303360095153137,0.0563626779124934,0.21430976126264725,0.1318438054668086,0.15406742476260654
3535,0.20242442263851712,0.06548585485854852,0.19561041828811376,0.1677841675541356,0.2060029140359398
3536,0.35129348795718107,0.04368300825865399,0.1668127929917283,0.154882499112531,0.23317914622096433
3537,0.28836158192090394,0.06200667720962924,0.1519202157505113,0.20508342208022715,0.1821279161293564
3538,0.2881653285756765,0.06231593744508872,0.2309384785244982,0.1602712105076322,0.14596171559679116
3539,0.22586579442957674,0.042523282375680836,0.21657152165650048,0.23327653532126374,0.133390497563263
3540,0.30552284666468427,0.06339834826919695,0.2184032290177197,0.1625047923322683,0.19338748304332531
3541,0.2887758945386064,0.043219117905464774,0.22431247624391393,0.14093432729854447,0.14478270335449078
3542,0.24464069778967193,0.06169741697416967,0.2647215334214194,0.16601916932907346,0.1580318534273417
3543,0.3658816532857567,0.07576875768757681,0.2625075566978588,0.23149591764288246,0.17552544757247404
3544,0.4458439885023293,0.15269724125812684,0.2647374613115169,0.20319346822861198,0.2906412553800807
3545,0.4137238576667657,0.14829028290282897,0.3514011113323318,0.1942591409300674,0.24448292609401945
3546,0.3212885320646248,0.2508100509576524,0.3494419808503321,0.20561448349307765,0.27123176634121016
3547,0.4368817524036079,0.3007555789843613,0.2598157432713714,0.2447099751508697,0.2532518296461289
3548,0.41852116166121517,0.10669478123352655,0.277033792466832,0.24139865104721325,0.230069501431897
3549,0.3817127564674397,0.11504480759093301,0.22617603938532824,0.3281490947816826,0.23589087437825526
3550,0.35356130439092076,0.11303461606044626,0.19401762927835792,0.24964572239971594,0.27142335583058397
3551,0.25626325701258795,0.16885608856088563,0.21429383337254973,0.19158821441249557,0.2182793790088928
3552,0.2541698879968282,0.22807942365137934,0.20507158500606343,0.13932552360667372,0.17639496910117058
3553,0.22815541679056395,0.03989457037427514,0.16674908143133804,0.19275967341143058,0.1466838605952002
3554,0.22828625235404895,0.03687928307854507,0.15454831761660842,0.1654568690095846,0.1495134899767212
3555,0.20685102586975915,0.03386399578281491,0.16998244312114244,0.12592403265885688,0.15222521813401216
3556,0.19817226682525518,0.1674644175013178,0.16283082046733877,0.1153028044018459,0.13787074408400463
3557,0.18816334621865397,0.03355473554735544,0.16238483954460714,0.10450976215832442,0.15760446148950782
3558,0.24908910694816136,0.07545949745211733,0.20677586924650218,0.17262619808306706,0.1464627957997689
3559,0.27196352463078594,0.30848708487084875,0.23589205234483882,0.243694710685126,0.2887106228333137
3560,0.3451442164733868,0.051491829204006315,0.20072327100943005,0.26945118920837774,0.21447706452747398
3561,0.28188522152839723,0.051182568968546754,0.23103404586508347,0.19394675186368468,0.1448416539666058
3562,0.2680602636534839,0.05010015814443851,0.20784303788303854,0.18835498757543476,0.18908408835892884
3563,0.22900584795321638,0.0654085397996837,0.16934532751724007,0.1599588214412495,0.20029944231381147
3564,0.22907126573495884,0.05551221226497979,0.15919926152509542,0.16959602413915506,0.17646865736631437
3565,0.24278719397363466,0.06525390968195395,0.185974044779091,0.17047071352502657,0.17036726901240976
3566,0.2954267023490931,0.0504867334387629,0.18528914550489597,0.20692651757188496,0.20821356199025298
3567,0.24132619684805234,0.17736074503602178,0.20108961248167387,0.21931274405395812,0.21757197166351258
3568,0.3168401229061353,0.07190300474433313,0.18054263425582365,0.20336528221512246,0.16092043342097773
3569,0.2983050847457627,0.08118081180811809,0.20311245452406373,0.2038026269080582,0.18352799316708815
3570,0.3562434334423629,0.1904269899841855,0.248108744049666,0.17681221157259494,0.18202475255815506
3571,0.27911586876796507,0.047084870848708445,0.17866314322431176,0.2259510117145899,0.1936085478387567
3572,0.24599266527901675,0.19985942716570018,0.22509294285869422,0.30657862974795885,0.24569141364237748
3573,0.3167092873426504,0.0870567562818485,0.23692736520118013,0.24977067802626904,0.30210714943645217
3574,0.29108732282684113,0.2598559128448428,0.26752484207858956,0.26485906993255237,0.27406139572273114
3575,0.2500703736742987,0.07236689509752234,0.2905724990497565,0.18851118210862616,0.2385436519234312
3576,0.20342749529190202,0.07406782639254962,0.19615196655143075,0.1455108271210508,0.22669457888831204
3577,0.2042343146000594,0.03657002284308551,0.1415989429672935,0.13879446219382313,0.17210631206980287
3578,0.18205768658935467,0.04484273414162705,0.152939600716755,0.1521022364217252,0.14414898427425435
3579,0.22348894835959954,0.07190300474433313,0.1383496533873916,0.11119488817891371,0.12572691798831032
3580,0.18002973535533748,0.030462133192760456,0.13156437220583175,0.09504437344692927,0.1134504530153573
3581,0.21147388244622853,0.04646635037778941,0.15297145649695007,0.10832090876819309,0.13890237979601747
3582,0.21786301912974526,0.05883675979616934,0.20803417256420928,0.11659921902733403,0.1463743698815963
3583,0.26169293289721474,0.2731541029696011,0.1733432279317272,0.19058856940007096,0.2372762137629583
3584,0.3136346516007532,0.2532068177824635,0.2075404079711849,0.13635782747603825,0.1869029157106731
3585,0.20148676776687474,0.07739237392373916,0.21149052471537946,0.1202541711040113,0.15166887173217666
3586,0.22314005352363955,0.06200667720962924,0.17275389599811755,0.11235072772452963,0.15637563597997017
3587,0.30465060957478435,0.10282902829028288,0.18764647323933464,0.16091160809371666,0.22911317512686108
3588,0.29265734958866085,0.06285714285714283,0.18538471284548133,0.1418714944976925,0.21092455326489257
3589,0.2715492120130836,0.07522755227552268,0.1850820829336277,0.16550372736954205,0.142771161092596
3590,0.31998017642977494,0.07584607274644171,0.27431012326014953,0.15260205892793743,0.1806824471202961
3591,0.34967984934086627,0.0644807590933052,0.2350000904993755,0.15783457578984736,0.1834584314447924
3592,0.2733809099018733,0.089840098400984,0.2653267932451266,0.21309620163294285,0.14321108003550426
3593,0.2751471900089206,0.0916183447548761,0.17218049195460547,0.22009371671991473,0.15443586608832535
3594,0.2932461096243433,0.29843612721841506,0.17273796810802003,0.16231735889243873,0.17467066369680628
3595,0.31365645752800075,0.30152872957301,0.21118789480352582,0.16303585374511892,0.22147744971613273
3596,0.29645158092972546,0.416573537163943,0.28998316711614686,0.19550869719559807,0.2452640217045435
3597,0.26132223213400735,0.10924617817606742,0.2816688084852214,0.18576215832445858,0.26681047043258355
3598,0.2998751115075825,0.08164470216130729,0.27231913699795474,0.26315654952076667,0.20712297566612511
3599,0.2551947665774606,0.05342470567562815,0.24664337816069062,0.18454384096556617,0.18105206745825725
3600,0.244117355535732,0.1475944473730451,0.24798132092888556,0.17132978345757896,0.1805067742961933
3601,0.20885717117652888,0.04677561061324897,0.15306702383753548,0.1912445864394746,0.12724489625027213
3602,0.18362771335117448,0.05110525390968193,0.13685243171822112,0.11033581824636132,0.11663378606956841
3603,0.20473585092675187,0.08543314004568613,0.15359264421075494,0.1102108626198083,0.13925608346870758
3604,0.18944989592625633,0.04198207696362671,0.12869735198827126,0.09916790912318066,0.14939558875249112
3605,0.17531965506987798,0.051491829204006315,0.152398052453438,0.08831238906638263,0.15055986334176277
3606,0.21901873327386262,0.04437884378843784,0.2346337490271317,0.09457578984735526,0.153256853846025
3607,0.31596788581623547,0.14589351607801793,0.2379148943872287,0.17353212637557686,0.17384535512719593
3608,0.2656834175835067,0.2288525742400281,0.197728827671089,0.16753425630102944,0.16128887474669656
3609,0.24464069778967193,0.1223124231242312,0.24793353725859293,0.13359318423855165,0.13972768836562774
3610,0.24623253047873922,0.09416974169741697,0.2561045448786403,0.15974014909478162,0.1705588585017836
3611,0.24699573793240157,0.0667228958003865,0.2577929012289814,0.14082499112531052,0.1487176567131684
3612,0.2026424819109921,0.08311368827973992,0.22652645296747445,0.12987575434859777,0.1257121803352816
3613,0.20157399147586474,0.08272711298541555,0.25613640065883536,0.133171458998935,0.1516357120128619
3614,0.23380315194766568,0.1223124231242312,0.23323209469854658,0.13717003904863329,0.1294702818576142
3615,0.2962771335117454,0.09455631699174134,0.1823265579467501,0.12907916222932192,0.16348478504798106
3616,0.2932897214788383,0.07839746968898258,0.23277018588571738,0.14116861909833153,0.15987406005593607
3617,0.2988720388541976,0.21903356176418906,0.23423555177469269,0.16906496272630459,0.1661523002461858
3618,0.3460600654177817,0.22684238270954138,0.2089898459700628,0.1337337593184238,0.15969720821959096
3619,0.271352958667856,0.2228993147074328,0.1724671939763615,0.1732509762158324,0.17739712950712597
3620,0.3586856972940827,0.14921806360920747,0.1663668120689967,0.21365850195243163,0.2325454271407278
3621,0.2979125780553078,0.17550518362326478,0.19855707795616204,0.22082783102591402,0.28070807723869967
3622,0.22776291010010902,0.342119135477069,0.2196774602255244,0.15735037273695415,0.26719364941133117
3623,0.23391218158390323,0.1087049727640133,0.19379463881699213,0.11647426340078092,0.18752189713788078
3624,0.20521558132619683,0.1146582322966087,0.1841901210881645,0.14087184948526799,0.13228517358610636
3625,0.20438695609079194,0.0649446494464944,0.17143188112002022,0.11336599219027332,0.14025824387466296
3626,0.20288234711071457,0.0450746793182217,0.1803196437944578,0.10857082002129924,0.10002445110616129
3627,0.21884428585588264,0.0531927604990335,0.1682622309906061,0.1272516861909833,0.11990554504195203
3628,0.16227971057587467,0.07190300474433313,0.1482249452478777,0.09552857649982249,0.1271712079851283
3629,0.18349687778768947,0.14512036548936916,0.17485637749099528,0.08382960596379126,0.12706804441392708
3630,0.22028347705421744,0.0970303988754173,0.19513258158518706,0.12564288249911254,0.13871079030664363
3631,0.3028843294677372,0.24501142154278688,0.19793589024235728,0.20113170039048625,0.16852506238381537
3632,0.31045098622261863,0.18833948339483395,0.17866314322431176,0.14915015974440893,0.1720326238046591
3633,0.22686886708296158,0.09107713934282198,0.20030914586689344,0.20147532836350718,0.18923146488921636
3634,0.279726434730895,0.30833245475311893,0.1509645423446578,0.19905431309904148,0.1103997588384049
3635,0.22324908315987702,0.5739096819539624,0.16251226266538754,0.1978516151934682,0.12249937197501291
3636,0.2169253642581028,0.20782287822878226,0.20204528588752738,0.1976641817536386,0.10136557753177804
3637,0.2029041530379621,0.35905113336847655,0.2159981176129884,0.15766276180333685,0.13319890807388923
3638,0.2317315888591535,0.1683148831488315,0.19486180745352852,0.16758111466098685,0.1743316976771449
3639,0.2860501536326692,0.07105253909681954,0.22611232782493793,0.2121746538871139,0.16134782535881162
3640,0.24496778669838437,0.09053593393076786,0.25685315571322553,0.190010649627263,0.16753763963088875
3641,0.25929428089999007,0.0897627833421191,0.22893156437220583,0.2069108981185658,0.15524643700490698
3642,0.26040638318961246,0.17241258126866982,0.22455139459537726,0.20142847000354988,0.19857513690944714
3643,0.3342848647041332,0.08767527675276753,0.24161016488986228,0.19539936102236413,0.15539381353519452
3644,0.4560273565269105,0.08040766121946932,0.26938840522000396,0.187089811856585,0.18030044715379076
3645,0.4021885221528396,0.12385872430152875,0.2210313308838169,0.21651686190983313,0.19213478253588118
3646,0.2770879175339479,0.11025127394131083,0.20876685550869692,0.22652893148739794,0.222538560734203
3647,0.24496778669838437,0.24849059919170616,0.2695158283407844,0.20589563365282207,0.16087622046189143
3648,0.20362374863712948,0.08404146898611843,0.1725149776466542,0.1686900958466453,0.11421681097285255
3649,0.2254514818118743,0.08110349674925318,0.16236891165450956,0.19166631167909123,0.11569057627572808
3650,0.24014867677668744,0.07855209980671231,0.19475031222284564,0.10201064962726299,0.10661218201001492
3651,0.20347110714639702,0.08357757863292914,0.1346384549946605,0.11188214412495559,0.14445847498785816
3652,0.1631955595202696,0.07143911439114384,0.12684971673695447,0.10941427050053246,0.121836177588719
3653,0.18140350877192976,0.067650676506765,0.18479538091187167,0.08832800851970181,0.10494682721776555
3654,0.19590445039151544,0.09169565981374093,0.13701171061919667,0.09365424210152638,0.12521110013230394
3655,0.20310040638318957,0.061465471797575125,0.15824358811924194,0.11128860489882846,0.11249250556848814
3656,0.24669045495093664,0.07553681251098224,0.17729334467592167,0.1386382676606318,0.11159350873373411
3657,0.2569392407572603,0.1363064487787735,0.17214863617441037,0.14651047213347532,0.11943394014503188
3658,0.3837625136287045,0.22560534176770336,0.2061068978624047,0.15583528576499822,0.2458682654787225
3659,0.3177559718505302,0.23526972412581265,0.19145323897265104,0.19210365637202698,0.11732645576191988
3660,0.3889959361681038,0.11396239676682475,0.1649970135206067,0.20947248846290378,0.16410376647518876
3661,0.2515967885816235,0.10661746617466174,0.22732284747235237,0.15863116790912318,0.11434944985011136
3662,0.2254514818118743,0.12123001230012297,0.1767677243027023,0.18115441959531417,0.1237373348294284
3663,0.24967786698384375,0.1068494113512563,0.209451754782892,0.2084103656372026,0.1406856358124968
3664,0.25447517097829314,0.09733965911087679,0.17208492461402017,0.21211217607383734,0.1527852489491048
3665,0.2722688076122509,0.08922157793006498,0.22394613477167008,0.2943954561590344,0.11607375525447575
3666,0.30412726732084444,0.10228782287822877,0.18360078915455483,0.20934753283635074,0.10665639496910112
3667,0.3031460005947071,0.09842206993498502,0.2743738348205397,0.22234291799787004,0.12870392390011887
3668,0.28962632570125874,0.08520119486909149,0.2281192419772303,0.17164217252396166,0.19664450436268024
3669,0.2976072950738428,0.22854331400456865,0.23206935872142484,0.20555200567980117,0.20859674096900063
3670,0.29762910100109025,0.12370409418379892,0.2285811507900595,0.14399574014909478,0.19142737519050085
3671,0.2927881851521459,0.09764891934633625,0.25516479936288433,0.12533049343272984,0.13306626919663042
3672,0.224252155813262,0.10344754876120184,0.19691650527611357,0.13838835640752567,0.16348478504798106
3673,0.2253642581028843,0.07777894921806355,0.2033513728755271,0.14749449769258072,0.1492482122222036
3674,0.21147388244622853,0.09416974169741697,0.18823580517294425,0.1386382676606318,0.12093718075396487
3675,0.2329527207850133,0.0798664558074152,0.1897011710619196,0.15135250266240677,0.09502838672941327
3676,0.18654970760233913,0.06084695132665609,0.1639457727741678,0.15080582179623708,0.13527691715094367
3677,0.20390722569134703,0.0807169214549288,0.12885663088924684,0.1311565495207667,0.10114451273634674
3678,0.23777183070671024,0.05868212967843961,0.14698256982026825,0.11827050053248135,0.0892954397012276
3679,0.2461453067697492,0.08280442804428044,0.17785082082933626,0.12550230741924032,0.14733231732846544
3680,0.20624045990682924,0.0835002635740643,0.20640952777425833,0.13220305289314868,0.13117984960894977
3681,0.22673803151947666,0.19282375680899663,0.1817212981230429,0.16878381256656014,0.15116410711594175
3682,0.32538804638715424,0.1226989984185556,0.18828358884323693,0.13743556975505852,0.15002930783272758
3683,0.31178114778471605,0.11210683535406775,0.2053105033575268,0.10091728789492363,0.1601540754634824
3684,0.2922212310437109,0.11048321911790547,0.2108374812213795,0.1395441959531416,0.15879821138483693
3685,0.24106452572108228,0.0961026181690388,0.2475512678962515,0.1927440539581114,0.1967918808929678
3686,0.22331450094161956,0.21454928835002635,0.2041636952705026,0.19151011714589983,0.15974142117867726
3687,0.3105164040043612,0.11458091723774379,0.18683415084435911,0.16105218317358885,0.18004990705230187
3688,0.30513033997422934,0.09486557722720083,0.2318304403699614,0.17525026624068155,0.1769255246102058
3689,0.22314005352363955,0.08790722192936208,0.2533968035620554,0.19130706425275112,0.1551727487397631
3690,0.27039349786896616,0.11574064312071686,0.2127010443627938,0.24410081647142348,0.14964612885398001
3691,0.36387550797898705,0.1056123704094184,0.19173994099440708,0.1770152644657437,0.20659242015709
3692,0.3164476162156804,0.13244069583552975,0.20777932632264837,0.22898118565850195,0.21695299023630488
3693,0.29141441173555355,0.10978738358812153,0.23512751362015596,0.3001902733404331,0.19929728190785617
3694,0.2631103181683021,0.09927253558249861,0.26504009122337047,0.2675456159034434,0.2753730468422903
3695,0.26219446922390716,0.1005868915832015,0.2584459447229814,0.2529726659566915,0.22312806685535325
3696,0.24634156011497665,0.07924793533649617,0.20392477691903926,0.1517742279020234,0.10288355579373977
3697,0.1822975517890771,0.2031839746968898,0.14543756448080508,0.15760028399006032,0.14067089815946807
3698,0.2259312122113192,0.07097522403795464,0.18133902876070151,0.1142719204827831,0.12329520523856571
3699,0.2093587075032213,0.08597434545774026,0.1646147441582653,0.11013276535321262,0.10723116343722261
3700,0.19573000297353554,0.06038306097346687,0.14843200781914603,0.09327937522186722,0.1208192795297349
3701,0.18011695906432748,0.10437532946758034,0.1728653912288005,0.10477529286474968,0.12358995829914086
3702,0.20122509663990482,0.07924793533649617,0.1968687216058209,0.10493148739794107,0.14145199376999215
3703,0.2813836852017048,0.06332103321033204,0.1700461546815327,0.2154391196308129,0.18470700540938853
3704,0.3637228664882545,0.08960815322438935,0.1748085938207026,0.16942421015264458,0.1510167305856542
3705,0.28441470908910693,0.10236513793709359,0.22585748158337707,0.16103656372026978,0.16730183718242872
3706,0.2496560610565962,0.09819012475839037,0.14059548589114731,0.1357486687965921,0.13263887725879647
3707,0.25608880959460795,0.09478826216833591,0.163181234049485,0.15108697195598153,0.13322838337994672
3708,0.2110813757557736,0.07545949745211733,0.22969610309688862,0.16523819666311673,0.12242568370986914
3709,0.22314005352363955,0.209833069759269,0.21838730112762217,0.15886545970891017,0.1755107099194453
3710,0.223118247596392,0.10043226146547177,0.21704935835942726,0.1395441959531416,0.18481016898058977
3711,0.2819070274556447,0.07685116851168504,0.2646737497511267,0.14505786297479586,0.17990253052201435
3712,0.3211576965011398,0.1336004217185029,0.19897120309869862,0.16244231451899185,0.19406541508264805
3713,0.4313866587372386,0.10483921982076963,0.25185179822259224,0.15666311679091227,0.16908509319890805
3714,0.46309247695509953,0.08056229133719905,0.24132346286810616,0.18446574369897054,0.13536534306911624
3715,0.3560689860243829,0.1990862765770515,0.21469203062498865,0.19027618033368832,0.1327420408299978
3716,0.28772921003072655,0.11025127394131083,0.2495103983782511,0.2029591764288249,0.21376965718209376
3717,0.31598969174348296,0.19491126339834822,0.2720324349761986,0.2543784167554135,0.27180653480933165
3718,0.4030389533154921,0.22545071164997363,0.25452768375898205,0.2598296059637913,0.24016479375659425
3719,0.323403707007632,0.22707432788613593,0.2168582236782566,0.1845750798722044,0.20233323843177967
3720,0.28860144712062635,0.2604744333157617,0.21602997339318358,0.172969826056088,0.2077714323993904
3721,0.2040598671820795,0.05984185556141276,0.15478723596807178,0.1481973730919417,0.1561896467987473
3722,0.22562592922985422,0.033322790370760795,0.1654589223334359,0.10663400780972658,0.17375692920902344
3723,0.20641490732480913,0.030848708487084837,0.16974352476967908,0.10850834220802268,0.1417762221366247
3724,0.19638418079096046,0.05272887014584429,0.14779489221524367,0.09721547745828892,0.1472586290633216
3725,0.18013876499157494,0.05017747320330342,0.1365338739162699,0.1110386936457224,0.158076066386428
3726,0.2377064129249678,0.08396415392725351,0.2024434831399663,0.1153028044018459,0.1426310060122925
3727,0.2280027752998314,0.27238095238095233,0.18583069376821293,0.17047071352502657,0.18261425867930528
3728,0.33166815343443357,0.14705324196099098,0.2270998570109866,0.16667518636847706,0.21270854616402335
3729,0.2527306967984934,0.044688104023897314,0.22324530760737743,0.1512900248491302,0.15607174557451725
3730,0.34270195262166714,0.07151642945000874,0.14398812648192721,0.15783457578984736,0.1619668067860193
3731,0.2555654673406681,0.09571604287471441,0.14464116997592716,0.20664536741214054,0.15875399842575064
3732,0.24900188323917138,0.052883500263574024,0.16843743778167927,0.1645977990770323,0.14560801192410106
3733,0.23698681732580035,0.06571780003514316,0.237182211442741,0.15185232516861907,0.12454790574600995
3734,0.24998314996530868,0.20558074152170086,0.19604047132074787,0.126517571884984,0.16705129708093983
3735,0.3405649717514124,0.11512212264979792,0.21397527557059853,0.18427831025914088,0.1801088576644169
3736,0.2685399940529289,0.15555789843612716,0.29514380350775576,0.20644231451899175,0.18563547755020013
3737,0.2832589949449896,0.15957828149710065,0.2537472171442016,0.14818175363862263,0.1883177304014336
3738,0.3150956487263356,0.19931822175364608,0.2879125414034643,0.19777351792687253,0.17822243807673624
3739,0.3211358905738923,0.2410683535406782,0.2141345544715741,0.19126020589279374,0.17602652777545177
3740,0.3896501139855288,0.11535406782639247,0.22267190356386535,0.29584806531771385,0.16488486208571282
3741,0.4072256913470116,0.10228782287822877,0.21524950677840315,0.29322399716009934,0.21661402421664352
3742,0.3984160967390227,0.1787524160955895,0.23708664410215566,0.22506070287539934,0.2046912629163805
3743,0.27372980473783326,0.3242593568792831,0.24454089666781298,0.19232232871849483,0.2996459613806501
3744,0.2269997026464466,0.35943770866280095,0.2635747253343951,0.20456798012069574,0.31904071276649193
3745,0.20456140350877194,0.16452644526445268,0.21212764031928172,0.17782747603833862,0.2875905612031284
3746,0.21801566062047772,0.06935160780179227,0.1929026769715289,0.14282428115015966,0.244453450787962
3747,0.2027733174744771,0.05442980144087147,0.17519086318304403,0.11294426695065668,0.19335800773726783
3748,0.18277728218852213,0.06633632050606221,0.1584825064707053,0.10546254881079158,0.2108221265763427
3749,0.20065814253146982,0.08357757863292914,0.21990045068689024,0.10971104011359598,0.13369998827686688
3750,0.23838239666964015,0.06169741697416967,0.1996083187026009,0.13577990770323037,0.19795615548223947
3751,0.2768916641887203,0.08597434545774026,0.1940654129486506,0.20659850905218316,0.20852305270385688
3752,0.3186500148676776,0.10623089088033734,0.21153830838567214,0.1681746538871139,0.18830299274840478
3753,0.2522945782535434,0.22243542435424352,0.147747108544951,0.16417607383741564,0.14291102141983886
3754,0.3100584795321637,0.06888771744860306,0.20027729008669834,0.12259708910188141,0.15465693088375676
3755,0.2669917732183566,0.048167281672816684,0.2417057322304476,0.11439687610933613,0.1614657265830416
3756,0.2617583506789573,0.09672113863995782,0.2878010461727813,0.16470713525026623,0.13555693255849
3757,0.20569531172564176,0.06803725180108938,0.27481981574327136,0.1347646432374867,0.11657483545745337
3758,0.23932005154128252,0.048631172026005975,0.1888729207768466,0.16920553780617678,0.15876873607877948
3759,0.319805729011795,0.06618169038833246,0.2052149360169415,0.15394533191338303,0.17548123461338783
3760,0.33302012092377836,0.04747144614303282,0.24560806530434937,0.17988924387646424,0.22591348327778796
3761,0.3351571017940331,0.07422245651027935,0.24173758801064268,0.20900390486332976,0.2081693490311668
3762,0.2701754385964912,0.05814092426638548,0.20454596463284402,0.19652396166134178,0.2099526050476461
3763,0.2767826345524829,0.20101915304867335,0.21477167007547646,0.21826624068157613,0.12572691798831032
3764,0.29850133809099016,0.37845721314355996,0.21282846748357434,0.20047568335108268,0.1663438897355596
3765,0.29485974824065814,0.2017149885784572,0.23952361128708205,0.21979694710685124,0.24488084272579586
3766,0.28775101595797403,0.09239149534352488,0.2756480660283444,0.28383670571529995,0.236082463867629
3767,0.22401229061353947,0.16205236338077664,0.24149866965917935,0.21481434149804754,0.19735191170806046
3768,0.20861730597680642,0.12246705324196096,0.2037973537982588,0.1307660631877884,0.21571502738188938
3769,0.20342749529190202,0.08009840098400985,0.20489637821499027,0.12745473908413205,0.1619668067860193
3770,0.2227257409059371,0.056285362853628486,0.14852757515973133,0.14596379126730563,0.14861449314196706
3771,0.20353652492813948,0.03703391319627481,0.1401654328585132,0.09865246716364925,0.13051665522265576
3772,0.1583110318168302,0.05156914426287113,0.18825173306304183,0.1006361377351792,0.12448895513389492
3773,0.19141242937853106,0.08280442804428044,0.18401491429709133,0.08514164004259848,0.1345989851116209
3774,0.22647636039250665,0.08179933227903703,0.20212492533801515,0.13951295704650332,0.1588276866908944
3775,0.2642878382396669,0.2532841328413284,0.18626074680084706,0.19046361377351792,0.22871363735325154
3776,0.32076518981068486,0.17635564927077838,0.16700392767289907,0.17803052893148733,0.16506171392205782
3777,0.31784319555952023,0.060073800738007326,0.22074462886206078,0.16712815051473193,0.1351590159267136
3778,0.2412825849935573,0.07151642945000874,0.29893464135097464,0.19364998225062116,0.18908408835892884
3779,0.25661215184854785,0.08411878404498324,0.2724147043385401,0.19961661341853026,0.1892756778483026
3780,0.2303360095153137,0.06873308733087324,0.18806059838187114,0.21295562655307063,0.1654448929008055
3781,0.2378372484884527,0.04484273414162705,0.1702213614726058,0.18084203052893147,0.14142251846393458
3782,0.2665338487461592,0.048940432261465446,0.17885427790548244,0.13826340078097263,0.1632784579055785
3783,0.2664248191099216,0.05883675979616934,0.1860059005592861,0.16172381966631158,0.21225167892013191
3784,0.2664902368916642,0.06131084167984538,0.24879364332386103,0.1572254171104011,0.1940212021235618
3785,0.2846327683615819,0.125482340537691,0.20206121377762487,0.21276819311324094,0.1858860176516889
3786,0.25266527901675084,0.10646283605693199,0.17012579413202042,0.21786013489527867,0.14434057376362808
3787,0.28646446625037164,0.11604990335617642,0.19127803218157788,0.18890166844160444,0.13059034348779955
3788,0.27026266230548124,0.19730803022315935,0.20480081087440496,0.18527795527156546,0.1979856307882969
3789,0.279988105857865,0.1100966438235811,0.23724592300313121,0.2452410365637202,0.22965684714709184
3790,0.2655961938745167,0.15416622737655947,0.2546710347698601,0.20455236066737656,0.22766726398820988
3791,0.23079393398751116,0.294183798980847,0.23391699397274157,0.17952999645012424,0.14361842876521905
3792,0.2898443849737337,0.2987453874538745,0.22560263534181613,0.16598793042243518,0.14037614509889298
3793,0.22704331450094165,0.059687225443682934,0.18309109667143292,0.17796805111821085,0.14438478672271438
3794,0.23031420358806615,0.03734317343173428,0.160839834205144,0.14526091586794462,0.14441426202877186
3795,0.22159183268906726,0.04700755578984352,0.1500407247189994,0.17470358537451186,0.1221456683023228
3796,0.18585191793041925,0.06919697768406254,0.14827272891817037,0.11038267660631879,0.11488000535914654
3797,0.1588779859252651,0.04337374802319451,0.18661116038299327,0.10457223997160098,0.13698648490227933
3798,0.21703439389434034,0.05852749956070988,0.1856714148672374,0.1043848065317713,0.14500376814992208
3799,0.2607770839528199,0.25421191354770684,0.19726691885825978,0.1475413560525381,0.16329319555860722
3800,0.44955099613440375,0.22436830082586542,0.192934532751724,0.16437912673056443,0.14963139120095126
3801,0.2516404004361185,0.06479001932876466,0.22181179749859722,0.21664181753638617,0.15054512568873404
3802,0.2635246307860046,0.0644807590933052,0.2415145975492769,0.20324032658856933,0.12622799819128805
3803,0.26079888988006744,0.042909857670005214,0.1695842458687034,0.19279091231806886,0.11981711912377954
3804,0.215965903459213,0.1560991038481813,0.17120889065865447,0.1959772807951721,0.18199527725209758
3805,0.22159183268906726,0.050409418379898076,0.19557856250791866,0.15617891373801912,0.17791294736313235
3806,0.2026860937654871,0.07468634686346856,0.2262078951655233,0.11897337593184235,0.1484229036525933
3807,0.33105758747150354,0.23851695659813738,0.19710763995728425,0.18032658856940006,0.1229857145249619
3808,0.2405629893943899,0.1422597083113688,0.17984180709153103,0.22702875399361017,0.1490713603858585
3809,0.23188423034988598,0.045306624494816344,0.2677319046498579,0.19063542776002831,0.1206424276933898
3810,0.335287937357518,0.12695132665612363,0.14798602689641444,0.17674973375931835,0.1217919646296327
3811,0.28844880562989395,0.06123352662098048,0.1407069811218302,0.20063187788427406,0.2366130193766643
3812,0.3724452373872533,0.1401722017220172,0.17625803181958039,0.15888107916222924,0.23415183132086215
3813,0.26753692139954405,0.05357933579335788,0.1761624644789951,0.16684700035498756,0.22143323675704643
3814,0.2822123104371097,0.03919873484449129,0.1650129414107042,0.1695491657791977,0.2742971981711912
3815,0.2687798592526514,0.049713582850114214,0.23214899817191254,0.12667376641817535,0.31914387633769326
3816,0.24623253047873922,0.13012124406958353,0.2499563793009828,0.11728647497337592,0.2255745172581266
3817,0.2099038556844087,0.18161307327358986,0.15438903871563278,0.1408406105786297,0.14890924620254223
3818,0.22004361185449492,0.14867685819715334,0.1454057087006099,0.11303798367057152,0.15380214700808892
3819,0.20248984042025966,0.10429801440871551,0.14613839164509762,0.09885552005679794,0.1472144161042354
3820,0.17957181088314003,0.05404322614654718,0.12806023638436892,0.09673127440539578,0.12593324513071288
3821,0.18245019327980969,0.05357933579335788,0.15399084146319386,0.1026822861199858,0.13874026561270109
3822,0.1953156903558331,0.03935336496222103,0.15298738438704768,0.10168264110756119,0.1081448979250054
3823,0.2233363068688671,0.0762326480407661,0.15728791471338843,0.11806744763933257,0.14780392222538563
3824,0.20124690256715227,0.1537023370233702,0.16066462741407084,0.08835924742634,0.14627120631039506
3825,0.2664030131826742,0.05713582850114216,0.17374142518416621,0.14366773162939295,0.18753663479090954
3826,0.43744870651204276,0.05945528026708838,0.1608239063150464,0.17256372026979053,0.18539967510174002
3827,0.2664248191099216,0.22954840976981195,0.23420369599449758,0.21117500887468937,0.16772922912026256
3828,0.267144414709089,0.07708311368827969,0.19368314358630917,0.14601064962726298,0.17546649696035907
3829,0.2491327188026563,0.06687752591811631,0.21841915690781727,0.20664536741214054,0.18959990621493522
3830,0.2699573793240162,0.06509927956422414,0.21249398179152554,0.16281718139865103,0.19742559997320425
3831,0.2757577559718505,0.06649095062379194,0.16518814820177735,0.15441391551295697,0.27213076317596424
3832,0.28513430468827433,0.06873308733087324,0.18450867889011563,0.148697195598154,0.15769288740768034
3833,0.28633363068688666,0.11357582147250038,0.2080023167840141,0.1255491657791977,0.22393863777193482
3834,0.3033422539399345,0.25374802319451767,0.22166844648771916,0.13831025914093,0.2072114015842977
3835,0.311388641094261,0.2022561939905113,0.17068327028543498,0.19771104011359597,0.2694632479777595
3836,0.2569392407572603,0.41525918116324023,0.1953237162663577,0.17059566915157967,0.23422551958600593
3837,0.25172762414510846,0.1361518186610437,0.19605639921084536,0.1395441959531416,0.2304674180636733
3838,0.2305976806422836,0.08813916710595673,0.17404405509601978,0.12561164359247426,0.2780552996935238
3839,0.26478937456635937,0.06950623791952201,0.15528100056109606,0.11891089811856578,0.2851146354942975
3840,0.23624541579938543,0.08017571604287467,0.14994515737841402,0.145307774227902,0.22725460970340472
3841,0.3845693329368619,0.05381128096995253,0.17894984524606772,0.13465530706425274,0.18819982917720351
3842,0.24806422836752895,0.04345106308205934,0.18589440532860313,0.09883990060347886,0.19637922660816257
3843,0.20192288631182476,0.05427517132314174,0.14588354540353668,0.08751579694710679,0.15655808812446617
3844,0.17965903459213,0.03943068002108585,0.16802331263914275,0.0914206602768903,0.20485337709969687
3845,0.18026960055505992,0.08048497627833415,0.11939546417129716,0.10546254881079158,0.1609793840330927
3846,0.20434334423629694,0.05396591108768227,0.13328458433636808,0.09131132410365636,0.14133409254576207
3847,0.24027951234017245,0.04136355649270777,0.15088490289417,0.10747745828895988,0.16551858116594925
3848,0.24893646545742884,0.17040238973818306,0.15744719361436402,0.09641888533901308,0.21788146237711647
3849,0.2648984042025968,0.08697944122298366,0.15172908106934063,0.14383954561590337,0.23543400713436385
3850,0.23356328674794333,0.09919522052363378,0.13860449962895255,0.11221015264465742,0.2689326924687243
3851,0.23282188522152839,0.2422280794236514,0.21532914622889093,0.13710756123535672,0.2420070003851886
3852,0.3048468629200119,0.10638552099806708,0.2276095494941084,0.18979197728079514,0.25450453015357305
3853,0.3212449202101298,0.06022843085573706,0.18218320693587212,0.20492722754703577,0.22931788112743048
3854,0.5266131430270592,0.07584607274644171,0.16585711958587482,0.19182250621228253,0.285689403962419
3855,0.3645296857964119,0.06378492356352133,0.16995058734094734,0.12593965211217606,0.279425901425198
3856,0.29263554366141337,0.14249165348796347,0.2167785842277688,0.21714164004259848,0.2776868583678048
3857,0.3020120923778372,0.18486030574591455,0.22757673804050751,0.2019282925097621,0.3128803738004723
3858,0.2689325007433838,0.09007204357757856,0.2336471755144889,0.22604472843450477,0.28876957344542886
3859,0.2641351967489345,0.17983482691969777,0.28090426976053856,0.2432417465388711,0.296462628326439
3860,0.27253047873922087,0.08667018098752412,0.2805857119585875,0.2307305644302449,0.29137813803151846
3861,0.2911527406085836,0.09656650852222809,0.27528172455610056,0.2713723819666311,0.3518909413675872
3862,0.23236396074933097,0.2900861008610086,0.2660754040797118,0.18046716364927218,0.2804870124432684
3863,0.2402577064129249,0.3165278509927957,0.1619070028416804,0.13534256301029457,0.18709450520004683
3864,0.23354148082069578,0.3668599543138289,0.16585711958587482,0.10980475683351082,0.16174574199058792
3865,0.20842105263157887,0.1817677033913196,0.13870006696953793,0.0996052538161164,0.1669039205506523
3866,0.22030528298146493,0.03927604990335611,0.1469029303697804,0.13388995385161517,0.13848972551121233
3867,0.22638913668351668,0.035178351783517796,0.17082662129631304,0.09559105431309896,0.14180569744268223
3868,0.1819922688076122,0.07429977156914427,0.13804702347553796,0.08233013844515434,0.11854968096330656
3869,0.1818614332441272,0.03378668072395009,0.15012036416948718,0.12732978345757895,0.14335315101070153
3870,0.24418277331747446,0.04646635037778941,0.19317345110318737,0.1563819666311679,0.1490713603858585
3871,0.247235603132124,0.11690036900369001,0.1555517746927546,0.17649982250621224,0.18414697459429585
3872,0.39974625830112,0.10708135652785095,0.15282810548607212,0.20250621228257007,0.194669658856827
3873,0.2307285162057686,0.10483921982076963,0.1774844793570924,0.22228044018459353,0.1724747533955217
3874,0.24331053622757456,0.0916183447548761,0.13721877319046494,0.118348597799077,0.16731657483545742
3875,0.27157101794033106,0.07375856615709014,0.1379833119151478,0.11738019169329067,0.1460648791679925
3876,0.29464168896818316,0.08025303110173959,0.1181690166337852,0.16689385871494494,0.1725926546197518
3877,0.2651382694023194,0.2157090142329994,0.1879013194808955,0.15819382321618736,0.19925306894876987
3878,0.23051045693329367,0.1226989984185556,0.15211135043168197,0.21479872204472839,0.2020974359833196
3879,0.29952621667162255,0.17983482691969777,0.2607236330069322,0.191182108626198,0.23944264875818524
3880,0.33105758747150354,0.25104199613424705,0.26112183025937113,0.1829975150869719,0.2950625512887073
3881,0.36080087223708984,0.13646107889650325,0.21472388640518375,0.17245438409655658,0.20886201872351826
3882,0.40402022004162946,0.23983131259884025,0.18297960144074996,0.1263926162584309,0.17767714491467232
3883,0.41001685003469124,0.38696186961869616,0.18667487194338356,0.14062193823216185,0.2169235149302473
3884,0.3205689364654574,0.19885433140045686,0.1931097395427971,0.23813418530351438,0.19270955100400258
3885,0.23585290910893053,0.087984536988227,0.19895527520860104,0.2126900958466454,0.26769472961430896
3886,0.23229854296758842,0.10715867158671584,0.1783605133124581,0.23827476038338657,0.24381973170772553
3887,0.4221627515115472,0.2829731154454402,0.13796738402505018,0.13827902023429173,0.19521495201889102
3888,0.408119734364159,0.2074363029344579,0.15633224130753495,0.14060631877884275,0.19794141782921063
3889,0.18336604222420458,0.033941310841679825,0.14241126536226903,0.1229719559815406,0.186062869488034
3890,0.23816433739716517,0.06177473203303459,0.14973809480714576,0.09913667021654238,0.17359481502570714
3891,0.20447417979978194,0.051337199086276576,0.1238552733986135,0.09037415690450831,0.15336001741722632
3892,0.20704727921498658,0.037729748726058665,0.09421346992705744,0.1105232516861909,0.16556279412503555
3893,0.19570819704628797,0.08303637322087501,0.13518000325797747,0.16261412850550225,0.13781179347188957
3894,0.22527703439389432,0.04677561061324897,0.15053448931202368,0.1732978345757898,0.18150893470214868
3895,0.24810784022202392,0.19150940080829376,0.15966117033792465,0.1915413560525381,0.2817249752976838
3896,0.3339795817226682,0.0361061324898963,0.18492280403265213,0.2045367412140575,0.16096464638006394
3897,0.30763802160769155,0.07793357933579337,0.21888106572064647,0.14080937167199145,0.18320376480045553
3898,0.2993517692536425,0.04855385696714107,0.15598182772538863,0.15678807241746537,0.13529165480397248
3899,0.2750163544454356,0.037111228255139635,0.15448460605621814,0.143792687255946,0.16280685300865833
3900,0.2309901873327386,0.051491829204006315,0.16235298376441198,0.14827547035853736,0.11317043760781097
3901,0.2264981663197542,0.05110525390968193,0.13589675831236764,0.12225346112886043,0.14901240977374347
3902,0.2539082168698582,0.0622386223862238,0.1962793896722112,0.14508910188143412,0.16128887474669656
3903,0.28868867082961636,0.06208399226849407,0.19341236945465073,0.1325623003194888,0.160419353218
3904,0.42281692932897214,0.08311368827973992,0.15919926152509542,0.18899538516151929,0.32761802682922747
3905,0.4096679551987312,0.07198031980319797,0.18347336603377434,0.14443308484203052,0.2285809984759927
3906,0.24492417484388937,0.07406782639254962,0.19979945338377164,0.13446787362442306,0.18918725193013008
3907,0.29193775398949345,0.18594271657002281,0.24766276312693442,0.2159077032303869,0.16806819513992394
3908,0.5205510952522548,0.31003338604814623,0.22641495773679157,0.18340362087326936,0.19173686590410477
3909,0.4850292397660818,0.10514848005622911,0.20226827634889313,0.2311210507632233,0.24818207700423703
3910,0.25833482010110015,0.07947988051309081,0.17318394903075165,0.21050337238196656,0.2589405637152284
3911,0.44298741203290715,0.1443472149007204,0.19173994099440708,0.2431792687255946,0.24933161394047995
3912,0.2539082168698582,0.11991565629942007,0.1318829300077829,0.14266808661696836,0.16497328800388533
3913,0.2039726434730895,0.03780706378492349,0.13524371481836767,0.15858430954916572,0.175952839510308
3914,0.20438695609079194,0.051027938850817016,0.11042806204637186,0.14390202342917993,0.12092244310093613
3915,0.2185608088016651,0.035023721665788064,0.13822223026661112,0.13991906283280084,0.14988193130244004
3916,0.1834096540786995,0.05156914426287113,0.15736755416387624,0.12200354987575428,0.129779772571218
3917,0.17972445237387255,0.06293445791600766,0.11904505058915092,0.10957046503372377,0.14736179263452293
3918,0.2270215085736941,0.18555614127569844,0.15204763887129177,0.148697195598154,0.17131047880625008
3919,0.2529051442164733,0.24733087330873302,0.15924704519538813,0.18334114305999288,0.2588963507561421
3920,0.2665338487461592,0.18462836056931992,0.23219678184220524,0.18824565140220081,0.2121927283080169
3921,0.22841708791753387,0.04569319978914073,0.17229198718528835,0.19796095136670214,0.1664175780007034
3922,0.2758885915353355,0.035951502372166565,0.13866821118934275,0.1650820021299254,0.19963624792751755
3923,0.48825651699871137,0.03432788613600421,0.12638780792412527,0.1983670571529996,0.18180368776272376
3924,0.47613242144910295,0.03479177648919342,0.2024116273597712,0.1653943911963081,0.1415256820351359
3925,0.33387055208643074,0.07337199086276576,0.28587377147097687,0.18880795172168968,0.1665502168779622
3926,0.244030131826742,0.03919873484449129,0.16668536987094784,0.1700177493787717,0.17019041717606465
3927,0.3119774011299435,0.06216130732735897,0.19108689750040722,0.13335889243876461,0.17786873440404616
3928,0.30515214590147677,0.19661219469337546,0.17208492461402017,0.19639900603478874,0.17892984542211654
3929,0.24658142531469912,0.10715867158671584,0.24371264638273998,0.22571671991480294,0.26296394299207854
3930,0.25037565665576367,0.06138815673871021,0.2216525185976217,0.15789705360312384,0.23275175428313039
3931,0.2296164139161463,0.3225584255842558,0.25376314503429925,0.168658856940007,0.18202475255815506
3932,0.2605808306075924,0.12888420312774557,0.20582019584064867,0.29890947816826413,0.25204334209777085
3933,0.2285697294082664,0.12022491653487964,0.266824014914297,0.25114518991835283,0.3221798328616168
3934,0.20938051343046876,0.07159374450887367,0.19376278303679703,0.13143769968051114,0.2952688784311098
3935,0.219869164436515,0.10352486382006675,0.20273018516172234,0.1277671281505147,0.2243807673627974
3936,0.20715630885122405,0.13089439465823233,0.16795960107875255,0.1345459708910188,0.1785466664433689
3937,0.2471047675686391,0.08063960639606388,0.12111567630183348,0.11244444444444439,0.15577699251394217
3938,0.23707404103479035,0.157490774907749,0.12176871979583334,0.11233510827121045,0.12257306024015677
3939,0.20719992070571905,0.05674925320681778,0.14153523140690324,0.1381696840610578,0.12767228818810603
3940,0.17998612350084248,0.05218766473379017,0.148686854060707,0.09557543485977986,0.17170839543802646
3941,0.20091981365843983,0.04051309084519409,0.12514543249651575,0.0977152999645012,0.13853393847029855
3942,0.21278223808107832,0.05667193814795286,0.13014678998714907,0.10972665956691516,0.1479218234496156
3943,0.2471047675686391,0.27091196626251973,0.1513945953772919,0.16844018459353924,0.2440260588501281
3944,0.2655961938745167,0.12339483394833944,0.20293724773299057,0.18101384451544197,0.22081425532983873
3945,0.24575280007929426,0.04345106308205934,0.21185686618762326,0.17125168619098327,0.16653547922493336
3946,0.22071959559916737,0.04089966613951847,0.2024434831399663,0.19297834575789843,0.20896518229471958
3947,0.23661611656259288,0.0649446494464944,0.15762240040543718,0.16556620518281853,0.20585553750565222
3948,0.3615422737635048,0.05705851344227724,0.16217777697333882,0.19572736954206604,0.1802709718477332
3949,0.27218158390326097,0.15146020031628887,0.18089304783796992,0.17193894213702518,0.20259851618629726
3950,0.2895609079195163,0.07360393603936033,0.19897120309869862,0.17742137025204116,0.17526016981795642
3951,0.3123699078203984,0.09540678263925494,0.2326109069847418,0.17145473908413197,0.2340634054026896
3952,0.3283972643473089,0.291091196626252,0.20726963383952646,0.16036492722754697,0.24582405251963627
3953,0.2663157894736841,0.20101915304867335,0.23899799091386265,0.18198225062122822,0.23813099763862605
3954,0.30992764396867867,0.14179581795817953,0.24664337816069062,0.1981640042598508,0.28501147192309617
3955,0.3545861829715531,0.11086979441222979,0.2513580336295679,0.18910472133475323,0.2766404850027633
3956,0.32392704926157195,0.09764891934633625,0.23947582761678937,0.2055676251331203,0.2675620907370501
3957,0.2893428486470413,0.10831839746968891,0.1827247551991891,0.19911679091231804,0.25941216861214855
3958,0.3151610665080781,0.12068880688806886,0.17471302648011722,0.20780120695775645,0.33715328833883196
3959,0.3725106551689959,0.20333860481461957,0.19475031222284564,0.25330067447639326,0.2319264457135201
3960,0.29525225493111307,0.30106483921982075,0.1743626128979709,0.15317997870074548,0.1688935037095342
3961,0.300376647834275,0.26542259708311366,0.1780897391807996,0.1683308484203052,0.1569707424092713
3962,0.23899296263257008,0.06757336144790017,0.16291045991782654,0.13668583599574008,0.13227043593307763
3963,0.2267598374467241,0.13568792830785448,0.13248818983149013,0.16359815406460768,0.16074358158463264
3964,0.203296659728417,0.036260762607626035,0.13029014099802702,0.14176215832445857,0.15076619048416537
3965,0.20617504212508667,0.04638903531892458,0.16227334431392418,0.14635427760028397,0.17570229940881912
3966,0.28216869858261473,0.06247056756281845,0.1849705877029448,0.11364714235001769,0.18470700540938853
3967,0.2902805035186837,0.06788262168335965,0.15368821155134024,0.19643024494142702,0.2435839292592654
3968,0.3343284765586282,0.06873308733087324,0.17651287806114133,0.19532126375576847,0.2606353938135351
3969,0.27270492615720093,0.10004568617114737,0.14569241072236594,0.23387007454739078,0.22560399256418415
3970,0.26158390326097725,0.051182568968546754,0.17104961175767888,0.17987362442314514,0.17738239185409724
3971,0.2382079492516602,0.06641363556492702,0.1888729207768466,0.201100461483848,0.18523756091842372
3972,0.37630488651006044,0.05767703391319619,0.1528121775959745,0.17898331558395456,0.19136842457838582
3973,0.2858975121419367,0.08667018098752412,0.1561888902966569,0.15903727369542064,0.1472586290633216
3974,0.2771533353156903,0.14001757160428743,0.15934261253597348,0.20013205537806175,0.13800338296126344
3975,0.3545643770443057,0.11017395888244591,0.2005639921084544,0.2689826056088037,0.14868818140711093
3976,0.29682228169293284,0.2634897206114918,0.2878169740628789,0.2331047213347532,0.180948903887056
3977,0.32359996035285954,0.2978949218063609,0.1860855400097739,0.23841533546325872,0.20850831505082815
3978,0.3134165923282783,0.08690212616411877,0.20777932632264837,0.2425076322328718,0.28203446601128773
3979,0.24998314996530868,0.11179757511860827,0.23729370667342392,0.26559318423855166,0.21248748136859197
3980,0.30582812964614925,0.21253909681953959,0.19653423591377214,0.21320553780617676,0.19674766793388151
3981,0.44135196748934474,0.3014514145141451,0.17630581548987306,0.1838409655662051,0.2019205841469746
3982,0.2944672415502031,0.27640133544192586,0.15346522108997446,0.17393823216187432,0.2095104754567835
3983,0.4225116463475072,0.2674327886136005,0.17128853010914216,0.165972310969116,0.14756811977692552
3984,0.328004757656854,0.28165875944473723,0.20433890206157576,0.11470926517571883,0.15704443067441506
3985,0.2486966002577064,0.2554489544895449,0.1613176709080707,0.1601931132410365,0.14773023396024176
3986,0.2291366835167013,0.13073976454050257,0.1761624644789951,0.1277827476038338,0.14964612885398001
3987,0.43611854494994545,0.03989457037427514,0.15037521041104815,0.10118281860134888,0.12074559126459113
3988,0.3143324412726732,0.03510103672465289,0.13444732031348983,0.11439687610933613,0.1626152635192845
3989,0.2054990583804142,0.08226322263222634,0.1135817842856884,0.10140149094781675,0.15987406005593607
3990,0.2116047180097135,0.0320084343700579,0.18305924089123782,0.11708342208022715,0.1529473631324212
3991,0.24193676281098225,0.05296081532243894,0.1678321779579721,0.10783670571529988,0.16352899800706736
3992,0.2241867380315195,0.07723774380600942,0.1710336838675813,0.14099680511182106,0.1482313141632195
3993,0.24649420160570917,0.03827095413811278,0.17042842404387404,0.13810720624778133,0.1923705849843412
3994,0.3864010308256517,0.13839395536812507,0.1739325598653369,0.1671593894213702,0.21111687963691775
3995,0.4070512439290316,0.08752064663503771,0.1640731958949483,0.22114022009229672,0.17943092562509416
3996,0.44372881355932203,0.11017395888244591,0.2019656464370395,0.19771104011359597,0.18516387265327997
3997,0.24911091287540885,0.30106483921982075,0.2281351698673279,0.19902307419240323,0.1604635661770863
3998,0.3224224402814947,0.11806009488666316,0.20253905048055165,0.19468086616968405,0.18709450520004683
3999,0.3208306075924273,0.1583412405552627,0.21258954913211092,0.19683635072772449,0.1766602468556882
4000,0.2683219347804539,0.2467123528378141,0.20085069413021045,0.17760880369187076,0.14437004906968565
4001,0.2683437407077014,0.39848181338956246,0.22700428967040123,0.22253035143769964,0.16749342667180253
4002,0.29049856279115865,0.2807309787383588,0.21759090662274425,0.19346254881079156,0.16874612717924667
4003,0.2615184854792348,0.04399226849411346,0.19987909283425945,0.19739865104721335,0.1863723602016379
4004,0.26716622063633655,0.0396626251976805,0.22120653767489004,0.18429392971246006,0.23658354407060675
4005,0.2675587273267915,0.08404146898611843,0.21037557240855037,0.27487113951011716,0.23721726315084318
4006,0.2695212607790663,0.04677561061324897,0.22251262466288982,0.21926588569400066,0.19960677262145998
4007,0.2657706412924968,0.056826568265682595,0.19787217868196708,0.16127085552005674,0.18864195876806614
4008,0.24945980771136875,0.18246353892110342,0.15343336530977927,0.17428186013489522,0.1626742141313995
4009,0.22691247893745659,0.06393955368125107,0.16690836033231368,0.12180049698260557,0.15751603557133523
4010,0.22981266726137375,0.06316640309260231,0.1350047964669043,0.08860915867944615,0.13809180887943595
4011,0.2651818812568143,0.05226497979265499,0.14126445727524478,0.12804827831025914,0.1450479811090084
4012,0.20283873525621957,0.07066596380249517,0.15129902803670653,0.10850834220802268,0.15514327343370565
4013,0.2028169293289721,0.06339834826919695,0.12665858205578379,0.09549733759318421,0.151267270687143
4014,0.24444444444444446,0.04167281672816724,0.12778946225271046,0.11872346467873618,0.12391418666577342
4015,0.2507463574189711,0.08612897557546999,0.16169994027041212,0.12650195243166482,0.14196781162599853
4016,0.22512439290316183,0.0627025127394131,0.1664783072996796,0.136092296769613,0.15775183801979537
4017,0.23515511943701062,0.040745036021788736,0.23614689858639976,0.15317997870074548,0.14439952437574313
4018,0.3289424125284964,0.10151467228958,0.21481945374576913,0.2329485268015619,0.19071996784512063
4019,0.3294439488551888,0.1005868915832015,0.19922604934025948,0.18090450834220803,0.14226256468657367
4020,0.31725443552383775,0.15718151467228952,0.19333273000416296,0.22610720624778133,0.1725926546197518
4021,0.33906036277133506,0.08728870145844314,0.239778457528643,0.22385800496982602,0.18457436653212972
4022,0.3290514421647338,0.0970303988754173,0.3174109938641423,0.24161732339368114,0.28598415702299407
4023,0.35244920210129843,0.08141275698471265,0.2536835055838114,0.26945118920837774,0.26138701411800175
4024,0.331820794925166,0.08133544192584782,0.21094897645206245,0.3069066382676606,0.28246185794912154
4025,0.2775022301516503,0.03564224213670701,0.17988959076182373,0.31596592119275824,0.2219932675721391
4026,0.275910397462583,0.10174661746617465,0.21650781009611028,0.31777777777777766,0.2268124801125421
4027,0.34342154822083454,0.2511193111931119,0.21293996271425725,0.3149818956336528,0.2407985128368307
4028,0.3028843294677372,0.2562994201370585,0.2024753389201614,0.311498757543486,0.21340121585637484
4029,0.28546139359698675,0.0897627833421191,0.17262647287733707,0.22610720624778133,0.29876170219892484
4030,0.33302012092377836,0.2293937796520822,0.17452189179894656,0.2637032303869364,0.20308485873624618
4031,0.32412330260679945,0.4231453171674574,0.15336965374938907,0.25658075967341143,0.20010785282443763
4032,0.26378630191297453,0.2637216657880864,0.17488823327119038,0.18426269080582175,0.227298822662491
4033,0.27322826841114073,0.19661219469337546,0.16760918749660625,0.13941924032658856,0.15539381353519452
4034,0.24812964614927147,0.04994552802670878,0.15394305779290118,0.10132339368122109,0.1144231381152551
4035,0.22104668450787981,0.04986821296784395,0.1187264927871997,0.12675186368477098,0.16834821054747026
4036,0.20719992070571905,0.06471270426989985,0.1283947220764176,0.10646219382321617,0.1467722865133727
4037,0.20979482604817123,0.04731681602530309,0.16999837101124002,0.15243024494142704,0.14039088275192174
4038,0.23031420358806615,0.052883500263574024,0.21628481963474452,0.13995030173943912,0.1618341679087605
4039,0.2498523144018238,0.25606747496046384,0.1575746167351445,0.21598580049698254,0.2685789887960342
4040,0.30997125582317375,0.16127921279212784,0.1761943202591901,0.20061625843095487,0.18423540051246837
4041,0.26958667856080876,0.037265858372869366,0.15067784032290174,0.19166631167909123,0.18815561621811724
4042,0.2499613440380612,0.1461254612546125,0.17184600626255675,0.17068938587149443,0.17798663562827619
4043,0.2417841213202497,0.04399226849411346,0.17292910278919071,0.1393411430599928,0.18016780827653195
4044,0.227370403409654,0.07406782639254962,0.22600083259425505,0.21597018104366347,0.12795230359565235
4045,0.271658241649321,0.03548761201897727,0.17937989827870182,0.18669932552360663,0.17639496910117058
4046,0.28201605709188227,0.05744508873660164,0.1856714148672374,0.21044089456869003,0.1681418834050677
4047,0.2790940628407176,0.09780354946406598,0.31328567032887467,0.24808377706780255,0.2542392523990554
4048,0.3367707404103478,0.18114918292040064,0.23641767271805822,0.24975505857294994,0.2061502905662273
4049,0.2887758945386064,0.08937620804779471,0.27364115187605204,0.2408519701810436,0.2582921069819631
4050,0.25235999603528597,0.23836232648040764,0.23159152201849806,0.31593468228611993,0.2595742827954648
4051,0.23125185845970858,0.3313723422948515,0.23006244456913247,0.3287894923677671,0.25233809515834604
4052,0.27505996629993057,0.06842382709541377,0.250959836377129,0.3129513667021654,0.2683431863475741
4053,0.27253047873922087,0.2982814971006853,0.23799453383771646,0.21896911608093714,0.34265043291855773
4054,0.2710694816136386,0.2242909857670005,0.2511509710582997,0.22232729854455094,0.2689769054278106
4055,0.25218554861730597,0.08326831839746966,0.2521066444641532,0.2125026624068157,0.23984056538996162
4056,0.27133115274060854,0.1281110525390968,0.21575919926152504,0.2043180688675896,0.18931989080738887
4057,0.26976112597878876,0.04337374802319451,0.16330865717026546,0.19211927582534605,0.16964512401400073
4058,0.22678164337397158,0.08643823581092955,0.1545961012869011,0.13759176428824982,0.1749801544104101
4059,0.22691247893745659,0.050332103321033154,0.14112110626436672,0.1210976215832445,0.15254944650064478
4060,0.1990445039151551,0.03587418731330166,0.18159387500226246,0.12633013844515434,0.14998509487364137
4061,0.21236792546337588,0.07545949745211733,0.15043892197143832,0.10307277245296408,0.13747282745222822
4062,0.24884924174843884,0.0668002108592514,0.21378414088942785,0.15577280795172166,0.2124580060625345
4063,0.3244940033700069,0.22042523282375673,0.20175858386577133,0.21639190628328,0.26881479124449426
4064,0.3134165923282783,0.3261149182920401,0.1621299933030462,0.22398296059637907,0.21936996533302067
4065,0.29701853503816034,0.18710244245299595,0.1990189867689912,0.18010791622293218,0.19310746763577896
4066,0.3266091783130141,0.03587418731330166,0.23421962388459522,0.1671437699680511,0.24032690793991052
4067,0.2377064129249678,0.03703391319627481,0.20919690854133105,0.14232445864394744,0.1570149553683576
4068,0.2561760333035979,0.07708311368827969,0.18200800014479895,0.1751721689740859,0.203762790775569
4069,0.26882347110714633,0.037729748726058665,0.2491122011258122,0.19504011359602405,0.24732729312856927
4070,0.21136485280999104,0.04785802143735721,0.27149088671288174,0.24567838125665595,0.19021888764214293
4071,0.32582416493210425,0.06710947109471088,0.2918467302575612,0.21512673056443016,0.23462343621778234
4072,0.3369233819010804,0.17272184150412928,0.26242791724737097,0.20375576854810074,0.22180167808276527
4073,0.2915016354445436,0.09695308381655239,0.3108327752538507,0.1686432374866879,0.23942791110515646
4074,0.2510298344731886,0.10769987699876997,0.28479067494434285,0.15525736599219028,0.21004103096581872
4075,0.33258400237882846,0.23542435424354238,0.2605484262158591,0.15664749733759314,0.18781665019845586
4076,0.43600951531370796,0.22769284835705497,0.231734873029376,0.21056585019524315,0.2526033729128636
4077,0.4802755476261274,0.1416411878404498,0.24818838350015388,0.265874334398296,0.23979635243087533
4078,0.4818455743879473,0.15308381655245124,0.17689514742348275,0.19807028753993605,0.20905360821289207
4079,0.503804143126177,0.27848884203127744,0.15540842368187655,0.16059921902733404,0.26421664349952273
4080,0.46616711269699673,0.19738534528202425,0.20022950641640566,0.11775505857294986,0.24992112006163017
4081,0.26622856576469417,0.20001405728342994,0.16600047059675288,0.11217891373801912,0.19861934986853344
4082,0.22586579442957674,0.06216130732735897,0.1721008525041177,0.12059779907703229,0.20984944147644488
4083,0.2251898106849043,0.06819188191881911,0.15123531647631624,0.10750869719559808,0.20268694210446986
4084,0.1822103280800872,0.10955543841152698,0.15695342902133974,0.10766489172878947,0.16211418331630686
4085,0.22512439290316183,0.09625724828676853,0.15873735271226624,0.10561874334398287,0.1571475942456164
4086,0.24352859550004946,0.08558777016341587,0.1883473004036272,0.1514774582889599,0.2163487464621259
4087,0.2954048964218456,0.2839008961518187,0.20903762964035547,0.16536315228966983,0.3081790624842994
4088,0.3593180691842601,0.19591635916359162,0.18490687614255455,0.2106439474618388,0.23253068948769906
4089,0.5293388839329963,0.06548585485854852,0.17009393835182532,0.1612083777067802,0.2969931838354742
4090,0.5099098027554763,0.03780706378492349,0.22106318666401198,0.11200709975150863,0.25453400545963056
4091,0.4703974625830112,0.05296081532243894,0.23181451247986387,0.1291104011359602,0.21085160188240024
4092,0.2956665675488155,0.05025478826216834,0.25924233922785933,0.14332410365637197,0.24787258629063322
4093,0.37447318862127066,0.0504867334387629,0.200038371735235,0.16890876819311318,0.26974326338530585
4094,0.3003330359797799,0.06710947109471088,0.23025357925030315,0.24895846645367412,0.30725059034348784
4095,0.32748141540291403,0.06749604638903527,0.31514923347028906,0.26746751863684765,0.32313778030848583
4096,0.35382297551789077,0.21230715164294495,0.26295353762059037,0.2457252396166134,0.31762589807573144
4097,0.335331549212013,0.28622034791776485,0.25406577494615284,0.21801632942846996,0.31364673175796753
4098,0.2975418772921003,0.5024705675628185,0.19745805353943055,0.176702875399361,0.3002502051548291
4099,0.31871543264942015,0.14960463890353184,0.19503701424460168,0.24372594959176422,0.3175669474636164
4100,0.3391257805530776,0.2333368476541908,0.2239620626617676,0.2617976570820021,0.2719833866456767
4101,0.4710952522549311,0.34799507995079954,0.2766993067747832,0.2485367412140575,0.2663388655356634
4102,0.28988799682822874,0.17767000527148127,0.24516208438161777,0.23224565140220083,0.23857312722948865
4103,0.2667519080186341,0.4757968722544369,0.2529189668591287,0.2341668441604544,0.24053323508231317
4104,0.295601149767073,0.5884449130205588,0.20201343010733216,0.16483209087681924,0.17660129624357318
4105,0.25052829814649613,0.49729045861887194,0.16631902839870402,0.22473269435569754,0.18096364154008474
4106,0.2525780553077609,0.4506694781233526,0.1522865572227551,0.2117529286474973,0.19293061579943394
4107,0.23197145405887595,0.18285011421542782,0.14943546489529214,0.1973205537806176,0.1865049990788966
4108,0.20975121419367623,0.08898963275347033,0.1725149776466542,0.1729542066027689,0.21303277453065597
4109,0.2222896223609872,0.2256826568265683,0.224272815797571,0.14915015974440893,0.19652660313845022
4110,0.23851323223312518,0.11883324547531185,0.17604284602436243,0.1686432374866879,0.18722714407730565
4111,0.34263653483992457,0.12478650500790724,0.1775959745877753,0.16097408590699322,0.2970816097536468
4112,0.27564872633561294,0.0920049200492005,0.2043070462813806,0.19935108271210503,0.335532146505669
4113,0.24845673505798394,0.12470918994904234,0.1911983927310901,0.1920724174653887,0.2813270586659074
4114,0.2738170284468232,0.08636092075206464,0.18202392803489656,0.33770820021299247,0.2640103163571202
4115,0.2928317970066408,0.09138639957828146,0.16416876323553367,0.22577919772807944,0.25012744720403274
4116,0.27584497968084054,0.09355122122649794,0.17364585784358083,0.20853532126375574,0.2420512133442749
4117,0.2501357914560412,0.11172026005974346,0.17678365219279987,0.18277884274050402,0.21571502738188938
4118,0.26978293190603625,0.1100966438235811,0.2289634201524009,0.1809513667021654,0.2332528344861081
4119,0.30491228070175436,0.11921982076963623,0.25282339951854327,0.19347816826411074,0.25194017852656964
4120,0.2754960848448806,0.15493937796520824,0.2757117775887346,0.17571884984025557,0.2910686473179146
4121,0.3367707404103478,0.2374345457740292,0.26022986841390794,0.20130351437699678,0.2535318450536752
4122,0.3945564476162156,0.19251449657353717,0.2581751705913229,0.19249414270500523,0.2498916447555726
4123,0.27854891465953013,0.14859954313828855,0.2498926677405926,0.1407468938587149,0.17330006196513206
4124,0.29858856179998017,0.28536988227025123,0.2721598580969791,0.18285694000709968,0.19677714323993897
4125,0.24941619585687383,0.28622034791776485,0.27719307136780746,0.22702875399361017,0.18003516939927316
4126,0.235482208345723,0.28011245826743986,0.2520270050136654,0.22365495207667727,0.2581447304516756
4127,0.25676479333928043,0.29534352486382004,0.23955546706727723,0.18199787007454737,0.23116008775602484
4128,0.26079888988006744,0.1524652960815322,0.2048167387645025,0.16297337593184236,0.2224353971630018
4129,0.2042779264545544,0.13506940783693552,0.18892070444713926,0.14844728434504786,0.23040846745155832
4130,0.2293983546436713,0.10491653487963445,0.19516443736538217,0.12987575434859777,0.23858786488251746
4131,0.23430468827435813,0.14867685819715334,0.13404912306105082,0.11937948171813981,0.20640083066771617
4132,0.24631975418772922,0.18632929186434719,0.1355304168401238,0.12473695420660276,0.19493493661134462
4133,0.18683318465655657,0.10584431558601295,0.1551535774403156,0.1273922612708555,0.2185446567634104
4134,0.23460997125582317,0.10599894570374269,0.19967203026299118,0.15521050763223282,0.19982783741689128
4135,0.3135038160372683,0.1312809699525566,0.2000224438451374,0.18202910898118557,0.25463716903083183
4136,0.3346337595400931,0.14287822878228776,0.16133359879816828,0.17849911253106135,0.2889611629348026
4137,0.25737535930221034,0.09718502899314704,0.1818327933537258,0.19774227902023425,0.22740198623369226
4138,0.2936168103875508,0.0970303988754173,0.1828043946496769,0.2257635782747604,0.24334812681080537
4139,0.2345009416195857,0.11241609558952731,0.18237434161704277,0.1978516151934682,0.2531044531158413
4140,0.23351967489344824,0.12478650500790724,0.2409571213958623,0.206348597799077,0.2774805312254023
4141,0.20395083754584195,0.06154278685643994,0.21615739651396404,0.21326801561945324,0.23680460886603813
4142,0.26895430667063136,0.07151642945000874,0.2291386269434741,0.19650834220802268,0.25724573361692143
4143,0.4550460898007731,0.18748901774732027,0.24850694130210502,0.17550017749378768,0.2527065364840649
4144,0.5575993656457529,0.19251449657353717,0.33381672066462736,0.14985303514376994,0.2235849340992447
4145,0.3404123302606799,0.24044983306975928,0.2589078535358106,0.19508697195598151,0.22339334460987087
4146,0.2852869461790068,0.3416552451238798,0.2522977791453238,0.17504721334753284,0.2767436485739646
4147,0.391939736346516,0.4663644350729222,0.2006436315589422,0.205302094426695,0.28711895630620826
4148,0.5281613638616315,0.241841504129327,0.156220746076852,0.2873198438054667,0.2023479760848085
4149,0.4976112597878877,0.20813213846424172,0.1417104381979764,0.20394320198793042,0.16621125085830082
4150,0.42065814253146994,0.09873133017044448,0.2130673858350377,0.23746254881079157,0.17607074073453796
4151,0.2512696996729111,0.11558601300298711,0.2140549150210863,0.23371388001419946,0.17767714491467232
4152,0.2828228764000396,0.1258689158320154,0.20394070480913676,0.2258260560880369,0.19015993703002798
4153,0.2287005649717514,0.13684765419082764,0.18914369490850513,0.1761718139865104,0.21182428698229808
4154,0.23116463475071858,0.1877209629239149,0.1515538742782675,0.16503514376996803,0.17315268543484444
4155,0.2372266825255228,0.12826568265682653,0.13264746873246572,0.18324742634007807,0.21017366984307742
4156,0.19498860144712063,0.09045861887190296,0.10979094644246952,0.20194391196308129,0.23592034968431275
4157,0.18417286153236195,0.12161658759444735,0.15384749045231588,0.15272701455449056,0.17752976838438475
4158,0.25336306868867076,0.08589703039887535,0.19500515846440658,0.18921405750798714,0.175952839510308
4159,0.30851025869759136,0.08929889298892989,0.12735940922007635,0.14182463613773516,0.17713185175260834
4160,0.3278085043116265,0.12370409418379892,0.13102282394251477,0.1406844160454384,0.199002528847281
4161,0.24241649321042716,0.09440168687401153,0.1382700139369038,0.1916975505857294,0.18514913500025124
4162,0.3098186143324413,0.27547355473554735,0.2332480225886441,0.20628611998580046,0.21628979585001087
4163,0.2618019625334522,0.22900720435775784,0.22076055675215836,0.24261696840610572,0.2008005225167892
4164,0.2711348993953811,0.22552802670883845,0.1766403011819218,0.20013205537806175,0.27226340205322297
4165,0.2846763802160769,0.18640660692321212,0.20682365291679486,0.15978700745473903,0.19601078528244376
4166,0.2797046288036475,0.07700579862941485,0.25317381310068954,0.19368122115725944,0.20785985831756287
4167,0.3177123599960352,0.10947812335266206,0.2480928161595685,0.255362442314519,0.24793153690274822
4168,0.31998017642977494,0.10112809699525561,0.21282846748357434,0.3223074192403265,0.24663462343621773
4169,0.25499851323223316,0.28274117026884554,0.23413998443410738,0.23852467163649274,0.24812312639212197
4170,0.25798592526514025,0.2003233175188895,0.2674133468479068,0.18527795527156546,0.20401333087705778
4171,0.27318465655664576,0.0753821823932525,0.2386475773317164,0.16484771033013843,0.15060407630084907
4172,0.27261770244821093,0.12803373748023186,0.1953714999366504,0.18138871139510115,0.18193632663998255
4173,0.24788978094954903,0.1226989984185556,0.22842187188908394,0.18309123180688666,0.1745380248195475
4174,0.23197145405887595,0.1155086979441223,0.23144817100762,0.16728434504792333,0.18861248346200868
4175,0.25661215184854785,0.14743981725531538,0.163037883038607,0.16581611643592467,0.17574651236790542
4176,0.2743839825552582,0.11836935512212263,0.18860214664518804,0.1548512602058927,0.19054311600877558
4177,0.24998314996530868,0.21663679493937793,0.17065141450523988,0.14441746538871134,0.19848671099127463
4178,0.18556844087620175,0.0681145668599543,0.16428025846621655,0.14416755413560517,0.174685401349835
4179,0.20373277827336703,0.05311544544016867,0.1246994515737841,0.13699822506212278,0.1580318534273417
4180,0.21505005451481807,0.1226989984185556,0.1379833119151478,0.1246900958466453,0.1807131014385959
4181,0.18857765883635633,0.09989105605341764,0.16034606961211967,0.14546396876109333,0.14755338212389676
4182,0.22898404202596886,0.08218590757336142,0.13618346033412365,0.12790770323038692,0.18374905796251945
4183,0.22706512042818913,0.11210683535406775,0.15816394866875416,0.15585090521831732,0.15327159149905373
4184,0.22732679155515903,0.14187313301704443,0.23288168111640026,0.15699112531061404,0.16554805647200682
4185,0.3150738427990881,0.08458267439817255,0.22522036597947473,0.1539765708200213,0.158252918222773
4186,0.30789969273466145,0.09958179581795816,0.16147694980904626,0.19247852325168616,0.22007737267840094
4187,0.3010090197244524,0.09788086452293089,0.22756176582381582,0.22067163649272273,0.23385707826028707
4188,0.23103379918723357,0.2160955895273238,0.2038292095784539,0.2296996805111821,0.20675453434040628
4189,0.2890157597383288,0.15555789843612716,0.1896693152817245,0.3132012779552716,0.2790279847934216
4190,0.24919813658439885,0.12200316288877174,0.2514376730800557,0.23847781327653528,0.264614560131299
4191,0.38219248686688473,0.10097346687752588,0.21617332440406156,0.24581895633652814,0.2996606990336788
4192,0.2927227673704034,0.2763240203830609,0.17926840304801894,0.1732822151224707,0.19953308435631623
4193,0.331689959361681,0.14705324196099098,0.1800329417727018,0.23443237486687965,0.2546076937247744
4194,0.2736643869560908,0.12022491653487964,0.15986823290919291,0.17863968761093357,0.20660715781011874
4195,0.2829755178907721,0.226455807415217,0.17195750149323963,0.21429889953851614,0.22225854532665668
4196,0.26526910496580425,0.30121946933755045,0.18495465981284723,0.2304181753638622,0.23485923866624242
4197,0.275605114481118,0.14365137937093653,0.18839508407391978,0.23129286474973368,0.2414617072231247
4198,0.25543463177718306,0.09625724828676853,0.1658093359155821,0.15202413915512958,0.25307497780978383
4199,0.25929428089999007,0.16282551396942538,0.1378877445745624,0.13998154064607732,0.19875198874579225
4200,0.21777579542075529,0.07027938850817078,0.15475538018787668,0.12487752928647497,0.1900862487648842
4201,0.20491029834473184,0.16460376032331747,0.15633224130753495,0.12008235711750088,0.21606873105457958
4202,0.18663693131132914,0.06656826568265675,0.14712592083114623,0.16273908413205537,0.1649585503508566
4203,0.23873129150560016,0.03989457037427514,0.14112110626436672,0.12903230386936454,0.18846510693172114
4204,0.1812944791356923,0.05582147250043927,0.12780539014280795,0.15055591054313092,0.16593123545075442
4205,0.17124194667459608,0.05056404849762781,0.14749226230339005,0.09676251331203407,0.16899666728073554
4206,0.2165764694221429,0.0708205939202249,0.14053177433075711,0.12570536031238902,0.19732243640200292
4207,0.2570918822479928,0.05783166403092602,0.12495429781534506,0.13751366702165418,0.2560372460685636
4208,0.3132857567647933,0.074454401686874,0.12090861373056522,0.11325665601703938,0.177456080119241
4209,0.24631975418772922,0.12865225795115093,0.1580524534380712,0.13368690095846641,0.13795917000217714
4210,0.22283477054217457,0.06022843085573706,0.14456153052543938,0.17122044728434502,0.15249049588852975
4211,0.22758846268212896,0.057290458618871894,0.13871599485963543,0.15389847355342556,0.14398687009093797
4212,0.2792030924769551,0.06502196450535931,0.23767597603576535,0.2258104366347177,0.17032305605332346
4213,0.26819109921696893,0.17620101915304864,0.19186736411518754,0.17785871494497693,0.13757599102342954
4214,0.2215482208345723,0.10576700052714814,0.19220184980723629,0.14883777067802623,0.17642444440722807
4215,0.3536485280999107,0.04785802143735721,0.22921826639396184,0.1305005324813631,0.17848771583125383
4216,0.40984240261671123,0.06904234756633279,0.15872142482216867,0.2000383386581469,0.2340928807087471
4217,0.37951035781544257,0.08427341416271297,0.13025828521783192,0.15497621583244583,0.19555391803855232
4218,0.4003786301912974,0.18431910033386045,0.1850661550435301,0.2395867944621938,0.23151379142871495
4219,0.33415402914064823,0.4351291512915129,0.19107096961030964,0.16273908413205537,0.22454288154611377
4220,0.3737972048765983,0.4429379722368652,0.18791724737099308,0.1594433794817181,0.2594711192242635
4221,0.4279631281593815,0.23944473730451588,0.1588966316132418,0.1458388356407525,0.3396881646597779
4222,0.3218990980275548,0.23789843612721845,0.16881970714402067,0.21682925097621578,0.3357532113011003
4223,0.44451382694023195,0.10599894570374269,0.1849705877029448,0.2136741214057507,0.31302775033075986
4224,0.26276142333234215,0.11937445088736597,0.13537113793914815,0.1326872559460418,0.21885414747701426
4225,0.25070274556447614,0.12378140924266383,0.13103875183261235,0.12329996450124239,0.16419219239336136
4226,0.22324908315987702,0.04654366543665432,0.11418704410939558,0.15630386936457216,0.1935201219205841
4227,0.20739617405094649,0.05064136355649263,0.10453474271027524,0.12334682286119979,0.18103732980522852
4228,0.18609178313014169,0.0708205939202249,0.09198356531339931,0.1008079517216897,0.15091356701445288
4229,0.20983843790266624,0.06826919697768404,0.1490531955329508,0.10133901313454029,0.20591448811776716
4230,0.23526414907324805,0.06185204709189942,0.1898604499628952,0.11181966631167904,0.17265160523186682
4231,0.24791158687679646,0.04275522755227548,0.15919926152509542,0.12968832090876817,0.21705615380750612
4232,0.2969967291109128,0.0712844842734141,0.1458676175134391,0.11967625133120335,0.2583363199410494
4233,0.32168103875507975,0.21826041117554026,0.12296331155315028,0.09498189563365281,0.2087441174992882
4234,0.2697393200515412,0.06656826568265675,0.1576064725153396,0.21108129215477456,0.2271661837852322
4235,0.22832986420854393,0.04198207696362671,0.1607601947546561,0.2319488817891373,0.19494967426437332
4236,0.2240559024680345,0.14357406431207162,0.1640413401147532,0.26006389776357824,0.21519920952588298
4237,0.23319258598473588,0.09092250922509225,0.18208763959528673,0.24838054668086618,0.2246018321582288
4238,0.2312082466052136,0.09795817958179581,0.18855436297489547,0.14229321973730916,0.24866841955418603
4239,0.3351571017940331,0.10669478123352655,0.16066462741407084,0.139356762513312,0.25255915995377737
4240,0.32665279016750914,0.26325777543489715,0.17028507303299606,0.19614909478168258,0.23636247927517542
4241,0.25768064228367527,0.2247548761201898,0.19264783072996788,0.18826127085552,0.22482289695366012
4242,0.4409812667261373,0.12037954665260937,0.18154609133196978,0.18146680866169682,0.16830399758838407
4243,0.4777024482109227,0.08821648216482166,0.15121938858621875,0.2410394036208732,0.19088208202843693
4244,0.5264168896818316,0.15486206290634333,0.1500725804991945,0.2216869009584664,0.27081911205640496
4245,0.376108633164833,0.07507292215779295,0.20448225307245377,0.23880582179623708,0.38232419487196667
4246,0.2489146595301813,0.0794025654542259,0.19237705659830945,0.26257862974795876,0.27012644236405353
4247,0.22148280305282975,0.07484097698119838,0.14003800973773275,0.19817962371317,0.24731255547554046
4248,0.22447021508573695,0.20998769987699872,0.15700121269163242,0.11119488817891371,0.23317914622096433
4249,0.21997819407275246,0.22135301353013523,0.13809480714583064,0.1606460773872914,0.1587834737318082
4250,0.2131965506987808,0.22947109471094712,0.10009086137305649,0.16119275825346108,0.13980137663077152
4251,0.21997819407275246,0.2157090142329994,0.11362956795598109,0.09248278310259138,0.11788648657701258
4252,0.17878679750223012,0.22831136882797398,0.11673550652500493,0.0876719914802982,0.10808594731289037
4253,0.1894280899990088,0.1524652960815322,0.09639559087042297,0.10972665956691516,0.13288941736028534
4254,0.2182119139657052,0.04128624143384286,0.1893826132599685,0.13168761093361728,0.1182107149436452
4255,0.2675587273267915,0.08195396239676676,0.12497022570544257,0.16956478523251678,0.19617289946576
4256,0.347913569233819,0.07855209980671231,0.09615667251895954,0.15008732694355692,0.15279998660213356
4257,0.22143919119833483,0.12339483394833944,0.18106825462904305,0.09491941782037625,0.11775384769975376
4258,0.267362473981564,0.07700579862941485,0.16056906007348545,0.16942421015264458,0.20081526016981793
4259,0.28227772821885216,0.046311720260059676,0.21555213669025677,0.16848704295349662,0.1464627957997689
4260,0.22741401526414903,0.18949920927780708,0.19669351481474773,0.1918693645722399,0.13023663981510944
4261,0.2453602933888393,0.12919346336320503,0.19314159532299216,0.11942634007809727,0.11695801443620096
4262,0.2560670036673604,0.07097522403795464,0.21389563612011073,0.20706709265175718,0.1395360988762539
4263,0.3157498265437605,0.14334211913547706,0.21935890242357328,0.18052964146254877,0.18133208286580357
4264,0.291392605808306,0.1025197680548234,0.2244080435844992,0.1620362087326943,0.20264272914538356
4265,0.22968183169788875,0.07375856615709014,0.21595033394269578,0.18634007809726655,0.2677684178794527
4266,0.21895331549212008,0.051337199086276576,0.21481945374576913,0.15658501952431658,0.2575404866774966
4267,0.2707860045594211,0.08999472851871375,0.14441817951456132,0.24947390841320552,0.2404595468171693
4268,0.2452294578253543,0.16313477420488484,0.16273525312675338,0.23254242101526446,0.23477081274806982
4269,0.3449697690554069,0.2580003514320858,0.22928197795435204,0.24080511182108622,0.3330414831438093
4270,0.32394885518881944,0.2627938850817079,0.2360672591359119,0.24071139510117145,0.2511885582221031
4271,0.2639171374764595,0.41564575645756463,0.21827580589693932,0.2655619453319133,0.18234898092478768
4272,0.26260878184160963,0.5678791073625022,0.1462658147658781,0.17928008519701807,0.11720855453768983
4273,0.2594033105362275,0.20790019328764717,0.1270727071983203,0.12084771033013844,0.13315469511480293
4274,0.2509208048369511,0.03657002284308551,0.11229162518778617,0.10713383031593889,0.1324325501163939
4275,0.2029477648924571,0.036647337901950426,0.08914840087603393,0.1391849485268015,0.09704744519435275
4276,0.19516304886510052,0.05095062379195219,0.10263932378866585,0.09496627618033363,0.08945755388454385
4277,0.16110219050450986,0.05798629414865575,0.14855943093992643,0.11367838125665596,0.13349366113446431
4278,0.24496778669838437,0.05528026708838515,0.1818805770240185,0.12926659566915152,0.1354685066403175
4279,0.24952522549311132,0.043219117905464774,0.13987873083675717,0.127923322683706,0.18162683592637865
4280,0.28685697294082657,0.06888771744860306,0.1318829300077829,0.10385374511892081,0.17680762338597572
4281,0.28788185152145895,0.07955719557195565,0.14567648283226844,0.15927156549520763,0.18059520021436581
4282,0.20288234711071457,0.1394763661922333,0.12375970605802812,0.20478665246716363,0.15306526435665116
4283,0.255129348795718,0.16413986997012828,0.22227370631142643,0.25216045438409646,0.17350638910753455
4284,0.2528833382892259,0.15571252855385692,0.18963745950152944,0.22195243166489173,0.12441526686875114
4285,0.267493309545049,0.07746968898260408,0.11702220854676096,0.15678807241746537,0.16768501616117626
4286,0.26773317474477154,0.09347390616763311,0.151967999420804,0.22877813276535316,0.19156001406775966
4287,0.3911329170383586,0.06703215603584606,0.1635316476316313,0.2002570110046148,0.19178107886319096
4288,0.30816136386163145,0.12803373748023186,0.1938742782674799,0.17036137735179263,0.19436016814322318
4289,0.2687798592526514,0.08767527675276753,0.2088783507393799,0.20133475328363507,0.16830399758838407
4290,0.21995638814550492,0.12285362853628534,0.16665351409075277,0.14351153709620154,0.14099512652610072
4291,0.2920031717712359,0.2748550342646283,0.19121432062118768,0.14729144479943196,0.14896819681465726
4292,0.3204381009019724,0.048012651555086945,0.19508479791489436,0.20358395456159034,0.20100684965919174
4293,0.3104727921498661,0.24748550342646283,0.19659794747416243,0.17937380191693283,0.2139170337123813
4294,0.24097730201209236,0.11257072570725704,0.21588662238230552,0.16448846290379837,0.1902041499891142
4295,0.24764991574982645,0.11643647865050079,0.16136545457836338,0.22081221157259492,0.178959320728174
4296,0.22747943304589158,0.1727991565629942,0.20273018516172234,0.10682144124955627,0.21208956473681567
4297,0.20414709089106947,0.07685116851168504,0.153226302738511,0.10263542776002833,0.13364103766475185
4298,0.27067697492318366,0.06919697768406254,0.13027421310792953,0.11911395101171456,0.10767329302808522
4299,0.2029041530379621,0.08319100333860474,0.13435175297290444,0.09043663471778488,0.1107092495520088
4300,0.1793101397561701,0.06873308733087324,0.08817679958008284,0.10083919062832798,0.10873440404615563
4301,0.20395083754584195,0.08319100333860474,0.10823001321290876,0.138653887113951,0.13991927785500155
4302,0.24998314996530868,0.07808820945352311,0.15896034317363208,0.10833652822151218,0.12111403259030996
4303,0.2329745267122608,0.0671867861535758,0.15031149885065784,0.20506780262690796,0.184559628879101
4304,0.31932599861235006,0.08365489369179403,0.14408369382251257,0.16587859424920123,0.10328147242551618
4305,0.3046069977202894,0.0835002635740643,0.1490213397527557,0.1308441604543841,0.14000770377317406
4306,0.22859153533551393,0.14241433842909856,0.12965302539412477,0.17128292509762155,0.17108941401081876
4307,0.2023371989295272,0.21470391846775608,0.13336422378685578,0.17218885339013132,0.16162784076635794
4308,0.22401229061353947,0.2066631523458092,0.1527484660355843,0.17668725594604182,0.1494692770176349
4309,0.23905838041431252,0.15756808996661392,0.1598045213488026,0.17537522186723456,0.13222622297399134
4310,0.22137377341659226,0.16413986997012828,0.19893934731850346,0.16553496627618033,0.21278223442916713
4311,0.3332817920507483,0.028142681426814243,0.18971709895201722,0.14251189208377704,0.19459597059168324
4312,0.335811279611458,0.03347742048849053,0.1444978189650491,0.17393823216187432,0.15085461640233794
4313,0.33336901575973826,0.02520470918994899,0.14287317417509812,0.20472417465388706,0.1490271474267723
4314,0.3645514917236594,0.04159550166930233,0.15445275027602304,0.13771671991480294,0.16709551004002612
4315,0.24603627713351167,0.02404498330697593,0.21988452279679266,0.15550727724529634,0.20125738976068064
4316,0.40866488254534633,0.04082235108065364,0.24312331444913027,0.16294213702520405,0.20855252800991436
4317,0.4290316185945089,0.02458618871903005,0.19395391771796772,0.24944266950656724,0.15228416874612719
4318,0.38917038358608386,0.03780706378492349,0.19712356784738183,0.19433723819666307,0.14266048131835
4319,0.41793240162553275,0.12432261465471794,0.17096997230719102,0.20142847000354988,0.15063355160690656
4320,0.27311923877490335,0.0504867334387629,0.11638509294285869,0.1807795527156549,0.10410678099512645
4321,0.2168381405491129,0.04128624143384286,0.15824358811924194,0.134217962371317,0.13125353787409352
4322,0.22542967588462676,0.03919873484449129,0.11695849698637079,0.09242030528931482,0.1288513004304064
4323,0.2246664684309644,0.026364435072922146,0.14096182736339113,0.10819595314163998,0.11113664148984267
4324,0.21797204876598272,0.04004920049200488,0.09596553783778887,0.08158040468583597,0.10561002160405954
4325,0.1832352066607196,0.0243542435424354,0.09515321544281344,0.10780546680866168,0.10953023730970843
4326,0.20183566260283473,0.045770514848005546,0.15265289869499896,0.10835214767483138,0.14311734856224143
4327,0.2630012885320646,0.04082235108065364,0.15964524244782705,0.10413489527866515,0.15620438445177606
4328,0.2287005649717514,0.030307503075030717,0.1612380314575829,0.10960170394036203,0.20749141699184404
4329,0.35447715333531565,0.04035846072746435,0.18336187080309146,0.1896826411075612,0.1685398000368441
4330,0.38012092377837237,0.026596380249516705,0.23480895581820488,0.21408022719204817,0.1922821590661687
4331,0.2954485082763405,0.15895976102618162,0.2023160600191858,0.19661767838125663,0.15761919914253655
4332,0.2883833878481514,0.025823229660868027,0.14191750076924464,0.14968122115725943,0.16541541759474804
4333,0.3589691743483001,0.04136355649270777,0.19602454343065026,0.16984593539226123,0.12282360034164554
4334,0.31553176727128557,0.04461078896503249,0.21738384405147598,0.1403564075257366,0.11353887893352982
4335,0.28919020715630883,0.02327183271832716,0.23340730148961966,0.1601931132410365,0.11294937281237957
4336,0.3272415502031915,0.04553856967141099,0.16528371554236274,0.16789350372736955,0.14111302775033077
4337,0.3736227574586183,0.023117202600597426,0.18724827598689564,0.149040823571175,0.1563517609820636
4338,0.3006383189612449,0.045615884730275814,0.20502380133577072,0.19913241036563717,0.09429150407797551
4339,0.3118029537119635,0.02412229836584075,0.17641731072055597,0.23327653532126374,0.15162097435983315
4340,0.2906512042818912,0.04337374802319451,0.18430161631884737,0.2205154419595314,0.16954196044279946
4341,0.22529884032114184,0.025591284484273377,0.16423247479592387,0.1638636847710329,0.14218887642142983
4342,0.26439686787590444,0.06479001932876466,0.16136545457836338,0.17828044018459346,0.14087722530187063
4343,0.20986024382991378,0.13591987348444912,0.15472352440768158,0.215923322683706,0.11653062249836708
4344,0.20475765685399938,0.02412229836584075,0.16377056598309467,0.20489598864039754,0.15184203915526448
4345,0.2417841213202497,0.04476541908276223,0.12219877282846746,0.20406815761448344,0.09616318601262745
4346,0.20196649816631976,0.025745914602003112,0.16582526380567972,0.19043237486687964,0.1202445110616134
4347,0.20512835761720685,0.0423686522579511,0.14051584644065954,0.14729144479943196,0.10947128669759339
4348,0.17728218852215283,0.02628712001405723,0.14179007764846416,0.1653943911963081,0.1081891108840917
4349,0.17239766081871344,0.04267791249341057,0.10364278086481202,0.11763010294639682,0.1205982147343035
4350,0.21871345029239764,0.02520470918994899,0.10200220818476348,0.0956691515796947,0.12646380063974808
4351,0.2699137674695213,0.04221402214022136,0.12141830621368711,0.10365069222577203,0.09746009947915789
4352,0.2667519080186341,0.02489544895448952,0.13130952596427078,0.12818885339013134,0.12980924787727555
4353,0.22782832788185148,0.04275522755227548,0.15360857210085244,0.13137522186723458,0.18214265378238512
4354,0.33234413717910594,0.04051309084519409,0.20067548733913734,0.195618033368832,0.15840029475306056
4355,0.3331509564872633,0.14419258478299066,0.15853029014099798,0.2502392616258431,0.1349084758252248
4356,0.23375954009317076,0.0243542435424354,0.18990823363318787,0.22713809016684414,0.15165044966589064
4357,0.2522509663990484,0.04615709014232994,0.21088526489167217,0.18051402200922964,0.17615916665271056
4358,0.33465556546734065,0.044688104023897314,0.2523137070354214,0.14043450479233224,0.14015508030346163
4359,0.4974368123699078,0.026596380249516705,0.20398848847942944,0.19230670926517565,0.1280996801259399
4360,0.36367925463375955,0.04066772096292391,0.2336302919509855,0.2135023074192403,0.16768501616117626
4361,0.3020120923778372,0.02783342119135477,0.15502615431953515,0.2186567270145545,0.13341997286932053
4362,0.24758449796808402,0.041054296257248206,0.23686365364078982,0.21086261980830667,0.1486292307949959
4363,0.22994350282485876,0.02651906519065188,0.19199478723596802,0.22173375931842387,0.1206424276933898
4364,0.2671008028545941,0.04352837814092425,0.21904034462162206,0.1896826411075612,0.25283917536132366
4365,0.24269997026464465,0.025436654366543642,0.22033050371952426,0.24341356052538154,0.2811059938704761
4366,0.23282188522152839,0.1172869442980144,0.21703343046932966,0.1855591054313099,0.2870600056940932
4367,0.24631975418772922,0.06154278685643994,0.1818327933537258,0.19286900958466452,0.2399142536551054
4368,0.22789374566359402,0.04445615884730275,0.1383018697170989,0.1320312389066382,0.22345229522198587
4369,0.20711269699672905,0.021725531541029623,0.14921247443392638,0.1165055023074192,0.18886302356349743
4370,0.2131965506987808,0.04731681602530309,0.1355144889500262,0.11495917642882499,0.13763494163554452
4371,0.20776687481415404,0.021802846599894538,0.14658437256782922,0.10482215122470714,0.13064929409991458
4372,0.17992070571909993,0.047394131084167915,0.1523502687831453,0.12251899183528575,0.16762606554906134
4373,0.17933194568341757,0.021880161658759358,0.14559684338178067,0.07358324458643946,0.15166518731891948
4374,0.22026167112696993,0.04437884378843784,0.16627124472841134,0.10596237131700387,0.18298270000502423
4375,0.3128932500743384,0.04538393955368117,0.1458994732936342,0.1553979410720624,0.20542814556781827
4376,0.4483298642085439,0.021725531541029623,0.17273796810802003,0.18962016329428472,0.17085361156235865
4377,0.2629794826048171,0.04492004920049196,0.2328657532263027,0.14879091231806887,0.17443486124834617
4378,0.26686093765487157,0.0888350026357406,0.2328657532263027,0.22337380191693285,0.1972782234429167
4379,0.29778174249182277,0.09486557722720083,0.21749533928215886,0.21347106851260203,0.22976001071829308
4380,0.271614629794826,0.01948339483394832,0.1677366106173867,0.16483209087681924,0.2121927283080169
4381,0.21638021607691546,0.047548761201897646,0.18299552933084753,0.17742137025204116,0.20516286781330065
4382,0.22529884032114184,0.021493586364435064,0.1892870459193831,0.11736457223997158,0.22352598348712965
4383,0.26967390226979876,0.046311720260059676,0.2612333254900541,0.23818104366347176,0.20595870107685346
4384,0.2708078104866686,0.02350377789492172,0.1697116689894839,0.1788739794107206,0.20889149402957571
4385,0.2735989691743482,0.0450746793182217,0.18231063005665257,0.15650692225772092,0.1559096313912009
4386,0.2598394290811775,0.025513969425408466,0.24409491574508127,0.17229818956336526,0.16912930615799435
4387,0.2751908018634156,0.04368300825865399,0.19463881699216273,0.2382591409300674,0.1488945085495135
4388,0.2859629299236793,0.02783342119135477,0.20435482995167328,0.21242456514022007,0.17556966053156034
4389,0.27250867281197344,0.043760323317518814,0.1921540661369436,0.18312247071352503,0.27074542379126126
4390,0.23829517296065017,0.1503004744333157,0.11917247370993139,0.22043734469293566,0.2595005945303211
4391,0.23332342154822078,0.0320084343700579,0.19471845644265054,0.19338445154419592,0.12133509738574126
4392,0.22686886708296158,0.051182568968546754,0.1683259425509964,0.1795768548100816,0.1287186615531476
4393,0.19071463970661115,0.02891583201546301,0.11327915437383476,0.15303940362087326,0.13414211786772948
4394,0.1885340469818614,0.04654366543665432,0.1388434179804159,0.15252396166134186,0.1122567031200281
4395,0.2133273862622658,0.02783342119135477,0.1201122192256873,0.12932907348242806,0.12789335298353732
4396,0.17828526117553764,0.041518186610437505,0.09983601513149555,0.14996237131700385,0.10275091691648107
4397,0.1700862325304787,0.025359339307678728,0.10592046914876284,0.09807454739084129,0.12924921706218281
4398,0.20011299435028249,0.04492004920049196,0.1435899292294883,0.09734043308484203,0.09810855621242315
4399,0.2525780553077609,0.023349147777191985,0.14247497692265923,0.13471778487752922,0.16927668268828186
4400,0.3452750520368718,0.04615709014232994,0.14922840232402387,0.16553496627618033,0.14224782703354485
4401,0.2924610962434334,0.022344052011948657,0.18164165867255513,0.19105715299964499,0.15014720905695764
4402,0.2479551987312915,0.15795466526093832,0.1571286358124129,0.1839971600993965,0.18357220612617436
4403,0.25698285261175535,0.0207204357757863,0.18442903943962785,0.2540035498757543,0.20308485873624618
4404,0.23208048369511347,0.05056404849762781,0.16979130843997167,0.15552289669861552,0.17341796318936206
4405,0.25157498265437606,0.019560709892813142,0.1630856667088997,0.17014270500532475,0.13747282745222822
4406,0.25707007632074536,0.04716218590757335,0.21714492570001265,0.17064252751153705,0.15493694629130308
4407,0.3193041926851026,0.0216482164821648,0.2515173125305435,0.16759673411430592,0.25101170638575804
4408,0.335549608484488,0.04607977508346511,0.21574327137142751,0.20303727369542063,0.2545192678066018
4409,0.3333908216869858,0.02458618871903005,0.25613640065883536,0.14180901668441603,0.16684496993853729
4410,0.27815640796907515,0.04461078896503249,0.25787254067946935,0.19550869719559807,0.13262413960576774
4411,0.3734483100406383,0.026982955543841086,0.20043656898767392,0.18185729499467515,0.15098725527959672
4412,0.5384101496679552,0.04244596731681601,0.2523774185958117,0.12981327653532118,0.20828725025539682
4413,0.5428149469719497,0.09378316640309259,0.21894477728103676,0.2154078807241746,0.18706502989398935
4414,0.531345029239766,0.09254612546125461,0.18393527484660355,0.21606389776357823,0.2271661837852322
4415,0.4986361383685202,0.045151994377086606,0.13774439356368431,0.24210152644657437,0.23810152233256848
4416,0.2538864109426108,0.02481813389562461,0.14515086245904896,0.1973517926872559,0.16705129708093983
4417,0.20336207751015956,0.04662098049551923,0.11300838024217633,0.1651132410365637,0.18352799316708815
4418,0.19854296758846265,0.025513969425408466,0.12184835924632113,0.15686616968406103,0.1265227512518631
4419,0.20589156507086923,0.04538393955368117,0.12377563394812571,0.16266098686545963,0.13334628460417677
4420,0.179440975319655,0.026364435072922146,0.11010950424442063,0.14521405750798716,0.12720068329118586
4421,0.17475270096144307,0.043914953435248635,0.11192528371554235,0.1466666666666666,0.1378560064309758
4422,0.21980374665477248,0.024508873660165135,0.1196662383029557,0.14049698260560872,0.14372159233642037
4423,0.2647457627118644,0.04492004920049196,0.16166808449021702,0.16742492012779545,0.19941518313208614
4424,0.2954485082763405,0.023117202600597426,0.20433890206157576,0.12498686545970891,0.14190886101388347
4425,0.3019030627415997,0.04808996661395186,0.17221234773480054,0.1263769968051118,0.18573864112140137
4426,0.3014887501238973,0.13916710595677384,0.15539249579177897,0.22248349307774223,0.17664550920265948
4427,0.2546060065417782,0.04762607626076256,0.2271635685713768,0.18013915512957038,0.17069149737904238
4428,0.2405193775398949,0.0216482164821648,0.17891798946587265,0.20384948526801558,0.17094203748053116
4429,0.22741401526414903,0.04808996661395186,0.1843175442089449,0.21203407880724168,0.18735978295456443
4430,0.25327584497968075,0.023658408012651545,0.18541656862567643,0.18212282570110042,0.19284218988126137
4431,0.2776548716423828,0.04461078896503249,0.18331408713279876,0.18054526091586784,0.21929627706787697
4432,0.28871047675686384,0.025591284484273377,0.17992144654201883,0.23121476748313805,0.1809783791931135
4433,0.23951630488651,0.04492004920049196,0.1976969718908939,0.2147206247781327,0.13033980338631068
4434,0.34710674992566154,0.026132489896327497,0.24047928469293556,0.21617323393681215,0.1516799249719482
4435,0.34771731588859156,0.044533473906167576,0.15316259117812084,0.3425970891018814,0.2017879452697158
4436,0.3053920111011993,0.027137585661570825,0.16195478651197306,0.2933958111466098,0.27277921990922943
4437,0.3056972940826643,0.04399226849411346,0.20685550869698993,0.2674362797302094,0.28169549999162635
4438,0.24036673604916242,0.1277244772447724,0.18086119205777482,0.3518125665601703,0.3032566863726952
4439,0.23936366339577755,0.05899138991389909,0.15276439392568192,0.2733716719914802,0.329209693356333
4440,0.24636336604222417,0.031235283781409225,0.14272982316422017,0.1895108271210507,0.2171445797256787
4441,0.1931132917038358,0.03927604990335611,0.15808430921826638,0.15328931487397943,0.2220374805312254
4442,0.19540291406482307,0.04399226849411346,0.14577205017285372,0.1420745473908413,0.18304165061713915
4443,0.20970760233918123,0.027678791073624944,0.11101739397998145,0.10211998580049693,0.15809080403945672
4444,0.17394588165328573,0.042909857670005214,0.08483194265959555,0.12750159744408945,0.18326271541257055
4445,0.17765288928536027,0.027060270602706,0.09249325779652122,0.15430457933972302,0.12618378523220175
4446,0.20641490732480913,0.043605693199789075,0.09585404260710599,0.14363649272275467,0.15941719281204464
4447,0.2474536624045991,0.025513969425408466,0.11267389455012759,0.1746567270145545,0.20237745139086596
4448,0.31123599960352855,0.045770514848005546,0.1593903962062661,0.18279446219382314,0.1729610959454707
4449,0.3576608187134503,0.02404498330697593,0.16066462741407084,0.13754490592829247,0.2261198104201906
4450,0.30962236098721374,0.16027411702688452,0.2075404079711849,0.18562158324458639,0.17975515399172678
4451,0.2116047180097135,0.021880161658759358,0.18697750185523718,0.14462051828186012,0.18802297734085846
4452,0.23112102289622358,0.04700755578984352,0.17415555032670263,0.1589747958821441,0.2119274505534993
4453,0.22115571414411728,0.022962572482867687,0.24748755633586128,0.15203975860844865,0.25525615045803957
4454,0.24339775993656457,0.04584782990687047,0.2552444388133721,0.16294213702520405,0.24134380599889466
4455,0.25209832490831596,0.02481813389562461,0.2375166971347898,0.21036279730209434,0.21239905545041954
4456,0.26204182773317475,0.04352837814092425,0.1897648826223098,0.19639900603478874,0.21119056790206153
4457,0.2910437109723461,0.026751010367246527,0.1733910116020199,0.17974866879659201,0.16768501616117626
4458,0.25563088512241056,0.0423686522579511,0.21561584825064709,0.257705360312389,0.1815531476612349
4459,0.28421845574387944,0.027060270602706,0.18731198754728592,0.32358821441249547,0.18165631123243622
4460,0.26553077609277426,0.04437884378843784,0.23119332476605906,0.26651473198438047,0.1251816248262464
4461,0.29038953315492116,0.026364435072922146,0.16834187044109397,0.2585331913383031,0.25101170638575804
4462,0.22183169788878973,0.16035143208574934,0.18683415084435911,0.26217252396166135,0.13921187050962128
4463,0.2627178114778471,0.024740818836759784,0.25483031367083564,0.1811231806886758,0.19063154192694814
4464,0.2088353652492813,0.045306624494816344,0.2023797715795761,0.15268015619453318,0.2193847029860494
4465,0.20571711765288922,0.02218942189421892,0.19905084254918642,0.1410749023784167,0.16379427576158495
4466,0.19594806224601044,0.048012651555086945,0.14034063964958637,0.14169968051118204,0.1250195106429301
4467,0.20868272375854888,0.024740818836759784,0.1295096743832467,0.1543358182463613,0.1122567031200281
4468,0.17261572009118845,0.04677561061324897,0.135052580137197,0.10777422790202341,0.14106881479124447
4469,0.17501437208841308,0.051182568968546754,0.1415670871870984,0.11297550585729495,0.1329188926663428
4470,0.2252334225393993,0.027060270602706,0.16431211424641165,0.12164430244941428,0.12351627003399701
4471,0.23864406779661018,0.04607977508346511,0.1384133649477818,0.16733120340788069,0.1730789971697007
4472,0.2773495886609178,0.022421367070813478,0.13621531611431875,0.1389662761803336,0.19968046088660377
4473,0.3174724947963128,0.047548761201897646,0.18243805317743306,0.20172523961661332,0.1498671936494113
4474,0.33583308553870544,0.13259532595325949,0.17267425654762977,0.22523251686190976,0.13899080571418998
4475,0.29119635246307857,0.04901774732033027,0.16106282466650973,0.21228399006034784,0.1771465894056371
4476,0.26823471107146396,0.021570901423299888,0.17952324928957988,0.17801490947816823,0.11756225821038002
4477,0.27144018237684603,0.04700755578984352,0.21169758728664773,0.12078523251686189,0.17156101890773895
4478,0.2976072950738428,0.022730627306273038,0.18743941066806638,0.15004046858359954,0.19136842457838582
4479,0.3293349192189513,0.046002460024600206,0.17654473384133643,0.2055207667731629,0.24137328130495217
4480,0.331646347507186,0.02412229836584075,0.12017593078607758,0.25361306354277596,0.14879134497831217
4481,0.45766280107047275,0.0450746793182217,0.14827272891817037,0.1892921547745828,0.23096849826665106
4482,0.2842838735256219,0.025436654366543642,0.12635595214393017,0.21718849840255586,0.16541541759474804
4483,0.2789850332044801,0.04383763837638372,0.11311987547285919,0.20734824281150152,0.17293162063941314
4484,0.2606244424620873,0.025900544719732847,0.1220235660373943,0.18857365992190273,0.12251410962804173
4485,0.24553474080681928,0.06084695132665609,0.13986280294665968,0.1555541356052538,0.2424786052821088
4486,0.23218951333135096,0.11968371112282553,0.1771181378848485,0.14263684771033008,0.20343856240893637
4487,0.24725740905937157,0.04615709014232994,0.18801281471157846,0.21411146609868645,0.19917938068362612
4488,0.2906948161363861,0.022885257424002773,0.14833644047856068,0.17143911963081288,0.12917552879703903
4489,0.23724848845277033,0.047548761201897646,0.11331101015402986,0.08653177138800136,0.13791495704309092
4490,0.19753989493507773,0.020952380952380945,0.10502850730329953,0.08859353922612706,0.11409890974862248
4491,0.20262067598374464,0.05265155508697937,0.0846248800883273,0.11617749378771737,0.09455678183249311
4492,0.18048765982753484,0.0207204357757863,0.10501257941320204,0.09574724884629035,0.10920600894307579
4493,0.19034393894340368,0.04778070637849229,0.12243769117993082,0.10635285764998224,0.13383262715412567
4494,0.20641490732480913,0.04314180284659986,0.12821951528534448,0.08551650692225767,0.11969921789954947
4495,0.22370700763207454,0.02651906519065188,0.14948324856558481,0.08592261270855513,0.14151094438210715
4496,0.2792248984042026,0.04430152872957293,0.09276403192817965,0.16367625133120334,0.14985245599638256
4497,0.3259768064228367,0.023890353189246104,0.10673279154373827,0.10610294639687609,0.1529915760915074
4498,0.38363167806521953,0.16460376032331747,0.16869228402324019,0.11316293929712455,0.17615916665271056
4499,0.28585390028744173,0.021880161658759358,0.1668924324422161,0.15185232516861907,0.12538795196864894
4500,0.4972841708791753,0.04445615884730275,0.10198628029466589,0.18665246716364925,0.1728137194151831
4501,0.3899990088214888,0.02381303813038128,0.1776278303679704,0.15327369542066022,0.2037185778164827
4502,0.2587927445732976,0.044224213670708105,0.11429853934007854,0.16434788782392615,0.1735211267605633
4503,0.2513351174546536,0.02597785977859776,0.11283317345110316,0.18552786652467163,0.1785908794024552
4504,0.35443354148082074,0.04198207696362671,0.15851436225090046,0.20069435569755054,0.18441225234881345
4505,0.3533868569729408,0.02783342119135477,0.14196528443953732,0.17337593184238545,0.14879134497831217
4506,0.2965824164932104,0.04244596731681601,0.17269018443772735,0.18138871139510115,0.11707591566043103
4507,0.2505501040737437,0.026596380249516705,0.17307245380006878,0.14571388001419947,0.17937197501297913
4508,0.24972147883833876,0.04522930943595143,0.13506850802729461,0.14030954916577912,0.16653547922493336
4509,0.24991773218356622,0.023039887541732515,0.15055041720212128,0.12831380901668438,0.17380114216810974
4510,0.23079393398751116,0.16182041820418205,0.17356621839309305,0.13929428470003544,0.18744820887273694
4511,0.25789870155615024,0.021184326128975504,0.1883313725135296,0.16665956691515788,0.18626919663043656
4512,0.23290910893051833,0.04824459673168159,0.17579612300675126,0.13709194178203762,0.12584481921254037
4513,0.24817325800376647,0.04283254261114039,0.1159709678003221,0.1333901313454029,0.1100018422066286
4514,0.2215264149073248,0.02520470918994899,0.12796466904378362,0.11044515441959525,0.14096565122004315
4515,0.21258598473585089,0.0450746793182217,0.08918025665622903,0.1668001419950301,0.13620538929175527
4516,0.18321340073347203,0.022575997188543303,0.09784502886930077,0.11286616968406103,0.12283833799467428
4517,0.18013876499157494,0.05025478826216834,0.12936632337236872,0.11160099396521117,0.10534474384954196
4518,0.20798493408662896,0.02102969601124577,0.10095096743832462,0.1710330138445154,0.13596958684329521
4519,0.20336207751015956,0.04778070637849229,0.11077847562851811,0.15572594959176428,0.12980924787727555
4520,0.23007433838834368,0.023658408012651545,0.09470723452008174,0.15241462548810783,0.1423657282577749
4521,0.2743839825552582,0.04383763837638372,0.11952288729207763,0.1444487042953496,0.16419219239336136
4522,0.3024482109227872,0.09981374099455273,0.15765425618563228,0.16223926162584307,0.1764539197132856
4523,0.36285062939835455,0.08473730451590228,0.19223370558743147,0.18002981895633643,0.1300892632848219
4524,0.3263257012587967,0.026596380249516705,0.23579648500425343,0.1973517926872559,0.20012259047746647
4525,0.2426345524829021,0.04082235108065364,0.19462288910206516,0.1533361732339368,0.26890321716266685
4526,0.24734463276836158,0.026441750131786967,0.206457311444551,0.1171927582534611,0.225736631441443
4527,0.3063078600455942,0.045306624494816344,0.16117431989719264,0.16359815406460768,0.2039543802649428
4528,0.2788760035682426,0.024508873660165135,0.13897084110119637,0.19713312034078803,0.18445646530789966
4529,0.2767826345524829,0.047394131084167915,0.1519998552009991,0.22412353567625126,0.14733231732846544
4530,0.2956665675488155,0.02350377789492172,0.1316599395464171,0.2664053958111466,0.22485237225971758
4531,0.29728020616513023,0.04832191179054642,0.10461438216076302,0.27957259495917636,0.22237644655088676
4532,0.3270016850034691,0.02133895624670524,0.19264783072996788,0.30906212282570106,0.29755321465056683
4533,0.26149667955198724,0.04855385696714107,0.17025321725280088,0.32479091231806884,0.2420364756912461
4534,0.23264743780354843,0.09617993322790372,0.11401183731832251,0.1814511892083777,0.2548877091323207
4535,0.2629794826048171,0.08535582498682123,0.1402132165288059,0.17589066382676596,0.2530897154628125
4536,0.21088512241054605,0.03146722895800379,0.135992325652953,0.1705644302449414,0.23625931570397413
4537,0.22693428486470413,0.035951502372166565,0.10633459429129935,0.11836421725239611,0.19671819262782403
4538,0.22811180493606892,0.04924969249692492,0.12555955763905224,0.10066737664181748,0.150486175076619
4539,0.2071345029239766,0.02033386048146191,0.08073847490452313,0.09813702520411786,0.19350538426755537
4540,0.19511943701060552,0.04901774732033027,0.10340386251334859,0.0905615903443379,0.1701314665639497
4541,0.19474873624739808,0.022421367070813478,0.09666636500208142,0.08760951366702163,0.1563959739411498
4542,0.20916245415799387,0.04484273414162705,0.10362685297471444,0.1274078807241746,0.15732444608196142
4543,0.2083120229953414,0.024740818836759784,0.09528063856359391,0.1262676606318779,0.2866326137562593
4544,0.3062642481910992,0.04314180284659986,0.11976180564354098,0.18305999290024846,0.15978563413776356
4545,0.32248785806323715,0.0334001054296257,0.16185921917138765,0.11272559460418882,0.17408115757565606
4546,0.2445970859351769,0.12571428571428567,0.16762511538670374,0.1170209442669506,0.18432382643064088
4547,0.29108732282684113,0.06022843085573706,0.1724671939763615,0.20992545260915862,0.20802197250087923
4548,0.31348201011002075,0.044224213670708105,0.14223605857119587,0.24903656372026975,0.18130260755974612
4549,0.2726831202299534,0.02404498330697593,0.1683577983311915,0.17809300674476386,0.17996148113412938
4550,0.2577896719199127,0.04747144614303282,0.2074926243008923,0.14274618388356403,0.18998308519368287
4551,0.31158489443948845,0.022344052011948657,0.17700664265416563,0.18815193468228608,0.19265060039188753
4552,0.28430567945286944,0.049095062379195184,0.18067005737660405,0.178920837770678,0.22884627623051032
4553,0.3616949152542372,0.021725531541029623,0.20537421491791705,0.19669577564785226,0.2248081593006314
4554,0.30013678263455246,0.04839922684941133,0.21948632554435374,0.23491657791977277,0.22507343705514896
4555,0.28075131331152736,0.022653312247408127,0.19924197723035705,0.2812438764643237,0.24900738557384736
4556,0.49442759440975315,0.045151994377086606,0.16193885862187546,0.23796237131700387,0.2781142503056388
4557,0.41357121617603326,0.025050079072219254,0.13814259081612335,0.24724032658856934,0.30126710321381317
4558,0.24655961938745163,0.10360217887893165,0.12606925012217413,0.14875967341143057,0.30630738054964746
4559,0.2575934185746853,0.0870567562818485,0.14425890061358573,0.14716648917287892,0.22166903920550654
4560,0.23903657448706508,0.043605693199789075,0.15176093684953573,0.16063045793397232,0.18794928907571468
4561,0.23936366339577755,0.023426462836056896,0.15043892197143832,0.139356762513312,0.2098199661703873
4562,0.20861730597680642,0.04569319978914073,0.1116385816937863,0.09306070287539933,0.17069149737904238
4563,0.19747447715333527,0.022266736953083743,0.09416568625676476,0.11481860134895278,0.1405087839761518
4564,0.18641887203885413,0.04793533649622203,0.10128545313037333,0.11470926517571883,0.17826665103582254
4565,0.1884904351273664,0.019947285187137526,0.09365599377364296,0.09035853745118913,0.13300731858451542
4566,0.23354148082069578,0.04669829555438405,0.15954967510724175,0.11122612708555198,0.14833447773442074
4567,0.20580434136187922,0.03363205060622035,0.16246447899509486,0.15688178913738013,0.17439064828925996
4568,0.23306175042125088,0.03301353013530132,0.13763289833300146,0.17170465033723814,0.1764391820602569
4569,0.27357716324710074,0.04522930943595143,0.0986414233741787,0.2068640397586084,0.16713972299911234
4570,0.27667360491624543,0.02218942189421892,0.11291281290159096,0.1780617678381256,0.1730937348227294
4571,0.2691069481613639,0.16135652785099275,0.18536878495538375,0.1497280795172169,0.18694712866975932
4572,0.2679730399444939,0.01971534001054288,0.13995837028724495,0.16292651757188498,0.1612446617876103
4573,0.26875805332540387,0.049713582850114214,0.13240855038100238,0.13293716719914797,0.1902041499891142
4574,0.24666864902368912,0.020875065893516034,0.18060634581621385,0.18854242101526444,0.1530063137445361
4575,0.3142016057091882,0.04832191179054642,0.23050842549186407,0.18470003549875752,0.1410393394851869
4576,0.2570046585390028,0.023426462836056896,0.18774204057991992,0.2476464323748669,0.158857161996952
4577,0.2809257607295073,0.045306624494816344,0.14830458469836558,0.20764501242456504,0.19886988997002222
4578,0.2574407770839528,0.026441750131786967,0.16044163695270497,0.2081135960241391,0.1390055433672188
4579,0.27669541084349286,0.04430152872957293,0.17046027982406914,0.21170607028753988,0.2193110147209057
4580,0.2391237981960551,0.02868388683886836,0.14564462705207334,0.2557997870074547,0.22642930113379442
4581,0.30957874913271877,0.04445615884730275,0.11861499755651683,0.23458856940007097,0.208272512602368
4582,0.4538249578749133,0.025823229660868027,0.12203949392749187,0.26801419950301736,0.18718293111821943
4583,0.2914580235900486,0.16089263749780355,0.1485435030498289,0.1461824636137735,0.17596757716333675
4584,0.21430865298840315,0.022962572482867687,0.15340150952958417,0.14758821441249548,0.17944566327812292
4585,0.21193180691842597,0.04855385696714107,0.1308954008217343,0.11459992900248489,0.1426752189713788
4586,0.19250272574090588,0.022885257424002773,0.14298466940578103,0.1066183883564075,0.1495134899767212
4587,0.20512835761720685,0.047239500966438176,0.13431989719270937,0.08735960241391548,0.11654536015139581
4588,0.1861353949846367,0.024431558601300224,0.10815037376242097,0.11842669506567266,0.11206511363065429
4589,0.1953156903558331,0.045615884730275814,0.10932903762964032,0.13492083777067798,0.13456950980556345
4590,0.22599662999306175,0.025745914602003112,0.10063240963637347,0.12459637912673055,0.19708663395354287
4591,0.2203488948359599,0.04383763837638372,0.09940596209886143,0.13615477458288955,0.1898062333573378
4592,0.2672316384180791,0.026673695308381616,0.11405962098861509,0.15980262690805822,0.12927869236824036
4593,0.315248290217068,0.04399226849411346,0.10445510325978746,0.14785374511892083,0.14022876856860547
4594,0.25763703042918024,0.02458618871903005,0.14330322720773225,0.14800993965211212,0.178959320728174
4595,0.35626523936961046,0.1390124758390441,0.14577205017285372,0.15816258430954916,0.14957244058883623
4596,0.24252552284666465,0.04136355649270777,0.11241904830856664,0.11194462193823207,0.1263753747215756
4597,0.2215482208345723,0.047239500966438176,0.16851707723216705,0.1734227902023429,0.168362948200499
4598,0.24599266527901675,0.022962572482867687,0.17141595322992273,0.16811217607383733,0.1803593977659058
4599,0.24629794826048174,0.049713582850114214,0.10818222954261607,0.2290592829250976,0.16685970759156601
4600,0.28921201308355626,0.022962572482867687,0.19887563575811326,0.17323535676251323,0.15779605097888155
4601,0.34143720884131223,0.04762607626076256,0.14973809480714576,0.18227902023429174,0.14655122171794138
4602,0.32084957874913267,0.023349147777191985,0.18070191315679923,0.15731913383031587,0.13400947899047078
4603,0.2474155020319159,0.045770514848005546,0.14569241072236594,0.20150656727014546,0.15231364405218464
4604,0.24281794033105356,0.027601476014760123,0.1477152527647559,0.2287156549520766,0.16964512401400073
4605,0.26138023590048565,0.04461078896503249,0.21137902948469656,0.20848846290379835,0.15226943109309846
4606,0.2551313113291703,0.045615884730275814,0.17012579413202042,0.187792687255946,0.1690114049337643
4607,0.24118925562493804,0.07870672992444205,0.15289181704646237,0.1848874689385871,0.1406856358124968
4608,0.2260620477748042,0.10855034264628356,0.13154844431573415,0.1343897763578274,0.10702483629481996
4609,0.19193577163247097,0.027137585661570825,0.09574254737642303,0.1842158324458644,0.11405469678953618
4610,0.1959262563187629,0.0450746793182217,0.12275624898188194,0.11325665601703938,0.08354775502001306
4611,0.21363266924373078,0.026441750131786967,0.14523050190953682,0.09598154064607732,0.11684011321197099
4612,0.1784379026662702,0.04430152872957293,0.13854078806856227,0.09051473198438052,0.10005392641221877
4613,0.24786797502230154,0.027137585661570825,0.10698763778529921,0.07834717784877526,0.09868332468054455
4614,0.24019228863118247,0.04383763837638372,0.13476587811544097,0.09199858004969826,0.13980137663077152
4615,0.2042343146000594,0.026596380249516705,0.16428025846621655,0.13270287539936101,0.13196094521947374
4616,0.24243829913767465,0.04461078896503249,0.15599775561548623,0.12836066737664173,0.10261827803922217
4617,0.3089681831697889,0.02489544895448952,0.15677822223026658,0.1519460418885338,0.10871966639312688
4618,0.2569392407572603,0.047548761201897646,0.1401654328585132,0.1486034788782392,0.15241680762338597
4619,0.2966260283477054,0.08999472851871375,0.20516715234664878,0.1501185658501952,0.11604427994841819
4620,0.2351987312915056,0.09710771393428214,0.1529077449365599,0.10304153354632588,0.11374520607593237
4621,0.2712657349588661,0.02682832542611135,0.1272001303191008,0.1277671281505147,0.09769590192761803
4622,0.23585290910893053,0.048476541908276154,0.11697442487646828,0.13665459708910188,0.09613371070656998
4623,0.255914362176628,0.027060270602706,0.15547213524226683,0.15597586084487045,0.09272931285692747
4624,0.2913489939538111,0.05017747320330342,0.14693478614997554,0.1988200212992544,0.11734119341494861
4625,0.24647239567846166,0.028451941662273713,0.15321037484841352,0.10505644302449411,0.11592637872418812
4626,0.2833026067994846,0.051027938850817016,0.22834223243859617,0.12214412495562649,0.12453316809298111
4627,0.2821250867281197,0.028606571780003445,0.17683143586309255,0.17361022364217252,0.12201302942506399
4628,0.4725780553077609,0.05017747320330342,0.10478958895183618,0.19535250266240675,0.17866456766759886
4629,0.3094479135692338,0.023581092953786634,0.11415518832920048,0.1629889953851615,0.18877459764532495
4630,0.31834473188621265,0.06131084167984538,0.1159709678003221,0.19960099396521117,0.11426102393193883
4631,0.27266131430270585,0.12702864171498857,0.1365338739162699,0.15346112886048982,0.11804860076032883
4632,0.26265239369610466,0.04994552802670878,0.11957067096237033,0.13581114660986857,0.14092143826095693
4633,0.2018574685300822,0.02373572307151637,0.11455338558163948,0.12764217252396168,0.08110130461723963
4634,0.195490137773813,0.0550483219117905,0.12321815779471115,0.1277827476038338,0.12229304483261036
4635,0.199655069878085,0.028451941662273713,0.13629495556480653,0.14971246006389774,0.10736380231448142
4636,0.20796312815938148,0.051337199086276576,0.09150572861047253,0.10571246006389771,0.10045184304399517
4637,0.1830825651699871,0.032626954840976934,0.11229162518778617,0.10066737664181748,0.10838070037346552
4638,0.2293983546436713,0.04808996661395186,0.09806801933066661,0.09552857649982249,0.0954852539733047
4639,0.23746654772524525,0.031853804252328165,0.0906774783253995,0.08220518281860131,0.15704443067441506
4640,0.2477371394588165,0.04677561061324897,0.10015457293344669,0.11905147319843801,0.18746294652576576
4641,0.22471008028545938,0.042523282375680836,0.1074336187080309,0.1215662051828186,0.12441526686875114
4642,0.30214292794132214,0.1416411878404498,0.10721062824666507,0.16145828895988631,0.12799651655473865
4643,0.2805986718207949,0.05334739061676323,0.1328386034136364,0.2149080582179623,0.15005878313878515
4644,0.26492021012984435,0.021802846599894538,0.1065735126427627,0.15894355697550583,0.12186565289477648
4645,0.276390127862028,0.07321736074503593,0.12412604753027204,0.15816258430954916,0.07995176768099672
4646,0.45162255922291594,0.11233878053066239,0.12291552788285759,0.13690450834220802,0.13365577531778058
4647,0.4366636931311328,0.045461254612546076,0.13780810512407463,0.22476393326233582,0.11312622464872467
4648,0.3438576667657845,0.025900544719732847,0.126180745352857,0.14310543130990408,0.09119659694193699
4649,0.22076320745366235,0.06138815673871021,0.15161758583865767,0.19126020589279374,0.0830319371640066
4650,0.24339775993656457,0.15269724125812684,0.12708863508841783,0.17628115015974435,0.09327460601899142
4651,0.37473485974824056,0.25552626954840973,0.12395084073919888,0.17490663826766062,0.11006079281874354
4652,0.2572445237387253,0.21911087682305397,0.12280403265217463,0.23174582889598863,0.14025824387466296
4653,0.2735989691743482,0.1647583904410472,0.08890948252457058,0.1739226127085551,0.1366769941886754
4654,0.23851323223312518,0.11032858900017564,0.09510543177252076,0.1740788072417465,0.1232067793203932
4655,0.21491921895133306,0.10282902829028288,0.10725841191695774,0.1513056443024494,0.10733432700842385
4656,0.23408662900188323,0.275009664382358,0.13070426614056363,0.12037912673056443,0.12543216492773523
4657,0.2107760927743086,0.15671762431910033,0.1295096743832467,0.13854455094071708,0.08745323307263313
4658,0.2022063633660422,0.07777894921806355,0.1272001303191008,0.14177777777777775,0.09632530019594372
4659,0.19248091981365842,0.07484097698119838,0.09916704374739808,0.10002697905573305,0.10062869488034026
4660,0.1899514322529487,0.06788262168335965,0.1009350395482271,0.09621583244586437,0.09582421999296607
4661,0.20552086430766178,0.04607977508346511,0.10429582435881188,0.09262335818246359,0.0845793907320259
4662,0.19466151253840816,0.06502196450535931,0.07830150771959674,0.10777422790202341,0.12910184053189527
4663,0.23554762612746555,0.04770339131962747,0.10450288693008014,0.09035853745118913,0.09849173519117081
4664,0.23742293587075025,0.08009840098400985,0.12694528407753983,0.1374668086616968,0.09258193632663994
4665,0.3194568341758351,0.24941837989808469,0.11420297199949316,0.11349094781682635,0.09822645743665322
4666,0.35116265239369604,0.4600246002460025,0.12802838060417382,0.12745473908413205,0.1273038468623872
4667,0.40266825255228467,0.2982814971006853,0.14185378920885447,0.19507135250266242,0.09433571703706181
4668,0.30772524531668155,0.06100158144438583,0.15012036416948718,0.2333233936812211,0.11321465056689718
4669,0.24276538804638711,0.12115269724125806,0.16937718329743526,0.19386865459708902,0.11720855453768983
4670,0.23245118445832086,0.1425689685468283,0.12825137106553955,0.251988640397586,0.10182244477566947
4671,0.3541064525721082,0.17898436127218417,0.10894676826729889,0.18187291444799428,0.12448895513389492
4672,0.2723342253939935,0.1172869442980144,0.10442324747959236,0.19215051473198433,0.1195813166753194
4673,0.296386163147983,0.06950623791952201,0.11925211316041918,0.19661767838125663,0.10266249099830847
4674,0.2800535236396075,0.16313477420488484,0.14906912342304832,0.251051473198438,0.13726650030982565
4675,0.27894142134998506,0.08581971534001052,0.1309272566019294,0.2368846290379836,0.13426001909195956
4676,0.2908256516998711,0.07654190827622556,0.16158844503972922,0.19760170394036203,0.11669273668168344
4677,0.2657488353652493,0.07971182568968546,0.12508172093612555,0.26398438054668083,0.08513942154711858
4678,0.2698701556150262,0.06525390968195395,0.1056019113468117,0.21668867589634355,0.11016395638994486
4679,0.22471008028545938,0.09308733087330873,0.120590055928614,0.18666808661696835,0.11538108556212419
4680,0.19762711864406782,0.2739272535582498,0.11426668355988336,0.15478878239261623,0.13424528143893083
4681,0.2259748240658142,0.2283886838868389,0.17009393835182532,0.16648775292864748,0.0871437423590293
4682,0.21840816731093265,0.17952556668423827,0.13444732031348983,0.15769400070997514,0.07670948401467059
4683,0.2021627515115472,0.18083992268494106,0.10246411699759268,0.10219808306709258,0.12071611595853357
4684,0.18953711963524625,0.04832191179054642,0.1312776701840757,0.08415761448349306,0.11678116259985595
4685,0.21603132124095545,0.06440344403444027,0.13451103187388003,0.10290095846645367,0.12613957227311545
4686,0.19954604024184755,0.04051309084519409,0.11007764846422556,0.09268583599574005,0.08443201420173836
4687,0.2112558231737536,0.061465471797575125,0.11464895292222478,0.09648136315228964,0.09505786203547084
4688,0.2671008028545941,0.058914074855034256,0.17925247515792134,0.10041746538871134,0.08593525481067138
4689,0.24492417484388937,0.036956598137409896,0.12673822150627156,0.18001419950301736,0.09853594815025701
4690,0.29980969372584,0.07414514145141445,0.11577983311915144,0.17143911963081288,0.10699536098876249
4691,0.3688472593914163,0.26681426814268144,0.135450777389636,0.18129499467518628,0.12764281288204854
4692,0.24950341956586383,0.13043050430504302,0.17452189179894656,0.20711395101171456,0.10102661151211667
4693,0.1984339379522252,0.1046845897030399,0.13191478578797808,0.17201703940362084,0.15197467803252326
4694,0.2657488353652493,0.13336847654190825,0.16557041756411878,0.16103656372026978,0.12863023563497508
4695,0.2969967291109128,0.11164294500087854,0.16050534851309525,0.12048846290379835,0.12174775167054641
4696,0.27386064030131824,0.4440203830609735,0.12930261181197844,0.1653006744763933,0.11001657985965732
4697,0.22841708791753387,0.35456685995431386,0.14548534815109776,0.19994462193823215,0.11996449565406705
4698,0.26880166517989884,0.36307151642944996,0.14196528443953732,0.22146822861199858,0.0849773073638023
4699,0.28552681137872926,0.40629063433491475,0.1416307987474886,0.22274902378416747,0.07874328013263879
4700,0.47150956487263357,0.32410472676155333,0.18074969682709185,0.18454384096556617,0.07143340423037632
4701,0.3194568341758351,0.16491302055877693,0.13537113793914815,0.16550372736954205,0.12443000452177988
4702,0.23504608980077304,0.13924442101563866,0.16058498796358303,0.14191835285764998,0.08984073286329153
4703,0.24544751709782928,0.3609840098400984,0.14806566634690213,0.1528207312744054,0.131283013180151
4704,0.23245118445832086,0.3195431382885257,0.11836015131495588,0.1275640752573659,0.07410091942858098
4705,0.21980374665477248,0.0550483219117905,0.11781860305163888,0.11522470713525024,0.1033846359967175
4706,0.21293487957181087,0.03734317343173428,0.09475501819037443,0.16611288604898822,0.10444574701478782
4707,0.19636237486371289,0.032317694605517464,0.1070513493456895,0.10852396166134178,0.10550685803285821
4708,0.23153533551392608,0.05404322614654718,0.10850078734456729,0.12165992190273336,0.0823687427777126
4709,0.17745663594013275,0.13638376383763834,0.08538941881301014,0.10171388001419947,0.09928756845472353
4710,0.1951412429378531,0.09308733087330873,0.11632138138246842,0.09515370962016322,0.09560315519753478
4711,0.22409951432252945,0.18083992268494106,0.11441003457076142,0.10980475683351082,0.13089983420140341
4712,0.271178511249876,0.03842558425584252,0.10298973737081207,0.11141356052538158,0.08795431327561085
4713,0.23951630488651,0.05759971885433137,0.09989972669188582,0.14897834575789845,0.08179397430959119
4714,0.3571374764595103,0.1407907221929362,0.09039077630364346,0.18432516861909834,0.1100018422066286
4715,0.24747546833184658,0.10739061676331049,0.11116074499085951,0.18223216187433436,0.1143789251561688
4716,0.25050649221924864,0.0528061852047092,0.09970859201071508,0.16767483138090158,0.11231565373214314
4717,0.2657488353652493,0.03556492707784219,0.10795923908125031,0.15203975860844865,0.13458424745859218
4718,0.2898443849737337,0.14975926902126158,0.1341287625115386,0.14999361022364216,0.11849073035119152
4719,0.3043453265933195,0.21942013705851343,0.11603467936071236,0.14432374866879658,0.10428363283147155
4720,0.30879373575180885,0.2201932876471622,0.12460388423319874,0.16503514376996803,0.09719482172464029
4721,0.3069184260085241,0.2579230363732209,0.12105196474144321,0.11431877884274046,0.109736564452111
4722,0.267406085836059,0.25158320154630115,0.17530235841372688,0.1894483493077742,0.11473262882885901
4723,0.27296659728417083,0.2655772272008435,0.12641966370432045,0.16609726659566912,0.13860762673544239
4724,0.2741441173555357,0.054197856264276915,0.11813716085359004,0.16948668796592112,0.13048717991659822
4725,0.26681732580037665,0.07576875768757681,0.14228384224148846,0.19880440184593534,0.10472576242233424
4726,0.23733571216176025,0.12865225795115093,0.1467117956886097,0.15781895633652818,0.11938972718594566
4727,0.22337991872336202,0.1305078193639079,0.13578526308168473,0.12865743698970536,0.15810554169248547
4728,0.2584874615918326,0.0951748374626603,0.10620717117051888,0.17704650337238198,0.10335516069065995
4729,0.2896481316285062,0.060073800738007326,0.08559648138427839,0.1101952431664891,0.09486627254609702
4730,0.22119932599861228,0.05172377438060088,0.09344893120237462,0.09354490592829245,0.0867753010333104
4731,0.20966399048468623,0.029457037427517128,0.0855327698238882,0.12255023074192395,0.088366967560416
4732,0.21256417880860343,0.05156914426287113,0.0771865554127676,0.10714944976925807,0.10599320058280712
4733,0.19121617603330351,0.037575118608328927,0.10224112653622683,0.08200212992545253,0.07273031769690676
4734,0.2560233918128655,0.04855385696714107,0.10681243099422615,0.08710969116080933,0.11471789117583017
4735,0.26289225889582707,0.030694078369355105,0.18821987728284673,0.10418175363862262,0.13878447857178738
4736,0.28055505996629987,0.07600070286417145,0.11202085105612763,0.1001206957756478,0.11118085444892896
4737,0.2939657052235108,0.21686874011597257,0.08005357563032808,0.09327937522186722,0.15766341210162277
4738,0.2863990484686292,0.09215955016693023,0.1425227605929519,0.23063684771033008,0.10049605600308147
4739,0.3744295767667757,0.08945352310665962,0.11901319480895574,0.24183599574014908,0.1136715178107886
4740,0.27643373971652296,0.042523282375680836,0.1545961012869011,0.20069435569755054,0.14049404632312298
4741,0.2635246307860046,0.06393955368125107,0.11206863472642031,0.17870216542421014,0.12870392390011887
4742,0.2654217464565368,0.07429977156914427,0.11536570797661491,0.11953567625133113,0.11713486627254606
4743,0.30534839924670437,0.15895976102618162,0.08202863400242535,0.16709691160809373,0.09159451357371338
4744,0.32015462384775495,0.05327007555789841,0.13239262249090478,0.270185303514377,0.10857228986283934
4745,0.3209832490831599,0.04089966613951847,0.1219917102571992,0.17454739084132057,0.11088610138835389
4746,0.23951630488651,0.056285362853628486,0.11566833788846856,0.213705360312389,0.16364689923129733
4747,0.22464466250371692,0.03749780354946401,0.12277217687197953,0.16453532126375572,0.14235099060474618
4748,0.26799484587174144,0.060615006150061435,0.14292095784539083,0.15317997870074548,0.1551137981276482
4749,0.3177123599960352,0.035332981901247534,0.12231026805915034,0.13938800141995025,0.15275577364304732
4750,0.37545445534740807,0.13916710595677384,0.13419247407192889,0.13164075257365992,0.1476123327360118
4751,0.27322826841114073,0.17558249868212963,0.12063783959890668,0.1441363152289669,0.17888563246303024
4752,0.21897512141936754,0.06966086803725174,0.08577168817535155,0.1506027689030883,0.09489574785215447
4753,0.2233363068688671,0.056826568265682595,0.09757425473764224,0.11163223287184944,0.11011974343085865
4754,0.21585687382297544,0.037111228255139635,0.12307480678383316,0.11608377706780262,0.08553733817889497
4755,0.23103379918723357,0.05404322614654718,0.11033249470578649,0.11703656372026978,0.08432885063053704
4756,0.21607493309545045,0.03989457037427514,0.09668229289217901,0.08348597799077026,0.10627321599035355
4757,0.19282981464961835,0.05458443155860129,0.10048905862549541,0.10614980475683347,0.08581735358644131
4758,0.20970760233918123,0.03858021437357225,0.10932903762964032,0.1251742988995385,0.12357522064611205
4759,0.21904053920111008,0.052883500263574024,0.10211370341544636,0.09694994675186365,0.1043131081375291
4760,0.24695212607790656,0.1278017923036373,0.09508950388242315,0.09165495207667727,0.111239805061044
4761,0.2784834968777877,0.3623756808996662,0.11856721388622414,0.11605253816116434,0.09625161193079995
4762,0.2752780255724056,0.23929010718678614,0.11845571865554126,0.14318352857649974,0.16369111219038363
4763,0.35491327188026556,0.21408539799683715,0.10858042679505507,0.1708768193113241,0.16730183718242872
4764,0.25624145108534047,0.23032156035846077,0.13954424514470845,0.14258998935037268,0.1646490596372528
4765,0.24618891862424422,0.1100966438235811,0.11120852866115222,0.1864181753638622,0.13032506573328195
4766,0.2513351174546536,0.057522403795466456,0.1285858567575883,0.17649982250621224,0.12764281288204854
4767,0.4216612151848548,0.11945176594623087,0.13401726728085575,0.11697408590699321,0.1442963608045419
4768,0.29429279413222326,0.08713407134071341,0.12648337526471065,0.11956691515796941,0.17699921287534956
4769,0.23413024085637815,0.03850289931470743,0.13250411772158766,0.14865033723819665,0.08633317144244777
4770,0.21910595698285254,0.05690388332454751,0.13623124400441633,0.15649130280440185,0.08712900470600048
4771,0.3042362969570819,0.08736601651730798,0.15633224130753495,0.10882073127440539,0.08460886603808339
4772,0.4712260878184161,0.1578773502020734,0.17566869988597072,0.14552644657436986,0.09140292408433956
4773,0.31952225195757755,0.09378316640309259,0.21249398179152554,0.1964771033013844,0.15561487833062582
4774,0.27447120626424815,0.06610437532946756,0.1827725388694818,0.14608874689385865,0.11151982046859034
4775,0.25087719298245614,0.07561412756984708,0.16150880558924144,0.18141995030173944,0.15262313476578854
4776,0.2303578154425612,0.22715164294500084,0.09105974768774092,0.13615477458288955,0.10398887977089648
4777,0.2038854197640995,0.2102969601124583,0.0943886767181306,0.11477174298899531,0.10301619467099858
4778,0.19860838537020517,0.2762467053241961,0.10958388387120126,0.13937238196663118,0.10407730568906898
4779,0.2127168202993359,0.2039571252855385,0.11958659885246792,0.11424068157614482,0.09625161193079995
4780,0.2088789771037764,0.031003338604814575,0.08972180491954601,0.09356052538161165,0.08680477633936794
4781,0.17492714837942308,0.05442980144087147,0.11292874079168853,0.12337806176783807,0.11694327678317222
4782,0.20776687481415404,0.05489369179406076,0.09335336386178933,0.10672772452964142,0.09381989918105535
4783,0.21594409753196545,0.035951502372166565,0.09539213379427679,0.08623500177493784,0.13165145450586993
4784,0.24093369015759739,0.05698119838341234,0.10999800901373777,0.09424778132765345,0.09452730652643565
4785,0.3429200118941421,0.1411772974872606,0.11713370377744385,0.16091160809371666,0.09122607224799446
4786,0.2812746555654673,0.19073625021964508,0.16165215660011942,0.24339794107206247,0.11081241312321012
4787,0.2445970859351769,0.12849762783342117,0.15676229434016906,0.22085906993255228,0.12048031351007353
4788,0.23788086034294773,0.05125988402741166,0.17227605929519085,0.17187646432374862,0.09446835591432061
4789,0.29926454554465254,0.06486733438762958,0.16184329128129007,0.17756194533191338,0.12227830717958162
4790,0.25482406581425315,0.06958355297838692,0.17030100092309358,0.15144621938232158,0.10397414211786773
4791,0.332169689761126,0.044688104023897314,0.2010736845915763,0.10486900958466451,0.1571475942456164
4792,0.3849836455545644,0.21594095940959404,0.17420333399699534,0.18493432729854448,0.16466379729028152
4793,0.30362573099415197,0.03278158495870667,0.13592861409256274,0.17425062122825702,0.14600592855587746
4794,0.28476360392506683,0.055744157441574356,0.18293181777045736,0.19141640042598507,0.13085562124231712
4795,0.2683437407077014,0.0518784044983307,0.14053177433075711,0.24535037273695415,0.14594697794376243
4796,0.2890811775200714,0.08837111228255139,0.15133088381690163,0.16756549520766767,0.15738339669407644
4797,0.239996035285955,0.0668002108592514,0.1196980940831508,0.18304437344692928,0.13082614593625969
4798,0.24269997026464465,0.08373220875065887,0.15854621803109556,0.12886048988285406,0.221639563899449
4799,0.20988204975716124,0.05582147250043927,0.14225198646129336,0.17525026624068155,0.18034466011287703
4800,0.2106888690653187,0.14867685819715334,0.10824594110300634,0.1913383031593894,0.13570430908877762
4801,0.23613638616314797,0.05744508873660164,0.09953338521964192,0.13951295704650332,0.10000971345313256
4802,0.20081078402220237,0.05357933579335788,0.1130720918025665,0.11855165069222569,0.09625161193079995
4803,0.1933313509763108,0.04762607626076256,0.10770439283968936,0.09574724884629035,0.10615531476612348
4804,0.18356229556943202,0.03618344754876113,0.12219877282846746,0.09899609513667015,0.0750441292224213
4805,0.1841510556051145,0.05079599367422245,0.09357635432315517,0.09312318068867581,0.11387784495319118
4806,0.2144612944791357,0.033941310841679825,0.088352006371156,0.08507916222932191,0.11669273668168344
4807,0.2131965506987808,0.0558987875593041,0.09508950388242315,0.10137025204117855,0.10285408048768231
4808,0.31496481316285063,0.05852749956070988,0.1005209144056906,0.11177280795172166,0.07749057962519465
4809,0.23864406779661018,0.13638376383763834,0.10066426541656857,0.11908271210507627,0.0989633400880909
4810,0.3085320646248389,0.1687787735020207,0.1482408731379753,0.1857777777777778,0.12261727319924298
4811,0.2769788878977103,0.10027763134774202,0.1664305236293869,0.17714022009229674,0.12644906298671935
4812,0.30593715928238674,0.09896327534703914,0.15969302611811975,0.177171458998935,0.12503424829595886
4813,0.2448805629893944,0.11744157441574413,0.1893348295896758,0.12658004969826048,0.11983185677680826
4814,0.25035385072851624,0.10383412405552621,0.14569241072236594,0.112397586084487,0.11184404883522296
4815,0.2667737139458816,0.03541029696011245,0.17742076779670216,0.16758111466098685,0.14578486376044605
4816,0.2743185647735157,0.1537023370233702,0.16085576209524147,0.1349052183173589,0.09918440488352229
4817,0.29621171573000293,0.03363205060622035,0.16279896468714358,0.10190131345402906,0.09827067039573943
4818,0.26204182773317475,0.05435248638200665,0.17517493529294642,0.10191693290734824,0.09480732193398198
4819,0.2691069481613639,0.1601968019680197,0.13441546453329464,0.10996095136670213,0.07268610473782046
4820,0.23842600852413517,0.09393779652082232,0.13189885789788047,0.21817252396166129,0.09871279998660212
4821,0.24703934978689665,0.188262168335969,0.13779217723397705,0.16981469648562295,0.09035655071929789
4822,0.2515967885816235,0.2288525742400281,0.1453101413600246,0.13748242811501588,0.11383363199410489
4823,0.20373277827336703,0.19854507116499728,0.16283082046733877,0.12422151224707136,0.15315369027482373
4824,0.22414312617702448,0.23673871024424525,0.1010146789987149,0.15319559815406458,0.16808293279295267
4825,0.1974526712260878,0.2074363029344579,0.10601603648934821,0.11703656372026978,0.1009971362060591
4826,0.19941520467836255,0.05520295202952025,0.11394812575793224,0.10394746183883556,0.11219775250791307
4827,0.2026860937654871,0.032240379546652556,0.11233940885807886,0.1059311324103656,0.11489474301217528
4828,0.20940231935771622,0.05582147250043927,0.13118210284349036,0.09524742634007806,0.09538209040210346
4829,0.17974625830112,0.04267791249341057,0.0888139151839852,0.08971813986510468,0.09140292408433956
4830,0.20576072950738422,0.03672465296081525,0.07202591902115871,0.07789421370252034,0.11586742811207308
4831,0.2406502131033799,0.05357933579335788,0.10679650310412855,0.10038622648207304,0.08208872737016627
4832,0.2589235801367826,0.14983658408012648,0.13201035312856338,0.11256940007099749,0.10836596272043669
4833,0.22623649519278421,0.05265155508697937,0.17259461709714197,0.15864678736244228,0.09423255346586057
4834,0.3085756764793339,0.2319451765946231,0.17702257054426324,0.1816230031948881,0.10627321599035355
4835,0.2567429874120329,0.12470918994904234,0.16071241108436352,0.1347646432374867,0.10817437323106295
4836,0.25096441669144615,0.04004920049200488,0.11393219786783462,0.11363152289669858,0.10158664232720935
4837,0.3403905243334324,0.05373396591108762,0.10786367174066493,0.1164586439474618,0.15837081944700307
4838,0.23794627812469027,0.2269196977684062,0.14749226230339005,0.12329996450124239,0.14547537304684224
4839,0.2588799682822876,0.24215076436478647,0.12995565530597838,0.1170209442669506,0.12664065247609319
4840,0.28088214887501234,0.22452293094359516,0.15485094752846199,0.11509975150869711,0.13773810520674584
4841,0.2975418772921003,0.19916359163591632,0.15676229434016906,0.1035413560525381,0.11485053005308898
4842,0.2860065417781742,0.16993849938499384,0.16345200818114353,0.1269392971246006,0.10127715161360552
4843,0.3469541084349291,0.14287822878228776,0.1248428025846621,0.17484416045438408,0.08823432868315718
4844,0.3218554861730597,0.12911614830434012,0.1564278086481203,0.18687113951011713,0.09555894223844848
4845,0.22976905540687878,0.1552486382006677,0.13963981248529383,0.1589747958821441,0.08614158195307395
4846,0.23282188522152839,0.2293937796520822,0.13521185903817257,0.1349052183173589,0.1389613304081325
4847,0.24908910694816136,0.14952732384466694,0.1304812756791978,0.11506851260205893,0.12627221115037426
4848,0.23683417583506786,0.07971182568968546,0.12114753208202858,0.1587717429889953,0.1254026896216777
4849,0.20371097234611948,0.03401862590054465,0.10085540009773931,0.1380291089811856,0.09299459061144508
4850,0.19330954504906325,0.05837286944298014,0.13895491321109876,0.10349449769258072,0.11964026728743443
4851,0.19431261770244818,0.03409594095940956,0.10174736194320252,0.08704721334753276,0.09697375692920898
4852,0.20342749529190202,0.05698119838341234,0.09244547412622853,0.08482925097621577,0.08600894307581514
4853,0.16339181286549703,0.054197856264276915,0.08140744628862058,0.12878239261625837,0.09928756845472353
4854,0.20242442263851712,0.03564224213670701,0.10636645007149445,0.07420802271920479,0.09135871112525326
4855,0.2341520467836257,0.07275347039184674,0.10687614255461633,0.0985743698970536,0.09580948233993734
4856,0.27889780949549015,0.23380073800738008,0.14424297272348816,0.10707135250266232,0.12221935656746659
4857,0.31485578352661314,0.1728764716218591,0.11702220854676096,0.139481718139865,0.1508693540553667
4858,0.2871186440677965,0.32008434370057987,0.14298466940578103,0.16020873269435568,0.10838070037346552
4859,0.33049063336306866,0.07646459321736075,0.14747633441329255,0.18512176073837416,0.11093031434744019
4860,0.23303994449400334,0.06393955368125107,0.15950189143694907,0.19989776357827468,0.12824705665622743
4861,0.29743284765586275,0.03602881743103139,0.17458560335933676,0.12240965566205174,0.07105022525162866
4862,0.3111269699672911,0.058914074855034256,0.15222284566236494,0.13710756123535672,0.10833648741437922
4863,0.2991337099811676,0.05798629414865575,0.16988687578055706,0.12854810081647142,0.11673694964076967
4864,0.3534740806819308,0.11434897206114913,0.17644916650075107,0.13187504437344688,0.13850446316424106
4865,0.37602140945584295,0.20998769987699872,0.2056449890495755,0.15093077742279012,0.07722530187067704
4866,0.28783823966696404,0.10360217887893165,0.1860696121196763,0.12679872204472845,0.07312823432868315
4867,0.2903677272276736,0.0870567562818485,0.16466252782855798,0.109476748313809,0.13023663981510944
4868,0.2909128754088611,0.07615533298190118,0.16139731035855848,0.13409300674476388,0.1310177354256335
4869,0.23727029438001782,0.22344052011948692,0.15437311082553526,0.1683464678736244,0.09838857161996949
4870,0.26875805332540387,0.23782112106835357,0.148686854060707,0.14162158324458637,0.0851983721592336
4871,0.2723342253939935,0.1298892988929889,0.14081847635251307,0.12050408235711746,0.11636850831505081
4872,0.24832589949449893,0.10793182217536454,0.11066698039783522,0.1272048278310259,0.11788648657701258
4873,0.2275230449003865,0.06123352662098048,0.08761932342666835,0.15091515796947103,0.09498417377032707
4874,0.20569531172564176,0.06981549815498149,0.13108653550290494,0.1333745118920837,0.1203771499388722
4875,0.19684210526315782,0.06571780003514316,0.12976452062480764,0.12003549875754342,0.1010413491651454
4876,0.20253345227475467,0.048940432261465446,0.07462216510706074,0.07189634362797295,0.0925671986736112
4877,0.17222321340073343,0.05906870497276399,0.09328965230139905,0.09746538871139505,0.08238348043074134
4878,0.19322232134007333,0.04569319978914073,0.10834150844359172,0.08112744053958104,0.0885880323558473
4879,0.2486966002577064,0.06486733438762958,0.11399590942822492,0.07814412495562649,0.11116611679590023
4880,0.2684091584894439,0.0528061852047092,0.13675686437763576,0.11367838125665596,0.1047110247693055
4881,0.22172266825255227,0.14094535231066593,0.11108110554037175,0.10641533546325871,0.09687059335800774
4882,0.2831499653087521,0.2052714812862414,0.08437003384676645,0.1175207667731629,0.09197769255246097
4883,0.3165130339974229,0.1250184501845018,0.10549041611612874,0.13963791267305642,0.10618479007218094
4884,0.2522727723262959,0.04097698119838338,0.18200800014479895,0.1419339723109691,0.11732645576191988
4885,0.2503320448012687,0.06517659462308906,0.16149287769914386,0.18227902023429174,0.13487900051916726
4886,0.22874417682624643,0.041518186610437505,0.17700664265416563,0.13774795882144122,0.10261827803922217
4887,0.23958172266825253,0.15540326831839743,0.20734927329001424,0.13590486332978344,0.1322114853209626
4888,0.33334720983249083,0.30609031804603765,0.15999565602997337,0.11983244586439473,0.11760647116946624
4889,0.2651382694023194,0.2112247408188368,0.12428532643124761,0.11106993255236057,0.10456364823901788
4890,0.31989295272078494,0.22684238270954138,0.11848757443573636,0.1787177848775292,0.10702483629481996
4891,0.3701556150262662,0.2370479704797048,0.13962388459519623,0.23608803691870778,0.08111604227026845
4892,0.38280305282981464,0.13244069583552975,0.1850024434831399,0.2027561235356762,0.08774798613320828
4893,0.2866171077411042,0.16661395185380423,0.20250719470035655,0.16211430599928994,0.08748270837869067
4894,0.2500703736742987,0.11071516429450005,0.1668765045521185,0.154523251686191,0.11910971177839923
4895,0.23746654772524525,0.06308908803373747,0.15217506199207226,0.1491813986510472,0.07843378941903499
4896,0.23245118445832086,0.07646459321736075,0.1196343825227606,0.151961661341853,0.12096665606002245
4897,0.22183169788878973,0.06819188191881911,0.07976687360857204,0.09352928647497336,0.11871179514662282
4898,0.20639310139756167,0.05528026708838515,0.10310123260149504,0.09370110046148376,0.1253732143156202
4899,0.22595301813856672,0.045151994377086606,0.07788738257706014,0.09135818246361374,0.07703371238130322
4900,0.20637129547031421,0.05442980144087147,0.09798837988017883,0.09167057152999644,0.1202445110616134
4901,0.1907364456338586,0.03888947460903173,0.11522235696573686,0.08439190628328003,0.09408517693557295
4902,0.21308752106254333,0.06169741697416967,0.11984144509402876,0.12211288604898822,0.09918440488352229
4903,0.21101595797403105,0.047084870848708445,0.09881663016525186,0.07002200922967694,0.11171140995796418
4904,0.2866825255228466,0.16089263749780355,0.10711506090607968,0.09341995030173943,0.08085076451575086
4905,0.30035484190702744,0.12602354594974513,0.1557110535937302,0.11914518991835284,0.07379142871497707
4906,0.32403607889780944,0.099659110876823,0.18614925157016415,0.1553979410720624,0.07996650533402555
4907,0.30635147190008916,0.16506765067650667,0.18434939998914004,0.1585999290024849,0.1138483696471337
4908,0.22512439290316183,0.05458443155860129,0.15354486054046224,0.10138587149449765,0.15530538761702192
4909,0.29893745663594007,0.07955719557195565,0.1967731542652355,0.11909833155839537,0.10683324680544622
4910,0.43112498761026863,0.24539799683711125,0.1564596644283154,0.1117103301384451,0.08799852623469706
4911,0.3380572901179502,0.5016201019153049,0.13376242103929478,0.136560880369187,0.12445947982783744
4912,0.300289424125285,0.4912598840274117,0.13997429817734255,0.13446787362442306,0.1750243673694964
4913,0.2914798295172961,0.47038481813389565,0.11675143441510252,0.08554774582889595,0.16600492371589826
4914,0.2547586480325106,0.41811983834124056,0.13893898532100127,0.15505431309904147,0.14572591314833114
4915,0.24812964614927147,0.3757511860832894,0.11074661984832301,0.1515867944621938,0.1414814690760496
4916,0.2925701258796709,0.6534668775259181,0.1256551249796376,0.194790202342918,0.11871179514662282
4917,0.28585390028744173,0.5701985591284485,0.11982551720393128,0.1429336173233936,0.1592698162817571
4918,0.2936604222420458,0.36848357054999115,0.1187583485673949,0.12564288249911254,0.12361943360519834
4919,0.2555872732679155,0.17179406079775078,0.14234755380187875,0.12437770678026266,0.15210731690978208
4920,0.22987808504311621,0.21045159023018803,0.141614870857391,0.10263542776002833,0.1351590159267136
4921,0.22098126672613735,0.23271832718327176,0.11015728791471333,0.07372381966631159,0.09376094856894039
4922,0.20491029834473184,0.2269196977684062,0.09946967365925173,0.10304153354632588,0.08229505451256883
4923,0.20353652492813948,0.15934633632050602,0.08145522995891327,0.08537593184238544,0.10804173435380415
4924,0.191674100505501,0.049095062379195184,0.09131459392930187,0.0851104011359602,0.08748270837869067
4925,0.19446525919318064,0.0334001054296257,0.12557548552914985,0.10460347887823926,0.10574266048131833
4926,0.2037981960551095,0.054197856264276915,0.12562326919944244,0.072833510827121,0.1051531543601681
4927,0.2272613737734166,0.03278158495870667,0.07989429672935251,0.07103727369542065,0.1020140342650433
4928,0.23766280107047272,0.21764189070462134,0.11117667288095712,0.11160099396521117,0.11448208872737015
4929,0.32224799286351474,0.2525882973115446,0.10988651378305489,0.12311253106141282,0.12384049840062963
4930,0.33003270889087116,0.634447373045159,0.1649810856305091,0.12137877174298893,0.1564401869002361
4931,0.3297056199821587,0.5280618520470919,0.1809886151785552,0.14827547035853736,0.11776858535278258
4932,0.32107047279214984,0.4822140221402214,0.13589675831236764,0.12075399361022358,0.10864597812798313
4933,0.24867479433045891,0.47177648919346343,0.1276301833517348,0.08183031593894212,0.13952136122322517
4934,0.29485974824065814,0.4849973642593569,0.13753733099241608,0.12195669151579688,0.11053239771566378
4935,0.3271979383486966,0.49195571955719564,0.14667993990841463,0.10583741569045076,0.1541116377216928
4936,0.3272197442759441,0.46837462660340895,0.21099676012235513,0.1117259495917642,0.12986819848939052
4937,0.3186500148676776,0.4273203303461606,0.1471418487212438,0.1359517216897408,0.11269883271089079
4938,0.2925047080979284,0.1638306097346688,0.127263841879491,0.17854597089101873,0.11454103933948517
4939,0.2649420160570919,0.23975399753997542,0.16351571974153373,0.12509620163294285,0.11238934199728691
4940,0.3008127663792249,0.2819680196801968,0.15230248511285263,0.18374724884629026,0.15094304232051042
4941,0.2657488353652493,0.4548444913020559,0.11111296132056682,0.12326872559460413,0.11959605432834822
4942,0.26553077609277426,0.40211562115621147,0.13341200745714846,0.10516577919772804,0.15638123628812106
4943,0.2901278620279512,0.3103426462836057,0.10375427609549491,0.13304650337238189,0.15125253303411423
4944,0.26143126177024484,0.3125847829906871,0.11851943021593146,0.14608874689385865,0.1427489072365226
4945,0.20517196947170185,0.22173958882445965,0.11187750004524967,0.17967057152999644,0.12201302942506399
4946,0.2380553077609277,0.03811632402038305,0.09195170953320414,0.15583528576499822,0.10132136457269174
4947,0.20002577064129246,0.057522403795466456,0.07373020326159743,0.1409030883919063,0.09381989918105535
4948,0.19470512439290308,0.058914074855034256,0.0804358449926695,0.13343698970536025,0.12839443318651506
4949,0.18962434334423622,0.035023721665788064,0.10131730891056843,0.10874263400780965,0.12366364656428463
4950,0.23020517395182868,0.04979089790897904,0.10496479574290934,0.10051118210862617,0.11317043760781097
4951,0.24198037466547717,0.037575118608328927,0.11706999221705365,0.10855520056798006,0.0932303930599052
4952,0.28011894142134997,0.2982814971006853,0.08215605712320583,0.08607880724174653,0.1040478303830115
4953,0.3153137079988106,0.5984958706729924,0.10439139169939728,0.11160099396521117,0.1290281522667515
4954,0.37545445534740807,0.6232366895097523,0.13218555991963654,0.08359531416400419,0.12693540553666827
4955,0.31527009614431556,0.18880337374802314,0.2005321363282593,0.09776215832445859,0.09527892683090214
4956,0.2918069184260085,0.07043401862590051,0.1243968216619305,0.1059311324103656,0.07639999330106678
4957,0.3243413618792744,0.04932700755578984,0.10526742565476298,0.08882783102591403,0.12901341461372276
4958,0.3191733571216176,0.08187664733790194,0.1710655396477764,0.1591153709620163,0.13841603724606857
4959,0.34987610268609376,0.3506237919522053,0.09233397889554555,0.19560241391551292,0.11471789117583017
4960,0.33022896223609866,0.16924266385521,0.13771253778348924,0.18974511892083773,0.10030446651370764
4961,0.2899534146099712,0.18385520998067126,0.15410233669387682,0.1331870784522541,0.10448995997387411
4962,0.3041926851025869,0.11403971182568967,0.12317037412441854,0.11655236066737656,0.13997822846711658
4963,0.2850470809792843,0.09811280969952554,0.09903962062661761,0.1676279730209442,0.10407730568906898
4964,0.2661849539101992,0.12517308030223154,0.12079711849988226,0.16962726304579334,0.08172028604444742
4965,0.25251263752601844,0.1213846424178527,0.11539756375681001,0.15252396166134186,0.09734219825492792
4966,0.2624343344236296,0.1799894570374275,0.11085811507900589,0.14930635427760025,0.12152668687511511
4967,0.23118644067796612,0.0865928659286593,0.12603739434197903,0.1418714944976925,0.1327420408299978
4968,0.23288730300327085,0.06780530662449483,0.11584354467954162,0.15105573304934325,0.09253772336755364
4969,0.20124690256715227,0.06989281321384638,0.09687342757334969,0.10474405395811139,0.11458525229857147
4970,0.2088789771037764,0.06471270426989985,0.10055277018588568,0.07762868299609509,0.07161025606672133
4971,0.19884825056992764,0.04607977508346511,0.08193306666183998,0.07890947816826405,0.1006876454924553
4972,0.23064129249677867,0.06208399226849407,0.09279588770837476,0.09883990060347886,0.10367938905729257
4973,0.1851977401129943,0.051337199086276576,0.1032605115024706,0.09944905928292509,0.07519150575270883
4974,0.20342749529190202,0.1249411351256369,0.10698763778529921,0.11556833510827115,0.10437205874964404
4975,0.2443790266627019,0.08558777016341587,0.0813278068381328,0.0791437699680511,0.1063763795615548
4976,0.2817107741104173,0.06332103321033204,0.08876613151369252,0.07905005324813626,0.09886017651688966
4977,0.3031896124492021,0.1506097346687752,0.1298760158554906,0.1358892438764643,0.09884543886386092
4978,0.36189116859946474,0.23016693024073093,0.1164010208329562,0.09880866169684056,0.07538309524208268
4979,0.3340231935771632,0.21911087682305397,0.09873699071476398,0.16993965211217604,0.07392406759223587
4980,0.23764099514322523,0.20210156387278158,0.13186700211768537,0.13681079162229318,0.12605114635494294
4981,0.3154881554167906,0.16220699349850637,0.1219439265869065,0.12575221867234648,0.12249937197501291
4982,0.2527961145802359,0.046930240730978706,0.17507936795236115,0.09963649272275468,0.10052553130913902
4983,0.24826048171275647,0.11148831488314881,0.09993158247208092,0.11633368832090878,0.11686958851802845
4984,0.30820497571612643,0.15014584431558597,0.12164129667505287,0.10385374511892081,0.09255246102058247
4985,0.25362473981564077,0.19197329116148304,0.15397491357309626,0.12103514376996802,0.11666326137562588
4986,0.27248686688472595,0.2211983834124056,0.17466524280982454,0.1384664536741214,0.09766642662156046
4987,0.35567647933392804,0.13530135301353008,0.10166772249271476,0.1274078807241746,0.11796017484215632
4988,0.244030131826742,0.11017395888244591,0.10996615323354267,0.13599858004969825,0.09361357203865278
4989,0.3139835464367132,0.342119135477069,0.09338521964198443,0.14410507632232872,0.12413525146120481
4990,0.24289622360987212,0.29031804603760325,0.19291860486162643,0.13740433084842033,0.1409067006079282
4991,0.24344137179105957,0.4265471797575119,0.16426433057611903,0.18758963436279721,0.11091557669441138
4992,0.2483040935672515,0.29395185380425237,0.14180600553856176,0.12896982605608798,0.10416573160724148
4993,0.2414352264842898,0.14488842031277452,0.14833644047856068,0.16142705005324814,0.08746797072566186
4994,0.20637129547031421,0.0528061852047092,0.10082354431754413,0.09018672346467872,0.08739428246051809
4995,0.22357617206858948,0.06556316991741343,0.1028623142500316,0.10793042243521472,0.10960392557485218
4996,0.20722172663296656,0.0563626779124934,0.10171550616300744,0.09227973020944259,0.07777059503274099
4997,0.18711666171077404,0.10909154805833768,0.10942460497022569,0.07530138445154415,0.10765855537505649
4998,0.22433937952225194,0.057522403795466456,0.10440731958949477,0.08109620163294276,0.07707792534038951
4999,0.2496996729110913,0.1412546125461254,0.10670093576354317,0.106446574369897,0.09530840213695962
5000,0.25188026563584104,0.03904410472676156,0.11176600481456678,0.10008945686900952,0.10133610222572056
5001,0.2810347903657448,0.04345106308205934,0.13819037448641602,0.10224494142705004,0.10513841670713937
5002,0.2703280800872237,0.02056580565805656,0.13906640844178175,0.1444487042953496,0.13259466429971029
5003,0.28681336108633165,0.042523282375680836,0.1645032489275823,0.10942988995385154,0.12555006615196532
5004,0.35068292199425116,0.023967668248111015,0.15660301543919347,0.12472133475328358,0.15341896802934124
5005,0.2582694023193577,0.04128624143384286,0.156220746076852,0.10564998225062117,0.1626300011723133
5006,0.29296263257012584,0.04700755578984352,0.1795391771796774,0.12315938942137018,0.1009087102878866
5007,0.2579205074833977,0.021570901423299888,0.15856214592119308,0.15939652112176064,0.09856542345631458
5008,0.46616711269699673,0.1322860657178,0.17221234773480054,0.1265956691515797,0.12403208789000349
5009,0.3510318168302111,0.0491723774380601,0.1935397925754312,0.12192545260915862,0.16998409003366216
5010,0.2567865992665279,0.049713582850114214,0.1720052851635323,0.1760156194533191,0.1724747533955217
5011,0.2512042818911686,0.02327183271832716,0.14124852938514718,0.14988427405040822,0.18923146488921636
5012,0.2527961145802359,0.04979089790897904,0.16598454270665527,0.13632658856939997,0.20271641741052732
5013,0.23088115769650105,0.033941310841679825,0.11327915437383476,0.1555541356052538,0.1293081676742978
5014,0.2402140945584299,0.05582147250043927,0.1640731958949483,0.14535463258785938,0.1429847096849826
5015,0.22854792348101888,0.14697592690212619,0.10907419138807936,0.1307816826411075,0.15204836629766705
5016,0.2242957676677569,0.0636302934457916,0.12438089377183298,0.12967270145544899,0.16366163688432614
5017,0.20091981365843983,0.04244596731681601,0.15343336530977927,0.0878281860134895,0.14718494079817782
5018,0.20323124194667455,0.0279880513090845,0.10114210211949536,0.12019169329073483,0.1450627187620371
5019,0.20658935474278914,0.050332103321033154,0.10604789226954331,0.13042243521476743,0.12914605349098154
5020,0.22174447417979976,0.027292215779300646,0.09201542109359441,0.1028384806531771,0.15854767128334807
5021,0.1791356923381901,0.04267791249341057,0.0888457709641803,0.08044018459353913,0.16233524811173822
5022,0.21620576865893545,0.027060270602706,0.09486651342105731,0.08506354277600282,0.1321672723618763
5023,0.2665774606006542,0.0504867334387629,0.07892269543340151,0.10978913738019162,0.0824571686958851
5024,0.2654435523837843,0.026132489896327497,0.10899455193759158,0.1030259140930067,0.10375307732243635
5025,0.2696520963425512,0.07105253909681954,0.1182008724139803,0.13235924742634,0.12613957227311545
5026,0.33594211517494293,0.2315586013002987,0.10346757407373885,0.16420731274405392,0.11294937281237957
5027,0.30929527207850127,0.2310173958882446,0.1452782855798295,0.1505871494497692,0.11695801443620096
5028,0.26773317474477154,0.18741170268845544,0.15488280330865717,0.09668441604543841,0.11936025187988811
5029,0.2454911289523243,0.19993674222456512,0.1621618490832413,0.14730706425275114,0.17455276247257623
5030,0.3029279413222321,0.12409066947812329,0.14311209252656149,0.18329428470003542,0.17200314849860154
5031,0.28997522053721875,0.04932700755578984,0.12148201777407731,0.0944664536741214,0.15607174557451725
5032,0.29762910100109025,0.027678791073624944,0.11990515665441905,0.11544337948171812,0.11347992832141478
5033,0.29520864307661804,0.04832191179054642,0.11574797733895634,0.14009087681931126,0.12684697961849575
5034,0.2935295866785608,0.026673695308381616,0.10972723488207922,0.14777564785232516,0.15990353536199353
5035,0.2931588859153533,0.0667228958003865,0.09733533638617889,0.12331558395456159,0.1450627187620371
5036,0.27584497968084054,0.037884378843788404,0.1224536190700284,0.16097408590699322,0.12608062166100042
5037,0.27787293091485776,0.06479001932876466,0.1602664301616318,0.2195001774937877,0.15498115925038938
5038,0.2746020418277331,0.047239500966438176,0.1533218700790964,0.24700603478878239,0.16086148280886262
5039,0.2541916939240757,0.2508100509576524,0.11609839092110256,0.1585999290024849,0.13319890807388923
5040,0.22085043116265238,0.20836408364083636,0.1005686980759832,0.11956691515796941,0.12807020481988243
5041,0.20211913965705222,0.16352134949920924,0.09043855997393616,0.11303798367057152,0.1375023027582857
5042,0.2028169293289721,0.16437181514672283,0.08967402124925332,0.12359673411430594,0.13028085277419565
5043,0.2209594607988898,0.07507292215779295,0.12353671559666238,0.10424423145189918,0.12248463432198417
5044,0.20567350579839422,0.027214900720435736,0.08405147604481522,0.07423926162584307,0.12158563748723014
5045,0.18934086629001878,0.04832191179054642,0.09185614219261885,0.07950301739439118,0.09160925122674213
5046,0.2218971156705322,0.0207204357757863,0.12965302539412477,0.09395101171458992,0.08260454522617272
5047,0.3389731390623451,0.048476541908276154,0.11184564426505457,0.11959815406460768,0.1209961313660799
5048,0.303538507285162,0.024431558601300224,0.0991192600771054,0.09994888178913731,0.11467367821674398
5049,0.3986777678659927,0.13151291512915125,0.0864725153396441,0.12076961306354278,0.09118185928890817
5050,0.28070770145703233,0.14898611843261292,0.15303516805734038,0.1471821086261981,0.10084975967577156
5051,0.2654871642382793,0.05327007555789841,0.13865228329924523,0.1959460418885339,0.0871437423590293
5052,0.32584597085935174,0.03494640660692315,0.14215641912070806,0.18430954916577913,0.1357337843948351
5053,0.25835662602834775,0.04770339131962747,0.114967510724176,0.22462335818246357,0.0816171224732461
5054,0.24134800277529983,0.03239500966438229,0.0929870223895455,0.2222648207312744,0.1027656545695098
5055,0.29924273961740505,0.1223124231242312,0.15673043855997387,0.22805963791267306,0.1522104804809834
5056,0.29889384478144515,0.07545949745211733,0.1513945953772919,0.19894497692580757,0.1653122540235467
5057,0.2938784815145208,0.04399226849411346,0.17864721533421418,0.16856514022009225,0.18998308519368287
5058,0.29152344137179104,0.034405201194869034,0.17593947401762927,0.18482499112531062,0.13797390765520587
5059,0.3431162652393696,0.05690388332454751,0.2268290828793281,0.2574085906993255,0.19733717405503173
5060,0.29300624442462087,0.039739940256545404,0.17785082082933626,0.3123265885694,0.20472073822243805
5061,0.3212449202101298,0.09076787910736242,0.17030100092309358,0.2603138090166844,0.21123478086114783
5062,0.403475071860442,0.1416411878404498,0.14419518905319553,0.19917926872559452,0.19318115590092272
5063,0.3822579046486272,0.06417149885784572,0.11311987547285919,0.1137408590699325,0.19503810018254594
5064,0.2447279214986619,0.043914953435248635,0.09945374576915413,0.12476819311324104,0.20225955016663588
5065,0.21522450193279807,0.05674925320681778,0.12221470071856504,0.12597089101881434,0.13122406256803598
5066,0.2129784914263058,0.0320084343700579,0.09059783887491173,0.11942634007809727,0.10151295406206556
5067,0.22089404301714735,0.0518784044983307,0.10195442451447079,0.12089456869009581,0.10823332384317798
5068,0.20824660521359897,0.026982955543841086,0.07092689460442723,0.08637557685481007,0.12661117717003564
5069,0.1861790068391317,0.0423686522579511,0.1070354214555919,0.10515015974440894,0.10910284537187447
5070,0.23870948557835261,0.029843612721841422,0.12234212383934552,0.08496982605608798,0.0825013816549714
5071,0.27250867281197344,0.05079599367422245,0.10198628029466589,0.11428753993610219,0.14100986417912942
5072,0.3377520071364853,0.04994552802670878,0.10311716049159254,0.17284487042953495,0.14145199376999215
5073,0.31618594508871045,0.13406431207169212,0.10590454125866525,0.13995030173943912,0.14385423121367918
5074,0.3303379918723361,0.029457037427517128,0.09285959926876504,0.1081490947816826,0.16155415250121416
5075,0.29778174249182277,0.059532595325953196,0.11942731995149233,0.18841746538871135,0.2300252884728107
5076,0.2415442561205273,0.028065366367949325,0.1303857083386124,0.11984806531771384,0.14923347456917485
5077,0.24433541480820695,0.0558987875593041,0.09994751036217843,0.1683152289669861,0.13344944817537802
5078,0.27111309346813356,0.10824108241082409,0.10346757407373885,0.2213745118920838,0.14156989499422212
5079,0.29291902071563086,0.164294500087858,0.17044435193397164,0.19013560525381612,0.16291001657985965
5080,0.3064168896818316,0.04337374802319451,0.15356078843055976,0.17635924742634007,0.14242467886988996
5081,0.34667063138071164,0.10916886311720259,0.19675722637513798,0.20563010294639683,0.16174574199058792
5082,0.2925047080979284,0.04383763837638372,0.18160980289235998,0.18651189208377703,0.1494250640585486
5083,0.2912399643175736,0.06347566332806177,0.16061684374377813,0.1966020589279375,0.124002612583946
5084,0.33546238477549806,0.04175013178703215,0.12648337526471065,0.22248349307774223,0.14344157692887405
5085,0.3094697194964813,0.05164645932173605,0.15330594218899882,0.17036137735179263,0.1543769154762104
5086,0.3723362077510159,0.13244069583552975,0.16348386396133863,0.18124813631522893,0.19163370233290344
5087,0.2898225790464863,0.17303110173958883,0.10875563358612823,0.11944195953141638,0.10835122506740796
5088,0.2635246307860046,0.04159550166930233,0.10139694836105631,0.11310046148384797,0.15206310395069578
5089,0.24457528000792936,0.04955895273238439,0.07739361798403585,0.1003081292154774,0.13739913918708446
5090,0.2313390821686985,0.025823229660868027,0.11326322648373717,0.10357259495917638,0.09486627254609702
5091,0.2249717514124294,0.04824459673168159,0.09787688464949587,0.08781256656017032,0.09862437406842954
5092,0.22632371890177422,0.01700931295027228,0.08287281217759597,0.08126801561945327,0.09488101019912575
5093,0.19568639111904051,0.04762607626076256,0.10002714981266629,0.07994036208732692,0.1276575505350773
5094,0.24577460600654175,0.021957476717624273,0.13199442523846586,0.11519346822861196,0.10403309272998268
5095,0.2667519080186341,0.04669829555438405,0.09099603612735065,0.14243379481718138,0.13663278122958913
5096,0.3248865100604619,0.017937093656650787,0.09695306702383746,0.12231593894213698,0.13045770461054074
5097,0.28905937159282385,0.047548761201897646,0.09426125359735013,0.08234575789847351,0.21004103096581872
5098,0.3644642680146694,0.18114918292040064,0.07210555847164647,0.14872843450479228,0.18000569409321568
5099,0.3387332738626227,0.1647583904410472,0.11205270683632283,0.22210862619808308,0.18184790072181006
5100,0.2578550897016552,0.02682832542611135,0.13315716121558752,0.19813276535321264,0.17984357990989933
5101,0.2561760333035979,0.04430152872957293,0.10499665152310445,0.14663542776002833,0.15999196128016616
5102,0.26374269005847956,0.03131259884027405,0.13431989719270937,0.15835001774937876,0.21244326840950575
5103,0.32096144315591235,0.04167281672816724,0.17555720465528785,0.14045012424565134,0.18361641908526066
5104,0.31117058182178603,0.026673695308381616,0.13680464804792844,0.18704295349662753,0.22762305102912364
5105,0.3600812766379225,0.067650676506765,0.13764882622309904,0.1439176428824991,0.18394064745189329
5106,0.46810784022202395,0.11342119135477065,0.12957338594363696,0.10627476038338658,0.16329319555860722
5107,0.40316978887897703,0.05064136355649263,0.12117938786222368,0.14082499112531052,0.208095660766023
5108,0.3348736247398156,0.01785977859778596,0.11611431881120016,0.20580191693290734,0.16909983085193678
5109,0.2710476756863911,0.05311544544016867,0.12643559159441795,0.16119275825346108,0.19133894927232836
5110,0.25988304093567244,0.02466350377789487,0.14140780828612284,0.1361235356762513,0.2265914153171107
5111,0.25491128952324305,0.051801089439465785,0.1384292928378794,0.10543130990415328,0.1823047679657014
5112,0.2315135295866786,0.019406079775083407,0.1345269597639776,0.10351011714589982,0.15579173016697093
5113,0.20414709089106947,0.048940432261465446,0.11601875147061477,0.09818388356407523,0.1769549999162633
5114,0.199567846169095,0.028993147074327832,0.10384984343608028,0.08660986865459702,0.13570430908877762
5115,0.21611854494994545,0.046311720260059676,0.1135817842856884,0.09334185303514377,0.10385624089363768
5116,0.23109921696897615,0.023581092953786634,0.10663722420315298,0.0827050053248136,0.11560215035755557
5117,0.1963187630092179,0.14581620101915302,0.11122445655124971,0.09860560880369179,0.11890338463599667
5118,0.24618891862424422,0.035332981901247534,0.13119803073358793,0.08251757188498401,0.13207884644370382
5119,0.2548894835959956,0.04716218590757335,0.10026606816412965,0.07817536386226476,0.10611110180703719
5120,0.3302071563088512,0.022962572482867687,0.10843707578417701,0.09323251686190984,0.13087035889534587
5121,0.35101001090296363,0.04924969249692492,0.11713370377744385,0.1504309549165779,0.20687243556463633
5122,0.3185845970859352,0.023967668248111015,0.10859635468515266,0.11544337948171812,0.20875885515231693
5123,0.31834473188621265,0.04476541908276223,0.1303538525584173,0.10950798722044719,0.16385322637369998
5124,0.22281296461492708,0.02458618871903005,0.10421618490832411,0.11150727724529641,0.16245314933596822
5125,0.28336802458122706,0.04461078896503249,0.1219917102571992,0.14982179623713165,0.1200676592252684
5126,0.2566775696302904,0.032626954840976934,0.1462658147658781,0.11778629747958813,0.18118470633551603
5127,0.2525562493805134,0.02133895624670524,0.18477945302177418,0.07769116080937165,0.15667598934869623
5128,0.2539300227971057,0.04986821296784395,0.1075132581585187,0.16163010294639685,0.19925306894876987
5129,0.3015977797601348,0.12424529959585305,0.15974080978841243,0.15082144124955627,0.195996047629415
5130,0.27261770244821093,0.1372342294851519,0.11434632301037122,0.17195456159034428,0.17842832308954795
5131,0.2811220140747348,0.042291337199086274,0.14675957935890238,0.11235072772452963,0.1507331781413809
5132,0.2979125780553078,0.03007555789843607,0.13678872015783086,0.13193752218672344,0.21795986669122944
5133,0.3031896124492021,0.05203303461606043,0.14706220927075603,0.1057593184238551,0.2230179765872285
5134,0.2778293190603627,0.05613073273589875,0.13518000325797747,0.11542776002839901,0.19307696069400948
5135,0.25872732679155513,0.09950448075909325,0.1023685496570073,0.11763010294639682,0.19666646346569308
5136,0.23559123798196052,0.04175013178703215,0.0995652409998371,0.11297550585729495,0.20193532180000337
5137,0.2221587867975022,0.06100158144438583,0.13076797770095383,0.10249485268015611,0.16584280953258188
5138,0.22119932599861228,0.016313477420488425,0.12363228293724765,0.0878281860134895,0.18144998409003366
5139,0.21474477153335317,0.054816376735195856,0.09666636500208142,0.08487610933617323,0.1412898795866758
5140,0.20562989394389922,0.02914777719205757,0.10537892088544586,0.08565708200212988,0.15138517191137313
5141,0.1828208940430171,0.16066069232120891,0.09845028869300794,0.07289598864039755,0.15540855118822325
5142,0.24653781346020412,0.025436654366543642,0.1153497800865174,0.09969897053603123,0.12864497328800384
5143,0.24420457924472194,0.04476541908276223,0.12049448858802872,0.09152999645012423,0.21142637035052167
5144,0.3194786401030825,0.027524160955895206,0.0822834802439863,0.09640326588569398,0.13762020398251576
5145,0.33936564575280004,0.041054296257248206,0.08139151839852299,0.07036563720269785,0.19889936527607976
5146,0.30678759044503917,0.04414689861184319,0.1117182211442741,0.09431025914093001,0.25288338832040996
5147,0.3297928436911488,0.3216306448778774,0.09989972669188582,0.1199105431309904,0.26566093349634073
5148,0.3338923580136782,0.8054682832542611,0.1346543828847581,0.1512900248491302,0.28866640987422754
5149,0.2568302111210229,0.7679704797047971,0.135594128400514,0.13706070287539934,0.3359448007904741
5150,0.26127862027951226,0.6405552626954841,0.10518778620427519,0.13837273695420657,0.21497814473045163
5151,0.3063078600455942,0.6887998594271658,0.12043077702763845,0.16872133475328357,0.24734203078159803
5152,0.30024581227078995,0.7211948690915481,0.11953881518217523,0.12811075612353567,0.2110874043308603
5153,0.3384716027356527,0.6409418379898085,0.10442324747959236,0.1495406460773872,0.28381772202776706
5154,0.276390127862028,0.5584466701809876,0.1023366938768122,0.10060489882854091,0.2710401768518363
5155,0.4902626623054812,0.34343349147777186,0.14279353472461034,0.1807795527156549,0.17549597226641656
5156,0.5144890474774507,0.31235283781409245,0.13761697044290394,0.18362229321973725,0.19602552293547248
5157,0.42305679452869455,0.2945703742751713,0.10826186899310393,0.13543627973020939,0.21967945604662456
5158,0.352078501338091,0.3140537691091197,0.11162265380368872,0.11042953496627614,0.22725460970340472
5159,0.22747943304589158,0.3601335441925848,0.10990244167315238,0.1183798367057153,0.2558161812731322
5160,0.23672514619883034,0.23349147777192056,0.11573204944885876,0.1478381256656017,0.22311332920232455
5161,0.2008980077311923,0.07553681251098224,0.1126898224402251,0.09776215832445859,0.13017768920299438
5162,0.20403806125483193,0.032317694605517464,0.09005629061159473,0.10433794817181392,0.17671919746780324
5163,0.22063237189017734,0.04584782990687047,0.07836521927998694,0.10055804046858355,0.12553532849893656
5164,0.20593517692536423,0.04607977508346511,0.11017321580481093,0.09070216542421011,0.156808628225955
5165,0.17619189215977793,0.03602881743103139,0.08019692664120615,0.07067802626908055,0.17101572574567492
5166,0.21668549905838036,0.05218766473379017,0.11843979076544367,0.10149520766773158,0.15185677680829324
5167,0.247933392804044,0.03463714637146368,0.09324186863110645,0.08864039758608444,0.14254258009412
5168,0.3044761621568044,0.05195571955719552,0.08894133830476568,0.10786794462193816,0.19794141782921063
5169,0.25781147784716024,0.04020383060973462,0.10875563358612823,0.12483067092651752,0.24007636783842168
5170,0.4211160670036674,0.052419609910384815,0.12407826385997935,0.1494313099041533,0.2968605449582154
5171,0.3345247299038557,0.1516148304340186,0.14597911274412206,0.1270330138445154,0.25217598097502975
5172,0.2767390226979879,0.049095062379195184,0.1401495049684157,0.1527894923677671,0.21677613839995977
5173,0.3388641094261076,0.04669829555438405,0.13506850802729461,0.20509904153354624,0.23332652275125187
5174,0.2934423629695708,0.03239500966438229,0.12423754276095492,0.1837316293929712,0.2136959689169499
5175,0.36398453761522453,0.052883500263574024,0.10416840123803142,0.15510117145899888,0.23369496407697068
5176,0.3330637327782733,0.031389913899138956,0.09109160346793602,0.12387788427405037,0.17176734605014152
5177,0.3977401129943502,0.1777473203303461,0.10150844359173918,0.1197387291444799,0.18855353284989362
5178,0.3170363762513629,0.2742365137937094,0.12304295100363806,0.1101640042598509,0.1932990571251528
5179,0.3566795519873129,0.23124934106483924,0.097223841155496,0.09834007809726654,0.2430975867093165
5180,0.3899117851124987,0.24640309260235452,0.12544806240836937,0.12356549520766767,0.26571988410845576
5181,0.3187808504311626,0.24648040766121943,0.1351162916975873,0.10850834220802268,0.21833832962100783
5182,0.3089681831697889,0.20550342646283604,0.127948741153686,0.11231948881789133,0.2399732042672204
5183,0.26646843096441664,0.12532771041996127,0.13594454198266032,0.12640823571175008,0.2284925725578201
5184,0.22617107741104167,0.24261465471797578,0.08666365002081478,0.13070358537451188,0.18003516939927316
5185,0.2148974130240856,0.1087049727640133,0.10684428677442123,0.10108910188143412,0.1574128720001339
5186,0.2297472494796312,0.03216306448778773,0.08618581331788806,0.11803620873269428,0.13414211786772948
5187,0.23615819209039546,0.04669829555438405,0.09696899491393506,0.08326730564430239,0.1995772973154025
5188,0.23064129249677867,0.036801968019680165,0.09625223985954491,0.09843379481718138,0.1575012979183065
5189,0.20833382892258895,0.0523422948515199,0.0879060254484244,0.07842527511537092,0.12588903217162667
5190,0.24106452572108228,0.03131259884027405,0.08381255769335187,0.08500106496272626,0.15545276414730955
5191,0.2496124492021012,0.05296081532243894,0.09034299263335077,0.09941782037628681,0.24619249384535513
5192,0.28777282188522146,0.022962572482867687,0.1005209144056906,0.0944820731274405,0.21225167892013191
5193,0.3019684805233423,0.04778070637849229,0.10169957827290985,0.10660276890308838,0.20964311433404223
5194,0.4268946377242541,0.0668002108592514,0.10759289760900648,0.1096641817536386,0.20653346954497495
5195,0.467540886113589,0.1751186083289404,0.11348621694510302,0.2220773872914448,0.24868315720721473
5196,0.4242779264545545,0.3610613248989632,0.12890441455953952,0.09138942137025201,0.2542539900520842
5197,0.2962335216572505,0.06308908803373747,0.1098068743325671,0.12478381256656013,0.2839208855989684
5198,0.41679849340866293,0.23913547706905638,0.10075983275715394,0.11057011004614836,0.2803838488720671
5199,0.3487640003964713,0.05381128096995253,0.16273525312675338,0.14332410365637197,0.2383668000870861
5200,0.3869679849340865,0.10282902829028288,0.14475266520661004,0.1516336528221512,0.24632513272261392
5201,0.3677569630290415,0.10623089088033734,0.12181650346612603,0.15931842385516498,0.2507611662842692
5202,0.30312419466745955,0.05064136355649263,0.16520407609187496,0.15391409300674466,0.2956815327159149
5203,0.2939875111507582,0.13104902477596206,0.19146916686274865,0.14944692935747247,0.2549613973974645
5204,0.3227713351174546,0.32147601476014764,0.135594128400514,0.1490564430244941,0.2507316909782117
5205,0.26492021012984435,0.15316113161131603,0.15774982352621766,0.13032871849485259,0.2950036006765922
5206,0.292177619189216,0.33353716394306804,0.12563919708954002,0.18685552005679795,0.2261050727671618
5207,0.2442481910992169,0.17728342997715688,0.09994751036217843,0.15760028399006032,0.1894672673376764
5208,0.23068490435127367,0.0654085397996837,0.1014606599214465,0.10296343627973015,0.15614543383966104
5209,0.23269104965804338,0.03146722895800379,0.13720284530036736,0.12362797302094422,0.1371043861265093
5210,0.2271305382099316,0.036801968019680165,0.07368241959130474,0.09276393326233581,0.12229304483261036
5211,0.2082684111408464,0.0279880513090845,0.09096418034715555,0.10143272985445503,0.1330515315436016
5212,0.2083120229953414,0.03556492707784219,0.0813755905084255,0.08090876819311317,0.12745122339267473
5213,0.22183169788878973,0.037265858372869366,0.09972451990081266,0.09798083067092646,0.14581433906650362
5214,0.24647239567846166,0.025359339307678728,0.13170772321670982,0.06799148029818954,0.1630573931101472
5215,0.2674715036178016,0.05342470567562815,0.09469130662998425,0.07987788427405038,0.19334327008423907
5216,0.37366636931311326,0.044997364259356874,0.10791145541095762,0.11430315938942127,0.1900862487648842
5217,0.3157498265437605,0.05373396591108762,0.12589404333110096,0.10236989705360307,0.17523069451189896
5218,0.29967885816235496,0.17743806009488663,0.08585132762583934,0.1183798367057153,0.17925407378874908
5219,0.29834869660025765,0.09571604287471441,0.07470180455754852,0.18340362087326936,0.22620823633836307
5220,0.2738170284468232,0.19978211210683539,0.14065919745153752,0.12675186368477098,0.1413488301987908
5221,0.23399940529289326,0.12687401159725883,0.10999800901373777,0.14660418885339005,0.19052837835574682
5222,0.2700882148875012,0.2085187137585661,0.09117124291842381,0.14916577919772803,0.16983671350337454
5223,0.348044404797304,0.1837005798629415,0.129461890712954,0.23190202342917995,0.1481871012041332
5224,0.3272415502031915,0.4505921630644878,0.13436768086300196,0.14098118565850193,0.23714357488569943
5225,0.3146377242541381,0.42128975575470035,0.13709135006968445,0.1966801561945332,0.19262112508583004
5226,0.2938566755872733,0.2992865928659286,0.17780303715904355,0.16008377706780264,0.20871464219323071
5227,0.3422440281494697,0.22599191706202776,0.2730358920523448,0.19236918707845221,0.22790306643666997
5228,0.3871424323520666,0.13468283254261115,0.18079748049738453,0.22134327298544543,0.23083585938939222
5229,0.300376647834275,0.11581795817958176,0.14814530579739,0.21829747958821438,0.26956641154896077
5230,0.300376647834275,0.24400632577754347,0.14214049123061048,0.18006105786297472,0.2332528344861081
5231,0.26502923976608184,0.051801089439465785,0.14851164726963384,0.12884487042953496,0.19091155733449447
5232,0.2363108335811279,0.054197856264276915,0.08865463628300962,0.13537380191693285,0.1620110197451056
5233,0.2112558231737536,0.049713582850114214,0.12847436152690542,0.13698260560880368,0.1142315486258813
5234,0.24483695113489937,0.04221402214022136,0.0832550815399373,0.10853958111466096,0.133213645726918
5235,0.22104668450787981,0.03401862590054465,0.09368784955383806,0.11264749733759316,0.14146673142302085
5236,0.25772425413817024,0.046311720260059676,0.10334015095295838,0.0888434504792332,0.13568957143574886
5237,0.21914956883734754,0.028451941662273713,0.09816358667125191,0.10524387646432369,0.14556379896501484
5238,0.25584894439488554,0.044224213670708105,0.13119803073358793,0.09659069932552357,0.12976503491818925
5239,0.320067400138765,0.23016693024073093,0.12978044851490522,0.12255023074192395,0.1559980573093735
5240,0.32658737238576663,0.11025127394131083,0.11302430813227382,0.15730351437699677,0.18604813183500526
5241,0.3216374269005848,0.15818661043753288,0.12821951528534448,0.11830173943911963,0.16038987791194245
5242,0.29675686391119044,0.05156914426287113,0.14510307878875633,0.18295065672701455,0.15222521813401216
5243,0.2519456834175835,0.04066772096292391,0.13949646147441577,0.21397089101881434,0.18749242183182324
5244,0.2545842006145307,0.06247056756281845,0.14685514669948777,0.11792687255946036,0.18276163520959282
5245,0.24895827138467633,0.04762607626076256,0.11261018298973731,0.15169613063542775,0.21309172514277103
5246,0.2649638219843394,0.0798664558074152,0.1580046697677786,0.16212992545260912,0.19976888680477636
5247,0.2859629299236793,0.37791600773150585,0.1611583920070951,0.145307774227902,0.19662976670965143
5248,0.3090336009515314,0.11604990335617642,0.1594541077666564,0.247193468228612,0.20426387097854662
5249,0.29917732183566265,0.08535582498682123,0.15653930387880322,0.12247213347532829,0.22125638492070132
5250,0.2957537912578055,0.1714848005622913,0.14285724628500054,0.12684558040468583,0.20392490495888527
5251,0.2784180790960452,0.3159866455807415,0.16802331263914275,0.11524032658856932,0.265823047679657
5252,0.2766517989889979,0.28506062203479177,0.17973031186084815,0.1745005324813631,0.1853112491835675
5253,0.31252254931113094,0.24447021613073275,0.13828594182700132,0.17011146609868646,0.24211016395638996
5254,0.27061155714144114,0.29712177121771216,0.13675686437763576,0.17710898118565846,0.26088593391502407
5255,0.2898443849737337,0.14109998242839566,0.14365364078987847,0.17867092651757185,0.2220816934903117
5256,0.23369412231142822,0.24547531189597607,0.10348350196383638,0.13125026624068156,0.1702641054412085
5257,0.21036178015660614,0.024740818836759784,0.12563919708954002,0.11763010294639682,0.15588015608514344
5258,0.227370403409654,0.0320084343700579,0.10091911165812952,0.13154703585374508,0.1293376429803553
5259,0.22780652195460396,0.026905640484976266,0.07823779615920647,0.09505999290024846,0.13210832174976136
5260,0.22106849043512727,0.03355473554735544,0.10098282321851972,0.10440042598509049,0.13682437071896297
5261,0.2022499752205372,0.04484273414162705,0.107067277235787,0.08079943201987924,0.16118571117549524
5262,0.23731390623451282,0.024740818836759784,0.11382070263715176,0.08823429179978697,0.14571117549530238
5263,0.2768916641887203,0.050873308733087284,0.10488515629242155,0.12086332978345753,0.15493694629130308
5264,0.3205689364654574,0.04205939202249162,0.11077847562851811,0.10068299609513666,0.14848185426470828
5265,0.3343284765586282,0.058759444737304524,0.14194935654943974,0.13039119630812915,0.2067250590343487
5266,0.28609376548716414,0.09532946758039004,0.10909011927817697,0.12301881434149796,0.22834519602753262
5267,0.2751471900089206,0.1943700579862941,0.14597911274412206,0.15477316293929705,0.24141749426403847
5268,0.29656061056596283,0.05713582850114216,0.14975402269724336,0.1279389421370252,0.236568806417578
5269,0.2924829021706809,0.05852749956070988,0.1154453474271027,0.15658501952431658,0.21857413206946794
5270,0.2581167608286252,0.20735898787559295,0.13439953664319715,0.14780688675896336,0.17739712950712597
5271,0.32346912478937456,0.10035494640660693,0.17370956940397103,0.1720951366702165,0.21549396258645806
5272,0.2794647636039251,0.1670005271481286,0.16655794675016736,0.23799361022364215,0.25298655189161123
5273,0.3617385271087322,0.162438938675101,0.15770203985592496,0.23285481008164707,0.2637892515616888
5274,0.3294657547824363,0.18656123704094185,0.14703035349056084,0.19742988995385163,0.1861070824471203
5275,0.3593180691842601,0.13205412054120536,0.12952560227334428,0.19469648562300312,0.2476073085361156
5276,0.34278917633065714,0.09950448075909325,0.14793824322612173,0.2585331913383031,0.24149118252918225
5277,0.30813955793438397,0.1037568089966614,0.1604257090626074,0.27523038693645724,0.3061305287133024
5278,0.2900842501734562,0.18292742927429273,0.11087404296910348,0.19674263400780972,0.242404917016965
5279,0.2526870849439984,0.23851695659813738,0.1294778186030516,0.20659850905218316,0.18613655775317778
5280,0.24952522549311132,0.3252644526445264,0.09970859201071508,0.21876606318778843,0.13218201001490504
5281,0.20807215779561897,0.12107538218239323,0.11030063892559142,0.09362300319488812,0.15997722362713732
5282,0.21507186044206553,0.04051309084519409,0.10856449890495748,0.08725026624068155,0.14295523437892513
5283,0.22008722370898998,0.043219117905464774,0.10789552752086011,0.10122967696130634,0.10957445026879463
5284,0.21404698186143326,0.0432964329643296,0.0808818259154011,0.12798580049698255,0.11523370903183665
5285,0.19354941024878572,0.03378668072395009,0.11509493384495638,0.14254313099041532,0.13253571368759526
5286,0.23903657448706508,0.170479704797048,0.15166536950895035,0.08568832090876816,0.1359106362311802
5287,0.2718544949945485,0.3645405025478826,0.1178663867219316,0.0760667376641817,0.1577665756728241
5288,0.41422539399345815,0.22583728694429803,0.12181650346612603,0.11544337948171812,0.17654234563145813
5289,0.3102765388046387,0.11233878053066239,0.11417111621929808,0.15738161164359243,0.20130160271976683
5290,0.24817325800376647,0.02466350377789487,0.0776006805553041,0.111351082712105,0.23959002528847284
5291,0.23136088809594604,0.026132489896327497,0.1015243714818367,0.1533517926872559,0.2511738205690744
5292,0.25482406581425315,0.04979089790897904,0.15967709822802223,0.17732765353212634,0.17587915124516415
5293,0.2680602636534839,0.045151994377086606,0.1125942550996398,0.09698118565850194,0.19773509068680814
5294,0.29503419565863803,0.03989457037427514,0.11184564426505457,0.12390912318068865,0.18784612550451335
5295,0.3070274556447615,0.048940432261465446,0.14097775525348874,0.16872133475328357,0.1707062350320711
5296,0.35495688373476053,0.18926726410121245,0.1074336187080309,0.19379055733049338,0.21732143156202371
5297,0.2662721776191892,0.37714285714285717,0.12130681098300417,0.14029392971246005,0.20447019812094921
5298,0.2976072950738428,0.2661184326128976,0.09516914333291095,0.1526047142350017,0.2184709684982666
5299,0.3622182575081772,0.3817817606747496,0.12903183768032,0.1961131700390486,0.26804843328699907
5300,0.33731588859153533,0.3258056580565806,0.12643559159441795,0.2106917429889953,0.22753462511095104
5301,0.36125879670928734,0.327351959233878,0.13170772321670982,0.24674222222222214,0.20149319220914066
5302,0.3427237585489147,0.1376208047794763,0.14554905971148796,0.20726889598864037,0.2119274505534993
5303,0.24590544157002675,0.1560991038481813,0.13167586743651463,0.16080274050408236,0.16635862738858836
5304,0.21356725146198824,0.13159023018801616,0.09631595141993518,0.18849556265530698,0.1267290783942657
5305,0.21655466349489536,0.03950799507995076,0.13148473275534395,0.15253958111466098,0.14655122171794138
5306,0.21840816731093265,0.03007555789843607,0.10756104182881138,0.1499311324103656,0.12556480380499405
5307,0.2172306472395678,0.037265858372869366,0.10345164618364128,0.140403265885694,0.12264674850530044
5308,0.21518089007830307,0.028993147074327832,0.08768303498705854,0.15438267660631877,0.13557167021151884
5309,0.2231618594508871,0.038657529432437165,0.0874600445256927,0.10488462903798361,0.14543116008775595
5310,0.2897571612647437,0.04445615884730275,0.12417383120056472,0.1030259140930067,0.17443486124834617
5311,0.34392308454752696,0.14380600948866626,0.14097775525348874,0.12692367767128146,0.21182428698229808
5312,0.33764297750024774,0.05883675979616934,0.10921754239895742,0.1171927582534611,0.2135191170806049
5313,0.2561542273763504,0.0528061852047092,0.11284910134120076,0.11522470713525024,0.1787382559327427
5314,0.24156606204777473,0.06069232120892635,0.10622309906061647,0.15475754348597795,0.1868144897925005
5315,0.29813063732778267,0.0672641012124407,0.1556473420333399,0.1407468938587149,0.1607730568906901
5316,0.2538209931608682,0.03850289931470743,0.15059820087241388,0.1565694000709975,0.23655406876454918
5317,0.21655466349489536,0.06022843085573706,0.14693478614997554,0.1625047923322683,0.2109547654536015
5318,0.18890474774506888,0.056208047794763655,0.17520679107314152,0.1507745828895988,0.19011572407094168
5319,0.1611676082862523,0.04368300825865399,0.11335879382432255,0.165738019169329,0.1873008323424494
5320,0.348000792942809,0.09648919346336318,0.1420767796702202,0.15430457933972302,0.2261934986853344
5321,0.2505501040737437,0.11589527323844669,0.132711180292856,0.138653887113951,0.2528981259734387
5322,0.2963207453662405,0.19081356527850987,0.12729569765968607,0.20100674476393324,0.19664450436268024
5323,0.34911289523243133,0.22081180811808113,0.1248428025846621,0.16686261980830666,0.18397012275795077
5324,0.3517514124293785,0.1249411351256369,0.1384133649477818,0.1884643237486688,0.18911356366498633
5325,0.3262384775498067,0.12385872430152875,0.14301652518597618,0.1652850550230742,0.2624333874830433
5326,0.3056754881554168,0.10553505535055349,0.1803514995746529,0.2313553425630102,0.2106894876990839
5327,0.3770462880364754,0.0951748374626603,0.1482408731379753,0.1601931132410365,0.1940212021235618
5328,0.27377341659232823,0.07406782639254962,0.10907419138807936,0.1820134895278665,0.15638123628812106
5329,0.24551293487957174,0.0604603760323317,0.09553548480515477,0.12448704295349661,0.15213679221583964
5330,0.22492813955793436,0.04924969249692492,0.10665315209325049,0.16098970536031232,0.13567483378272005
5331,0.22451382694023192,0.026982955543841086,0.12637188003402777,0.15030599929002478,0.1609499087270352
5332,0.26204182773317475,0.05056404849762781,0.10692392622490902,0.14227760028398997,0.13022190216208068
5333,0.22477549806720182,0.048012651555086945,0.13667722492714796,0.13137522186723458,0.12369312187034212
5334,0.23258202002180586,0.13135828501142152,0.10275081901934872,0.07950301739439118,0.15835608179397426
5335,0.25624145108534047,0.06517659462308906,0.08610617386740027,0.12629889953851614,0.11342097770929975
5336,0.28738031519476653,0.033168160253031057,0.12063783959890668,0.15216471423500177,0.15458324261861298
5337,0.29311527406085836,0.043914953435248635,0.14468895364621975,0.1698771742988995,0.21462444105776152
5338,0.3251481811874318,0.13104902477596206,0.13388984416007527,0.18688675896343623,0.22545661603389655
5339,0.33945286946179004,0.16676858197153396,0.10531520932505559,0.17186084487042955,0.22476394634154506
5340,0.37447318862127066,0.18857142857142858,0.12731162554978367,0.16494142705005319,0.26219758503458324
5341,0.2461453067697492,0.17133017044456156,0.1508530471139749,0.21506425275115368,0.24082798814288828
5342,0.27721875309743277,0.3196977684062554,0.138333725497294,0.2029591764288249,0.1388729044899599
5343,0.2822341163643572,0.2350377789492181,0.1514423790475845,0.16611288604898822,0.14431109845757062
5344,0.3056754881554168,0.03657002284308551,0.13986280294665968,0.18046716364927218,0.21518447187285428
5345,0.30881554167905634,0.03131259884027405,0.12000072399500442,0.19076038338658144,0.27986803101606067
5346,0.27002279710575866,0.03749780354946401,0.13210592046914874,0.2965821796237131,0.16627020147041577
5347,0.29152344137179104,0.05110525390968193,0.1482568010280729,0.2501455449059283,0.20183215822880204
5348,0.25730994152046777,0.03827095413811278,0.1725149776466542,0.2428200212992545,0.15931402924084342
5349,0.2686926355436614,0.04298717272887013,0.1836963564951401,0.18618388356407525,0.17968146572658306
5350,0.25659034592130037,0.03618344754876113,0.18906405545801727,0.19230670926517565,0.20849357739779942
5351,0.24392110219050447,0.09277807063784917,0.18063820159640895,0.20347461838835632,0.1551727487397631
5352,0.23873129150560016,0.1087049727640133,0.1256551249796376,0.15528860489882854,0.14251310478806245
5353,0.2131529388442858,0.029766297662976598,0.11448967402124921,0.1409030883919063,0.18501649612299242
5354,0.21411239964317572,0.047394131084167915,0.11968216619305319,0.1081490947816826,0.12727437155632962
5355,0.23146991773218356,0.04654366543665432,0.09755832684754473,0.1122257720979765,0.16240893637688192
5356,0.2547150361780156,0.034869091548058326,0.10181107350359282,0.12779836705715297,0.15356634455962886
5357,0.20017841213202492,0.04731681602530309,0.10843707578417701,0.09666879659211922,0.168186096364154
5358,0.23777183070671024,0.028606571780003445,0.10827779688320144,0.12167554135605245,0.12552059084590775
5359,0.24418277331747446,0.04731681602530309,0.1037064924252022,0.1096954206602768,0.13089983420140341
5360,0.2737952225195757,0.04677561061324897,0.14793824322612173,0.14510472133475322,0.14252784244109118
5361,0.36500941619585686,0.031544544016868695,0.13752140310231858,0.10230741924032652,0.2640987422752927
5362,0.3868371493706016,0.13537866807239501,0.15408640880377925,0.16761235356762513,0.19587814640518494
5363,0.3626543760531271,0.27903004744333154,0.16463067204836287,0.13976286829960946,0.19385908794024548
5364,0.3187372385766677,0.16568617114742573,0.17120889065865447,0.13332765353212633,0.1905136407027181
5365,0.30249182277728215,0.045925144965735375,0.17684736375319007,0.11986368477103293,0.2619175696270369
5366,0.3081177520071365,0.06440344403444027,0.17907726836684817,0.17122044728434502,0.25587513188524724
5367,0.3186282089404301,0.1250184501845018,0.13568969574109938,0.1535079872204472,0.2993954212791613
5368,0.31365645752800075,0.10599894570374269,0.1640731958949483,0.17545331913383025,0.2824471202960928
5369,0.2974982654376053,0.0951748374626603,0.20774747054245316,0.3626056088036918,0.19326958181909534
5370,0.32351273664386954,0.18246353892110342,0.2225444804430849,0.22912176073837415,0.1735211267605633
5371,0.30574090593715925,0.1399402565454226,0.16752954804611847,0.16345757898473545,0.2172330056438512
5372,0.27309743284765586,0.46690564048497624,0.19494144690401638,0.1981640042598508,0.2687411029793505
5373,0.2928972147883834,0.08125812686698292,0.1575586888450469,0.26863897763578276,0.21743933278625377
5374,0.3047814451382694,0.17480934809348095,0.18133902876070151,0.1805921192758253,0.3183627807271692
5375,0.2775894538606403,0.15045510455104547,0.18677043928396894,0.1788739794107206,0.2921887089481
5376,0.24163147982951727,0.11218415041293266,0.14483230465709782,0.1600056798012069,0.23814573529165478
5377,0.2405629893943899,0.03850289931470743,0.10775217650998205,0.17253248136315225,0.1630131801510609
5378,0.2392764396867876,0.08667018098752412,0.10259154011837315,0.14476109336173235,0.1525641841536735
5379,0.2429834473188621,0.044688104023897314,0.12368006660754034,0.10205750798722037,0.13921187050962128
5380,0.23341064525721078,0.08450535933930763,0.10418432912812901,0.13766986155484548,0.1546716685367855
5381,0.2310774110417286,0.06479001932876466,0.13189885789788047,0.1453233936812211,0.12302992748404812
5382,0.3023173753593022,0.05543489720611489,0.17256276131694687,0.16297337593184236,0.21882467217095672
5383,0.2761066508078105,0.2672781584958706,0.1243649658817354,0.14657294994675185,0.24118169181557828
5384,0.3782238081078402,0.14542962572482862,0.13592861409256274,0.1226127085552005,0.24577983956054997
5385,0.3374031123005253,0.1289615181866104,0.13208999257905113,0.14602626908058217,0.19497914957043092
5386,0.26398255525820197,0.29573010015814444,0.1644236094770946,0.13220305289314868,0.21736564452110999
5387,0.24158786797502227,0.260938323668951,0.12968488117431987,0.11397515086971947,0.208935706988662
5388,0.3031896124492021,0.37018450184501844,0.17960288874006766,0.15805324813631513,0.18948200499070514
5389,0.31204281891168595,0.28119486909154806,0.1187105648971022,0.1406844160454384,0.16892297901559175
5390,0.327568639111904,0.401806360920752,0.16757733171641115,0.14423003194888173,0.18217212908844269
5391,0.5340271582912082,0.09069056404849761,0.1561570345164618,0.15933404330848416,0.17638023144814188
5392,0.3441629497472494,0.21215252152521522,0.21061449076001373,0.22809087681931126,0.1540232118035203
5393,0.3324095549608484,0.16483570549991214,0.24369671849264235,0.14836918707845223,0.19207583192376612
5394,0.30166319754187726,0.21903356176418906,0.1448800883273905,0.13087539936102227,0.19797089313526817
5395,0.32495192784220434,0.1786751010367246,0.15308295172763306,0.1698615548455804,0.18133208286580357
5396,0.3141143820001982,0.2458618871903005,0.14894170030226792,0.18304437344692928,0.2321032975498652
5397,0.49691347011596787,0.15988754173256015,0.1850024434831399,0.18972949946751855,0.2384257506992011
5398,0.4324115373178709,0.13383236689509745,0.20691922025738013,0.18159176428824983,0.27096648858669253
5399,0.24222023986519967,0.11303461606044626,0.10883527303661601,0.15902165424210146,0.26501247676307543
5400,0.42556447616215676,0.17388156738710245,0.11756375681007795,0.17740575079872198,0.2280946559260438
5401,0.24884924174843884,0.05852749956070988,0.1183123676446632,0.1451671991480298,0.18239319388387398
5402,0.24032312419466748,0.0689650325074679,0.1341606182917337,0.15444515441959525,0.13924134581567882
5403,0.20111606700366738,0.054197856264276915,0.09368784955383806,0.10110472133475323,0.1509725176265679
5404,0.21520269600555053,0.07886136004217179,0.10463031005086063,0.13659211927582532,0.1322556982800489
5405,0.20349291307364456,0.04097698119838338,0.11778674727144381,0.11002342917997868,0.14507745641506586
5406,0.2525998612350084,0.1385485854858548,0.16244855110499734,0.11128860489882846,0.17422853410594358
5407,0.28035880662107243,0.3191565629942014,0.1592948288656808,0.13795101171458993,0.2075651052569878
5408,0.3511408464664486,0.0911544544016868,0.12837879418632003,0.15514802981895634,0.18621024601832156
5409,0.30275349390425216,0.03858021437357225,0.10650980108237251,0.1705644302449414,0.1808604779688834
5410,0.331733571216176,0.18246353892110342,0.17988959076182373,0.18304437344692928,0.20715245097218266
5411,0.28284468232728716,0.2174872605868916,0.18527321761479845,0.20199077032303867,0.29745005107936556
5412,0.2850906928337793,0.20759093305218762,0.17988959076182373,0.18979197728079514,0.2547992832141482
5413,0.2943800178412131,0.12695132665612363,0.184604246230701,0.17318849840255587,0.19313694294183653
5414,0.24248191099216962,0.05783166403092602,0.2247266013864504,0.18955768548100807,0.20220059955452094
5415,0.33500446030330056,0.03811632402038305,0.2844402613621965,0.15358608448704295,0.2463988209877577
5416,0.30120527306967987,0.3183834124055526,0.2588600698655179,0.20386510472133468,0.16859875064895913
5417,0.2502230151650312,0.2728448427341416,0.2266698039783525,0.19621157259495917,0.28872536048634256
5418,0.23077212806026368,0.2346512036548937,0.2260963999348404,0.21978132765353212,0.2754319974544054
5419,0.2526216671622559,0.24083640836408365,0.1794754656192872,0.24869293574724877,0.26772420492036647
5420,0.29895926256318756,0.3603654893691794,0.24745570055566615,0.2312616258430954,0.3014144797441008
5421,0.2792685102586976,0.1244772447724477,0.2515173125305435,0.23430741924032655,0.31736062032121387
5422,0.2805114481118049,0.11133368476541908,0.1794276819489945,0.25186368477103305,0.32752960091105493
5423,0.2679076221627515,0.2442382709541381,0.17192564571304453,0.17937380191693283,0.3214871631692653
5424,0.21509366636931307,0.07677385345282021,0.1467755072489999,0.1859027334043308,0.2864852372259717
5425,0.2276538804638715,0.03548761201897727,0.16217777697333882,0.11071068512602057,0.19782351660498065
5426,0.2164456338586579,0.08442804428044282,0.13725062897066004,0.13545189918352857,0.1954212791612935
5427,0.2246664684309644,0.03401862590054465,0.11624174193198063,0.15172736954206603,0.1753780710421865
5428,0.22135196748934483,0.06076963626779118,0.0934967148726673,0.1345459708910188,0.1851343973472224
5429,0.2084864704133214,0.08295905816201019,0.13592861409256274,0.12548668796592122,0.23138115255145617
5430,0.24719199127762903,0.06548585485854852,0.14875056562109717,0.12026979055733049,0.2264587764398519
5431,0.26989196154227374,0.28714812862414335,0.13908233633187925,0.1374511892083777,0.22835993368056132
5432,0.32475567449697684,0.12099806712352833,0.1275664717913446,0.1389818956336528,0.15708864363350136
5433,0.3133729804737833,0.07561412756984708,0.13997429817734255,0.15004046858359954,0.18183316306878122
5434,0.2872058677767866,0.15099630996309957,0.13701171061919667,0.1621924032658856,0.1906020666208906
5435,0.3212885320646248,0.05783166403092602,0.14002208184763526,0.15664749733759314,0.2024806149620673
5436,0.26773317474477154,0.07739237392373916,0.21539285778928122,0.1899950301739439,0.13815075949155095
5437,0.23330161562097332,0.05582147250043927,0.16099911310611956,0.12390912318068865,0.1553348629230795
5438,0.2595559520269601,0.06107889650325073,0.17869499900450686,0.17239190628328002,0.17828138868885127
5439,0.3164694221429279,0.06370760850465643,0.2053423591377219,0.21993752218672344,0.22771147694729615
5440,0.28389136683516697,0.21315761729045862,0.2706626364278086,0.23829037983670567,0.2876347741622146
5441,0.24839131727624136,0.3497733263046916,0.1690426976053865,0.2584082357117501,0.24560298772420489
5442,0.2548458717415006,0.27640133544192586,0.15598182772538863,0.3224479943201987,0.2614607023831455
5443,0.2901060561007037,0.4167281672816727,0.22795741461383917,0.28027547035853734,0.21238431779739073
5444,0.33871146793537515,0.40659989457037427,0.20673063403862516,0.30101810436634713,0.20508917954815692
5445,0.3303161859450886,0.17728342997715688,0.2178298249742077,0.2819936102236421,0.26241864983001456
5446,0.2728139557934384,0.17426814268142682,0.20201343010733216,0.23699396521121763,0.31056656227495766
5447,0.23543859649122806,0.14148655772272006,0.1196662383029557,0.20967554135605246,0.25391502403242283
5448,0.22235504014272967,0.07963451063082054,0.12786910170319823,0.2215463258785942,0.18850931989080735
5449,0.2048448805629893,0.03950799507995076,0.11974587775344349,0.19369684061057854,0.1534042303763125
5450,0.203296659728417,0.0852785099279564,0.12928668392188095,0.2039900603478878,0.12102560667213745
5451,0.20846466448607395,0.10452995958531007,0.12446053322232077,0.21673553425630093,0.14865870610105336
5452,0.20639310139756167,0.09648919346336318,0.0971760574852033,0.20239687610933613,0.11342097770929975
5453,0.21404698186143326,0.06417149885784572,0.10220927075603174,0.2181100461483848,0.11695801443620096
5454,0.24372484884527704,0.12486382006677207,0.14803381056670703,0.18668370607028753,0.14078879938369812
5455,0.29666964020220044,0.2909365665085222,0.1317236511068073,0.19892935747248847,0.2015521428212557
5456,0.33644365150163535,0.06881040238973815,0.12863364042788097,0.18156052538161163,0.18590075530471772
5457,0.2521637426900584,0.037729748726058665,0.1383177976071965,0.1500560880369186,0.12861549798194638
5458,0.2279809693725839,0.182772799156563,0.1851298666039204,0.16531629392971237,0.16089095811492019
5459,0.2687798592526514,0.11226146547179758,0.20870314394830675,0.19799219027334042,0.18147945939609111
5460,0.2896917434830013,0.04437884378843784,0.19938532824123514,0.26549946751863684,0.22737251092763477
5461,0.24876201803944886,0.08667018098752412,0.16579340802548465,0.2587674831380901,0.1902041499891142
5462,0.23646347507186044,0.044688104023897314,0.23248348386396137,0.19144763933262335,0.19521495201889102
5463,0.32953117256417874,0.09849938499384993,0.21931318937899325,0.1873709620163294,0.17446433655440363
5464,0.36439885023292684,0.2382076963626779,0.21454660898839795,0.22898118565850195,0.2420512133442749
5465,0.2666210724551492,0.26232999472851865,0.2060909699723071,0.20488036918707847,0.2777458089799199
5466,0.31417979978194066,0.23519240906694783,0.19247262393889472,0.20689527866524668,0.2317053809180888
5467,0.3664704133214392,0.37691091196626253,0.23148002678781518,0.20233439829605956,0.21645191003332714
5468,0.5010784022202399,0.39956422421367077,0.23708664410215566,0.18866737664181746,0.24340707742292034
5469,0.5186975914362176,0.12756984712704267,0.18962153161143183,0.31757472488462896,0.22830098306844637
5470,0.3058063237189017,0.09996837111228256,0.233757715071766,0.21037841675541355,0.2943993569024132
5471,0.2687362473981564,0.14682129678439634,0.13561005629061157,0.20222506212282565,0.186726063874328
5472,0.2138943403707007,0.06873308733087324,0.13717098952017226,0.17471920482783096,0.15268208537790348
5473,0.22139557934383985,0.0518784044983307,0.17807381129070202,0.16795598154064603,0.15548223945336703
5474,0.21611854494994545,0.05643999297135822,0.13215370413944144,0.15305502307419236,0.13555693255849
5475,0.20970760233918123,0.032549639782112026,0.10907419138807936,0.1475101171458999,0.12948501951064292
5476,0.20772326295965896,0.050873308733087284,0.12629224058353997,0.13146893858714942,0.11893285994205423
5477,0.23269104965804338,0.02937972236865222,0.12269253742149173,0.14213702520411775,0.11763594647552379
5478,0.23373773416592325,0.05945528026708838,0.16754547593621597,0.14285552005679797,0.16140677597092665
5479,0.26727525027257404,0.09038130381303813,0.11359771217578599,0.13882570110046139,0.14327946274555778
5480,0.35486966002577064,0.18060797750834642,0.13118210284349036,0.17576570820021295,0.16812714575203896
5481,0.29080384577262364,0.06564048497627827,0.15923111730529052,0.1729073482428115,0.15496642159736057
5482,0.23816433739716517,0.14720787207872071,0.18533692917518865,0.15524174653887107,0.1699546147276046
5483,0.24586182971553175,0.11481286241433843,0.18382377961592056,0.16823713170039045,0.1423657282577749
5484,0.29677866983843787,0.06602706027060264,0.14416333327300038,0.14415193468228607,0.18887776121652627
5485,0.24900188323917138,0.0622386223862238,0.2251885101992796,0.12148810791622287,0.15761919914253655
5486,0.2773495886609178,0.09687576875768757,0.20360621911708804,0.15463258785942494,0.12384049840062963
5487,0.5171493706016453,0.052419609910384815,0.20583612373074625,0.1227689030883919,0.17362429033176463
5488,0.3362255922291605,0.06525390968195395,0.22176401382830452,0.13281221157259493,0.16747868901877377
5489,0.3189771037763901,0.06780530662449483,0.18697750185523718,0.10365069222577203,0.20703454974795263
5490,0.4713569233819011,0.21331224740818838,0.23192600771054678,0.17690592829250976,0.16731657483545742
5491,0.568218852215284,0.3217852749956071,0.23619468225669246,0.23266737664181755,0.17337375023027576
5492,0.5658202002180593,0.2284659989457037,0.23410812865391223,0.20250621228257007,0.21360754299877738
5493,0.5807572603825949,0.4206712352837814,0.18728013176709074,0.1927128150514731,0.1785171911373113
5494,0.4894122311428287,0.2880759093305218,0.18543249651577404,0.19411856585019518,0.2165255982984709
5495,0.2961026860937655,0.2523563521349499,0.19685279371572328,0.16075541356052533,0.23785098223107962
5496,0.2895609079195163,0.19375153751537513,0.15647559231841293,0.14782250621228252,0.19605499824153003
5497,0.25833482010110015,0.14380600948866626,0.15813209288855906,0.133405750798722,0.14319103682738518
5498,0.21949846367330753,0.055125636970655416,0.10463031005086063,0.13126588569400063,0.1430731356031552
5499,0.4141817821389632,0.08063960639606388,0.13940089413383047,0.11917642882499103,0.17593810185727926
5500,0.44730498562791154,0.12331751888947454,0.1042480406885192,0.11041391551295696,0.15072197752507913
5501,0.3263693131132917,0.08566508522228078,0.12012814711578489,0.10158892438764634,0.13489373817219608
5502,0.23729210030726533,0.054507116499736386,0.11491972705388331,0.13888817891373798,0.12525531309139015
5503,0.2556744969769055,0.042909857670005214,0.11625766982207822,0.1313127440539581,0.13564535847666256
5504,0.2658142531469917,0.05899138991389909,0.17256276131694687,0.13891941782037626,0.18360168143223193
5505,0.5099316086827238,0.06958355297838692,0.17597132979782437,0.13335889243876461,0.14882082028436971
5506,0.41745267122608776,0.12099806712352833,0.2547028905500552,0.15805324813631513,0.18461857949121602
5507,0.34625631876300916,0.2680513090845194,0.21182501040742815,0.16978345757898466,0.198825677010936
5508,0.37499653087521057,0.32116675452468807,0.2056131332693804,0.17361022364217252,0.22106479543132757
5509,0.3151828724353256,0.15447548761201893,0.19959239081250338,0.19350940717074896,0.16573964596138066
5510,0.3188898800674001,0.08404146898611843,0.20594761896142913,0.1763436279730209,0.15170940027800567
5511,0.28205966894637724,0.07283078545071164,0.19408134083874817,0.15920908768193107,0.16075006615196522
5512,0.3293567251461988,0.2570725707257073,0.23050842549186407,0.16937735179268718,0.1562863258026159
5513,0.3504866686490237,0.24918643472149005,0.22015529692845118,0.2082385516506922,0.2528539130143525
5514,0.30059470710674985,0.23001230012300125,0.20840051403645313,0.24100816471423497,0.28863693456816997
5515,0.35829319060362774,0.2644948163767352,0.2831501022642943,0.2572367767128151,0.24911054914504863
5516,0.31367826345524824,0.2415322438938675,0.21061449076001373,0.2694668086616968,0.18724188173033446
5517,0.3377956189909802,0.26495870672992444,0.20656880667523392,0.21298686545970882,0.23331178509822312
5518,0.3683675289919714,0.12347214900720437,0.22198700428967041,0.1922129925452608,0.23459396091172474
5519,0.2685399940529289,0.14519768054823398,0.16810295208963053,0.1623642172523961,0.19960677262145998
5520,0.25872732679155513,0.16792830785450713,0.176704012742312,0.14605750798722045,0.20896518229471958
5521,0.2253642581028843,0.07437708662800908,0.15485094752846199,0.12737664181753633,0.17434643533017366
5522,0.21989097036376246,0.07917062027763135,0.14166265452768367,0.12678310259140926,0.12061295238733225
5523,0.22043611854494988,0.06123352662098048,0.13326865644627048,0.13684203052893146,0.16899666728073554
5524,0.2496124492021012,0.04205939202249162,0.1262126011330522,0.1643947461838835,0.1516357120128619
5525,0.2282208345723064,0.0644807590933052,0.1159231841300295,0.13399929002484912,0.1364854046993016
5526,0.23149172365943105,0.06100158144438583,0.1579568860974859,0.12265956691515796,0.12998609971362057
5527,0.2765863812072553,0.05689615181866097,0.12947765932415062,0.12164039758608444,0.14048314045988172
5528,0.2785591634453365,0.03618344754876113,0.17868369020253752,0.13038088746893858,0.13206617206209909
5529,0.34310601645356326,0.05675698471270423,0.1616795525710872,0.11790984735534249,0.1761680092445278
5530,0.32543165824164927,0.05736777367773672,0.14849571937953623,0.18671494497692573,0.18380800857463447
5531,0.40829418178213894,0.1850149358636443,0.18613332368006658,0.16979907703230382,0.2285809984759927
5532,0.36114976707304985,0.14774907749077484,0.1621937048634364,0.17756194533191338,0.2784090033662139
5533,0.33945286946179004,0.08025303110173959,0.2004206410975764,0.1819666311679091,0.21755723401048385
5534,0.3369669937555753,0.09447900193287644,0.20459374830313673,0.23971175008874687,0.21640769707424093
5535,0.42150857369412226,0.07429977156914427,0.1790613404767507,0.2399772807951721,0.33261409120597546
5536,0.4054812171672118,0.08628360569319972,0.2620775036652247,0.23338587149449766,0.21094002780057275
5537,0.3224224402814947,0.11295730100158144,0.21889699361074408,0.23838409655662043,0.27211602552293546
5538,0.38603033006244425,0.196302934457916,0.27790982642219764,0.23099609513667016,0.29830483495503335
5539,0.31234810189315093,0.3275839044104727,0.19271154229035817,0.24805253816116438,0.2649387884979317
5540,0.28613737734165917,0.17086628009137225,0.1893348295896758,0.2058331558395456,0.24937582689956622
5541,0.2798790762216275,0.37961693902653315,0.20394070480913676,0.20545828895988635,0.3445368525062384
5542,0.2700882148875012,0.08272711298541555,0.21998009013737804,0.18307561235356756,0.3017829210698197
5543,0.28561403508771926,0.16104726761553328,0.15494651486904737,0.16848704295349662,0.18557652693808507
5544,0.24272177619189209,0.07074327886135999,0.11586679939908409,0.20370891018814338,0.1972634857898879
5545,0.2083992467043314,0.04685292567211379,0.12655568788575355,0.191182108626198,0.15110515650382672
5546,0.2230746357418971,0.05497100685292559,0.12369599449763792,0.17676535321263753,0.13725176265679692
5547,0.22769749231836647,0.043219117905464774,0.11324729859363966,0.12584593539226122,0.11899181055416926
5548,0.22924571315293876,0.05798629414865575,0.13099096816231967,0.15813134540291088,0.1647816985145115
5549,0.235482208345723,0.05095062379195219,0.1435580734492932,0.15191480298189564,0.15580646781999966
5550,0.26788581623550406,0.15084167984536984,0.21617332440406156,0.1720795172168974,0.19033678886637298
5551,0.31823570224997516,0.24949569495694957,0.19935347246103996,0.19404046858359952,0.20952521310981226
5552,0.35382297551789077,0.21014232999472846,0.14045213488026925,0.1883237486687966,0.2182793790088928
5553,0.31343839825552583,0.06734141627130553,0.1631015945989972,0.1809201277955271,0.16683023228550853
5554,0.28631182475963923,0.05643999297135822,0.20666437401581927,0.2254980475683351,0.21105792902480272
5555,0.2712439290316186,0.04051309084519409,0.19529186048616262,0.21106567270145543,0.1876545360151396
5556,0.25131331152740605,0.05203303461606043,0.1752864305236294,0.1342335818246361,0.26610306308720333
5557,0.3216374269005848,0.07870672992444205,0.2276573331644011,0.1625047923322683,0.1603751402589137
5558,0.2763683219347804,0.05311544544016867,0.2552444388133721,0.12217536386226477,0.16933563330039691
5559,0.32442858558826443,0.06308908803373747,0.23479302792810725,0.2000539581114661,0.2105273735157676
5560,0.3982634552482902,0.19421542786856436,0.25777697333888394,0.2398054668086617,0.24493979333791097
5561,0.33121022896223606,0.10584431558601295,0.2378511828268385,0.20766063187788425,0.1985898745624759
5562,0.27577956189909797,0.1751186083289404,0.17073105395572766,0.1533674121405751,0.2081398737251092
5563,0.30039845376152247,0.24593920224916532,0.23968289018805763,0.1683152289669861,0.21866255798764045
5564,0.35009416195856874,0.2693656650852223,0.250131586092056,0.2766829960951366,0.21527289779102676
5565,0.38877787689562887,0.15130557019855914,0.2902380133577079,0.2372907348242811,0.2789100835691916
5566,0.3167747051243928,0.08875768757687576,0.1893666853698709,0.18296627618033362,0.2591174155515734
5567,0.30146694419664977,0.12153927253558244,0.23565313399337537,0.15781895633652818,0.2547108572959756
5568,0.25506393101397556,0.0834229485151994,0.20488045032489266,0.1754845580404685,0.18855353284989362
5569,0.21829913767469517,0.0689650325074679,0.19274339807055327,0.12387788427405037,0.15362529517174392
5570,0.25717910595698285,0.05226497979265499,0.13799923980524528,0.1500717074902378,0.13813602183852214
5571,0.30689662008127666,0.05883675979616934,0.13111839128310004,0.1390131345402911,0.13260940195273901
5572,0.28419664981663195,0.05458443155860129,0.1407069811218302,0.11716151934682281,0.18317428949439796
5573,0.24241649321042716,0.1525426111403971,0.1482090173577802,0.14879091231806887,0.16361742392523984
5574,0.27621568044404793,0.14689861184326125,0.20266647360133214,0.16144266950656724,0.17188524727437157
5575,0.28729309148577653,0.3614479001932876,0.27744791760936843,0.17851473198438053,0.25328130495218637
5576,0.3672772326295966,0.09262344052011943,0.1739007040851418,0.13248420305289313,0.190999983252667
5577,0.4977202894241253,0.02868388683886836,0.19570598562869912,0.1451671991480298,0.20595870107685346
5578,0.3937932401625533,0.051337199086276576,0.13729841264095272,0.13551437699680505,0.2057965868935372
5579,0.31640400436118543,0.06919697768406254,0.17391663197523938,0.1984920127795527,0.1445174255999732
5580,0.28476360392506683,0.07499560709892812,0.17652880595123893,0.1122257720979765,0.2184709684982666
5581,0.27730597680642277,0.19429274292742926,0.24763090734673923,0.17870216542421014,0.15819396761065796
5582,0.2678203984537615,0.1642171850289931,0.17617839236909263,0.12020731274405391,0.183896434492807
5583,0.3146813361086331,0.05759971885433137,0.14473673731651243,0.17521902733404326,0.20115422618947928
5584,0.3311230052532461,0.16506765067650667,0.21337001574689135,0.25295704650337236,0.24663462343621773
5585,0.2867915551590841,0.07731505886487433,0.18477945302177418,0.11845793397231094,0.23941317345212776
5586,0.2363108335811279,0.342119135477069,0.20736520118011184,0.12714235001774934,0.21017366984307742
5587,0.3617385271087322,0.41371287998594264,0.19987909283425945,0.14932197373091935,0.19645291487330643
5588,0.4578154425612053,0.46118432612897564,0.22772104472479138,0.16248917287894923,0.2653072298236505
5589,0.3401942709882049,0.2566859954313829,0.22233741787181663,0.2612665956691515,0.3100949573780376
5590,0.2923302606799484,0.18416447021613072,0.2533330920016652,0.21701668441604535,0.3810272814054362
5591,0.26888888888888884,0.18532419609910378,0.19510072580499196,0.18254455094071706,0.2735603155197535
5592,0.22771929824561402,0.08860305745914594,0.17264240076743467,0.14488604898828536,0.21048316055668131
5593,0.2209594607988898,0.08388683886838869,0.16756140382631357,0.2021001064962726,0.17677814807991826
5594,0.24060660124888492,0.04669829555438405,0.15219672392260494,0.18171671991480295,0.16691865820368101
5595,0.23118644067796612,0.056208047794763655,0.13356555231768902,0.12848562300319485,0.1470817772269766
5596,0.22898404202596886,0.07476366192233347,0.11482415971329794,0.13598296059637907,0.1492776875282611
5597,0.2453602933888393,0.05543489720611489,0.17887020579558002,0.17578132765353202,0.10189613304081323
5598,0.2609515313707998,0.12687401159725883,0.18434939998914004,0.1497280795172169,0.20380700373465518
5599,0.26622856576469417,0.3632261465471798,0.22342051439845062,0.17879588214412487,0.2539444993384804
5600,0.35720289424125284,0.30516253733965915,0.18153016344187226,0.15386723464678737,0.24112274120346333
5601,0.27163643572207347,0.0654085397996837,0.15790910242719322,0.13129712460063891,0.2137843948351225
5602,0.2891247893745663,0.046002460024600206,0.17313616536045898,0.16551934682286115,0.24816733935120827
5603,0.28825255228466645,0.087984536988227,0.17820123441148258,0.15972452964146255,0.21997420910719961
5604,0.2517058182178609,0.047084870848708445,0.2041955510506977,0.1661285055023074,0.19240006029039874
5605,0.3063078600455942,0.058295554384115225,0.17710220999475101,0.15869364572239966,0.1760854783875668
5606,0.311475864803251,0.07955719557195565,0.22015529692845118,0.17143911963081288,0.17073571033812868
5607,0.37545445534740807,0.0577543489720611,0.1907364839182609,0.14488604898828536,0.23992457001222547
5608,0.3231202299534146,0.09386048146195741,0.22268783145396295,0.17236066737664174,0.26914344090703557
5609,0.2790940628407176,0.17496397821121068,0.20022950641640566,0.22896556620518282,0.22917050459714294
5610,0.27719694717018534,0.1466666666666666,0.23665659106952155,0.27766702165424206,0.17335901257724703
5611,0.35626523936961046,0.08844842734141621,0.22877228547123024,0.25551863684771037,0.24567667598934867
5612,0.44133016156209737,0.09942716570022843,0.18355300548426212,0.18749591764288248,0.2504369379176366
5613,0.311868371493706,0.34273765594798805,0.21939075820376835,0.24569400070997513,0.2214627120631039
5614,0.3173198533055803,0.441855561412757,0.1966775869246502,0.19931984380546675,0.2662209643114334
5615,0.22952919020715631,0.3582779827798278,0.19959239081250338,0.15697550585729497,0.20869990454020196
5616,0.2277411041728615,0.21771920576348616,0.1350844359173921,0.1649101881434149,0.15779605097888155
5617,0.2291802953711963,0.21385345282024248,0.10507629097359222,0.1895108271210507,0.15051565038267647
5618,0.21448310040638316,0.10731330170444559,0.14513493456895143,0.1459950301739439,0.1546716685367855
5619,0.2025116463475072,0.05311544544016867,0.1313254538543683,0.1158182463613773,0.14182043509571096
5620,0.22486272177619185,0.06710947109471088,0.13014678998714907,0.12301881434149796,0.14182043509571096
5621,0.2117355535731985,0.04638903531892458,0.1308157613712465,0.10260418885339004,0.11579373984692931
5622,0.2581821786103677,0.0951748374626603,0.18100454306865277,0.11916080937167195,0.20193532180000337
5623,0.2597522053721875,0.042291337199086274,0.182294702166555,0.17612495562655303,0.19813300731858452
5624,0.33336901575973826,0.07793357933579337,0.16585711958587482,0.13973162939297118,0.20139002863793942
5625,0.3487858063237188,0.07476366192233347,0.1823265579467501,0.15313312034078802,0.21928153941484815
5626,0.28417484388938447,0.22490950623791953,0.14833644047856068,0.1389818956336528,0.23764465508867708
5627,0.2739914758648032,0.16568617114742573,0.15069376821299926,0.16395740149094776,0.22831572072147513
5628,0.31479036574487057,0.09911790546476887,0.2014240981737226,0.12737664181753633,0.1906904925390631
5629,0.2667301020913866,0.1244772447724477,0.1977447555611866,0.11266311679091225,0.18616603305923532
5630,0.26786401030825646,0.2905499912141979,0.2163963148654274,0.12747035853745117,0.20573763628142216
5631,0.28535236396074937,0.39538921103496744,0.23283389744610758,0.18124813631522893,0.212369580144362
5632,0.31950044603033007,0.5017747320330346,0.22340458650835301,0.17662477813276534,0.2117505987171543
5633,0.3119992070571909,0.23070813565278503,0.258748574634835,0.1768590699325523,0.22196379226608162
5634,0.3340231935771632,0.09099982428395707,0.23104997375518108,0.17118920837770674,0.19707189630051414
5635,0.3647259391416393,0.12215779300650147,0.2443497619866422,0.1770152644657437,0.21220746596104564
5636,0.392070571910001,0.15053241960991037,0.1925204076091874,0.25642456514022005,0.2992627824019025
5637,0.3645296857964119,0.13731154454401684,0.2047211714239171,0.20644231451899175,0.32748538795196863
5638,0.31915155119437005,0.46041117554032684,0.2052467917971366,0.19385303514376995,0.2581889434107618
5639,0.27196352463078594,0.12324020383060971,0.2182280222266466,0.21209655662051824,0.16177521729664548
5640,0.22266032312419465,0.08396415392725351,0.16854702166555044,0.13927866524671634,0.1398475054847515
5641,0.2237942313410645,0.043760323317518814,0.13900460822820318,0.162004969826056,0.17817630922275624
5642,0.2317752007136485,0.08272711298541555,0.12302702311354048,0.15143059992900243,0.10438679640267287
5643,0.24557835266131428,0.05164645932173605,0.13863635540914765,0.13381185658501946,0.15561487833062582
5644,0.24780255724055905,0.05814092426638548,0.16154066136943654,0.11767696130635422,0.11651588484533837
5645,0.22850431162652385,0.061929362150764326,0.15896034317363208,0.11825488107916217,0.13001557501967803
5646,0.24863118247596386,0.14906343349147774,0.1752864305236294,0.14010649627263044,0.17556966053156034
5647,0.291392605808306,0.21826041117554026,0.1575586888450469,0.2052083777067802,0.17129574115322135
5648,0.3244721974427594,0.04886311720260054,0.15391120201270608,0.19080724174653882,0.19332853243121034
5649,0.3441629497472494,0.0897627833421191,0.1664464515194845,0.15650692225772092,0.21766039758168507
5650,0.31537912578055305,0.1760463890353189,0.1464250936668537,0.18740220092296764,0.17185577196831403
5651,0.3055664585191793,0.10275171323141798,0.18917555068870023,0.2172822151224707,0.1630279178040897
5652,0.3023827931410447,0.22877525918116318,0.16034606961211967,0.191182108626198,0.2039101673058565
5653,0.3627634056893646,0.23952205236338078,0.20118517982225917,0.19652396166134178,0.1451806199862672
5654,0.29409654078699565,0.15323844667018097,0.17471302648011722,0.17862406815761445,0.18142050878397617
5655,0.2578768956289027,0.07391319627481988,0.16002751181016844,0.18566844160454385,0.23580244846008266
5656,0.2943146000594707,0.0523422948515199,0.164949229850314,0.1843876464323748,0.29261610088593387
5657,0.3202200416294974,0.06463538921103493,0.19497330268421148,0.22306141285055017,0.22728408500946218
5658,0.3858994944989592,0.13731154454401684,0.148686854060707,0.19452467163649265,0.14264574366532126
5659,0.3030369709584696,0.2309400808293797,0.14797009900631683,0.26874831380901665,0.13596958684329521
5660,0.31749430072356033,0.2674327886136005,0.23246755597386373,0.20178771742988988,0.1407298487715831
5661,0.3281573991475864,0.33786680723950097,0.19733063041865007,0.21721973730919414,0.25606672137462105
5662,0.3143760531271681,0.32333157617290464,0.2103277887382577,0.13365566205182813,0.1944485940613957
5663,0.279900882148875,0.15640836408364078,0.22502923129830402,0.15608519701810428,0.17822243807673624
5664,0.27625929229854296,0.16545422597083115,0.20373364223786852,0.17759318423855158,0.16746395136574496
5665,0.2532104271979383,0.07089790897908972,0.14836829625875578,0.18732410365637195,0.16943879687159813
5666,0.24998314996530868,0.07499560709892812,0.15050263353182858,0.1490876819311324,0.22373231062953222
5667,0.23478441867380315,0.05303813038130376,0.15811616499846146,0.1650820021299254,0.17064728441995608
5668,0.23718307067102787,0.08079423651379371,0.1515220184980723,0.1973049343272985,0.1625415752541407
5669,0.2656834175835067,0.054816376735195856,0.18305924089123782,0.16828399006034783,0.16619651320527198
5670,0.2776112597878878,0.07723774380600942,0.14008579340802543,0.16294213702520405,0.21142637035052167
5671,0.3187590445039151,0.06069232120892635,0.14421111694329306,0.14057507987220447,0.16370584984341247
5672,0.30480325106551687,0.08960815322438935,0.15865771326177847,0.15917784877529287,0.15134095895228683
5673,0.40170879175339474,0.08040766121946932,0.18036742746475043,0.13445225417110399,0.13417159317378705
5674,0.45465358311031817,0.06633632050606221,0.17420333399699534,0.14335534256301025,0.2443797625228182
5675,0.4072256913470116,0.1398629414865577,0.17076290973592276,0.12973517926872555,0.20635661770862987
5676,0.3492219248686688,0.14782639254963975,0.19368314358630917,0.1703769968051118,0.20875885515231693
5677,0.287707404103479,0.0672641012124407,0.18446089521982295,0.13715441959531408,0.18815561621811724
5678,0.3090990187332738,0.10213319276049904,0.20018172274611298,0.1645977990770323,0.1911326221299258
5679,0.3188244622856576,0.18215427868564396,0.20124889138264943,0.14988427405040822,0.11616218117264826
5680,0.4281811874318564,0.11921982076963623,0.20816159568498976,0.1892921547745828,0.17920986082966286
5681,0.37935771632471005,0.07685116851168504,0.20632988832377055,0.21400212992545262,0.2163487464621259
5682,0.30502131033799185,0.06834651203654886,0.226255678835816,0.23766560170394035,0.17856140409639762
5683,0.3269362672217266,0.16754173256018273,0.21094897645206245,0.14841604543840958,0.1631605566813484
5684,0.40197046288036475,0.14187313301704443,0.19956053503230822,0.22042172523961662,0.19126526100718458
5685,0.3382753493904252,0.12169390265331227,0.26201379210483444,0.15874050408235704,0.2260461221550468
5686,0.3032986420854396,0.07352662098049549,0.22764140527430357,0.1383414980475683,0.23510977876773123
5687,0.30351670135791453,0.10190124758390438,0.19412912450904088,0.15647568335108267,0.18183316306878122
5688,0.2770443056794529,0.08040766121946932,0.18299552933084753,0.18715228966986147,0.23373917703605698
5689,0.2557181088314005,0.06440344403444027,0.1612380314575829,0.22265530706425274,0.18411749928823828
5690,0.2699573793240162,0.06239325250395362,0.16144509402885115,0.18702733404330843,0.15452429200649798
5691,0.244030131826742,0.04623440520119485,0.14785860377563387,0.18565282215122464,0.15708864363350136
5692,0.2413916146297948,0.07491829204006321,0.1467117956886097,0.15036847710330134,0.16335214617072225
5693,0.24810784022202392,0.14426989984185556,0.12629224058353997,0.15425772097976567,0.20081526016981793
5694,0.2710040638318961,0.06324371815146722,0.13575340730148958,0.14368335108271207,0.16407429116913128
5695,0.2781127961145801,0.04136355649270777,0.1611583920070951,0.1364515441959531,0.19269481335097383
5696,0.29562295569432046,0.046396766824811045,0.20171080019547863,0.1412154774582889,0.16485538677965533
5697,0.3018594508871047,0.059602178878931565,0.2088783507393799,0.17562513312034073,0.17627706787694056
5698,0.37726434730895025,0.11628184853277096,0.2000065159550399,0.14590131345402904,0.1870355545879318
5699,0.33363068688670827,0.11759620453347386,0.15846657858060778,0.13114093006744762,0.18839141866657727
5700,0.3551967489344831,0.1393990511333684,0.21034371662835522,0.18432516861909834,0.2404005962050543
5701,0.3699157498265437,0.13058513442277275,0.19741026986913784,0.15225843095491653,0.28408299978228463
5702,0.39427297056199817,0.10646283605693199,0.1766403011819218,0.16467589634362795,0.2750782937817153
5703,0.3413499851323223,0.11867861535758212,0.23597169179532654,0.1640511182108626,0.27158547001390027
5704,0.33997621171572995,0.17434545774029164,0.24696193596264185,0.1396691515796947,0.2686232017551205
5705,0.36690653186638905,0.060073800738007326,0.2743579069304422,0.1505871494497692,0.2420954263033612
5706,0.3771771235999603,0.10522579511509401,0.24909627323571462,0.20847284345047917,0.2642903317646665
5707,0.3744295767667757,0.33431031453171667,0.21485130952596423,0.23402626908058216,0.22794727939575626
5708,0.3264129249677866,0.40010542962572476,0.24137124653839884,0.21378345757898465,0.28828323089547986
5709,0.3455367231638418,0.28768933403619756,0.21602997339318358,0.20013205537806175,0.39353954882684933
5710,0.3023609872137971,0.33353716394306804,0.20777932632264837,0.18891728789492362,0.2780110867344376
5711,0.23668153434433534,0.1205341767703391,0.19791996235225975,0.14613560525381603,0.21384334544723752
5712,0.20975121419367623,0.0843507292215779,0.19524407681586994,0.12789208377706773,0.18940831672556147
5713,0.22257309941520464,0.061465471797575125,0.17775525348875088,0.11928576499822505,0.20612081526016982
5714,0.23598374467241542,0.04345106308205934,0.2001657948560155,0.11027334043308484,0.14202676223811356
5715,0.25078996927346614,0.060151115796872226,0.19715542362757693,0.13498331558395446,0.1364411917402153
5716,0.21474477153335317,0.06486733438762958,0.167402124925338,0.14169968051118204,0.12311835340222062
5717,0.21982555258202,0.03997188543313997,0.18307516878133534,0.14440184593539224,0.17086834921538738
5718,0.25868371493706016,0.06610437532946756,0.19328494633387025,0.13417110401135954,0.17822243807673624
5719,0.35807513133115265,0.20326128975575466,0.19903491465908882,0.18613702520411785,0.21954681716936575
5720,0.3547606303895331,0.3506237919522053,0.1865315209325055,0.16800283990060338,0.27173284654418783
5721,0.32028545941124,0.14380600948866626,0.20620246520299007,0.21612637557685477,0.1922379461070824
5722,0.3545861829715531,0.050409418379898076,0.23366214773118063,0.23110543130990413,0.1645311584130227
5723,0.355894538606403,0.04940432261465466,0.1907364839182609,0.12475257365992184,0.21216325300195943
5724,0.3707879869164436,0.06355297838692668,0.25234556281561654,0.15731913383031587,0.19929728190785617
5725,0.3124789374566359,0.05473906167633103,0.25670980470234755,0.18277884274050402,0.16894434861248342
5726,0.2885142234116364,0.1552486382006677,0.2349363789389853,0.1985388711395101,0.14041372611411632
5727,0.36023391812865496,0.07112985415568437,0.3041271335227787,0.19899183528576495,0.2647619366615866
5728,0.35412825849935564,0.43396942540853983,0.3369863707940415,0.28727298544550933,0.3026082296394299
5729,0.30157597383288726,0.30918292040063255,0.3160252674256548,0.36324600638977633,0.21198640116561432
5730,0.45360689860243825,0.28730275874187317,0.289473474633025,0.2583613773517927,0.23521294233893253
5731,0.46714837942313403,0.2753189246178176,0.22588933736357214,0.2822435214767483,0.27781949724506366
5732,0.32702349093071653,0.2807309787383588,0.2593856902387373,0.3598878239261626,0.3123350806384083
5733,0.335331549212013,0.24601651730803023,0.3063729660265344,0.2942236421725239,0.3640642427693389
5734,0.5438616314798295,0.17125285538569665,0.24137124653839884,0.28528931487397935,0.295195190165966
5735,0.3932044801268708,0.10422069934985059,0.2094676826729895,0.2740901668441604,0.24259650650633885
5736,0.25399544057884826,0.09896327534703914,0.173422867382215,0.2666553070642527,0.22868416204719394
5737,0.22128654970760228,0.1376981198383412,0.17447410812865385,0.22793468228611996,0.2072114015842977
5738,0.23694320547130535,0.07561412756984708,0.22273561512425563,0.19122896698615546,0.17380114216810974
5739,0.24464789374566356,0.05563591635916353,0.15585121902658872,0.17373611643592468,0.15564818542647077
5740,0.24937062146892652,0.06801405728342994,0.18487788738257704,0.15761277955271563,0.15797526083971122
5741,0.2203297056199821,0.08398734844491297,0.17667677605024526,0.17696356407525735,0.15169112558825007
5742,0.26824517791654273,0.1247323844667018,0.23885559557639047,0.19613753638622644,0.17931597193146984
5743,0.2889756368321934,0.3446009488666315,0.28172121124364236,0.1709403904863329,0.21594640853444083
5744,0.4186519972247002,0.22877525918116318,0.23930651414505238,0.19854074547390838,0.240281515968582
5745,0.3943165824164931,0.1363064487787735,0.2611536860395663,0.1710642527511537,0.16560700708412185
5746,0.37270690851422333,0.2767105956773853,0.17867907111440928,0.23079304224352146,0.18958516856190646
5747,0.3360511448111805,0.26526796696538396,0.19196293145577292,0.1477131700390486,0.16476696086148276
5748,0.37715531767271276,0.14519768054823398,0.2229904613658166,0.1540078097266595,0.18196580194604003
5749,0.3691961542273764,0.07994377086628003,0.19529154192836068,0.11959815406460768,0.1884061563196061
5750,0.3028843294677372,0.11489017747320328,0.2137844594472298,0.12269080582179617,0.22656194001105326
5751,0.3708752106254336,0.08102618169038826,0.2019656464370395,0.13025062122825692,0.1952002143658622
5752,0.2949905838041431,0.07661922333509048,0.21572734348132994,0.16156762513312026,0.19266533804491634
5753,0.31230449003865596,0.06069232120892635,0.27534543611649076,0.16790912318068865,0.21860360737552542
5754,0.2681692932897215,0.10715867158671584,0.21897663306123186,0.15207099751508693,0.24753362027097184
5755,0.26265239369610466,0.10978738358812153,0.22494959184781618,0.1884643237486688,0.24471872854247964
5756,0.29490336009515306,0.3257283429977157,0.25406577494615284,0.14329286474973368,0.34073453802481957
5757,0.323708989989097,0.21230715164294495,0.33259027312711537,0.19285339013134534,0.28586625579876396
5758,0.25645951035781545,0.2788754173256018,0.2626509077087367,0.21703230386936453,0.23024635326824197
5759,0.28644266032312415,0.275705499912142,0.21252583757172075,0.16519133830315935,0.1910147209056957
5760,0.26088611358905733,0.15942365137937092,0.20954732212347735,0.18204472843450475,0.19192845539347858
5761,0.24867479433045891,0.09270075557898436,0.168771923473728,0.16092722754703584,0.15114936946291302
5762,0.22109029636237482,0.08898963275347033,0.17880649423518974,0.18334114305999288,0.1391381822444776
5763,0.24067201903062738,0.0672641012124407,0.16047349273290007,0.17971742988995382,0.13257992664668145
5764,0.2249717514124294,0.11102442452995959,0.17488823327119038,0.16086474973375928,0.14161410795330842
5765,0.2383169788878977,0.06664558074152167,0.17840829698275074,0.16842456514022006,0.14493007988477832
5766,0.2695212607790663,0.08767527675276753,0.1882676609531394,0.1801235356762513,0.16961564870794324
5767,0.2992863514719,0.1570268845545598,0.1921540661369436,0.20105360312389062,0.2515864748538795
5768,0.39451283576172064,0.37304515902301877,0.2121594960994769,0.12847000354987567,0.2630228936041935
5769,0.35345227475468327,0.08110349674925318,0.1504548498615359,0.1558977635782747,0.2106010617809114
5770,0.32032907126573495,0.09803549464066062,0.17009393835182532,0.1446361377351792,0.19580445814004116
5771,0.3223570224997521,0.21725531541029694,0.1724671939763615,0.20155342563010292,0.2588963507561421
5772,0.30412726732084444,0.24733087330873302,0.23608318702600947,0.16380120695775646,0.2583068446349919
5773,0.27285756764793334,0.2379757511860833,0.22235334576191423,0.19652396166134178,0.22463130746428628
5774,0.27111309346813356,0.19413811280969953,0.238838712012887,0.1357955271565495,0.1923705849843412
5775,0.35024680344930115,0.15764540502547883,0.2953030824087313,0.17212637557685478,0.1928569275342901
5776,0.37859450887104756,0.2201932876471622,0.27352965664536905,0.1376542421015264,0.2500390212858602
5777,0.3328238675785508,0.25421191354770684,0.23063584861264455,0.14535463258785938,0.24269967007754012
5778,0.263720884131232,0.24640309260235452,0.2245195388151822,0.13020376286829957,0.2141823114668989
5779,0.35942709882049756,0.377220172201722,0.232674618545132,0.14949378771742985,0.22215538175545546
5780,0.3798592526514026,0.2829731154454402,0.29375807706926815,0.20717642882499113,0.25857212238950944
5781,0.3702210328080087,0.28219996485679144,0.30847544751941214,0.252800851970181,0.26936008440655823
5782,0.2917633065715135,0.3912915129151292,0.28681351698673274,0.21956265530706418,0.27534357153623285
5783,0.28825255228466645,0.3191565629942014,0.1980633133631377,0.2094568690095846,0.19347590896149788
5784,0.2973020120923778,0.2801897733263047,0.17595540190772685,0.15585090521831732,0.20311433404230372
5785,0.23373773416592325,0.06865577227200842,0.16719506235406972,0.1489158679446219,0.16515013984023041
5786,0.22569134701159677,0.06169741697416967,0.1533537258592915,0.1562101526446574,0.1432942003985865
5787,0.2327564674397859,0.06703215603584606,0.15083711922387733,0.13590486332978344,0.11871179514662282
5788,0.22959460798889877,0.08017571604287467,0.14749226230339005,0.1134284700035498,0.1726810805379243
5789,0.2278719397363465,0.06973818309611665,0.17141595322992273,0.1137877174298899,0.1571918072047026
5790,0.26215085736941224,0.11411702688455448,0.21894477728103676,0.1540234291799787,0.13112089899683474
5791,0.35412825849935564,0.3110384818133895,0.19366721569621165,0.17998296059637908,0.21726248094990866
5792,0.40853404698186135,0.2900087858021437,0.19645459646328436,0.16233297834575783,0.19576024518095486
5793,0.3211358905738923,0.14767176243191002,0.16859671668265483,0.16419169329073482,0.16006564954530988
5794,0.26149667955198724,0.10739061676331049,0.22467881771615772,0.13940362087326943,0.21768987288774264
5795,0.28192883338289226,0.08241785274995607,0.26483302865210223,0.1551948881789137,0.19446333171442443
5796,0.28136187927445727,0.07205763486206287,0.24116418396713057,0.10732126375576849,0.20629766709651484
5797,0.2630012885320646,0.10661746617466174,0.1953714999366504,0.1521490947816826,0.18662290030312667
5798,0.2617583506789573,0.18555614127569844,0.19799960180274753,0.1632076677316293,0.17338848788330458
5799,0.31234810189315093,0.1845510455104551,0.18065412948650655,0.1763904863329783,0.1827911105156504
5800,0.296386163147983,0.3045440168687401,0.21472388640518375,0.14935321263755763,0.2161718946257808
5801,0.3599068292199425,0.16274819891056047,0.12943067204836287,0.2085977990770323,0.3176111604227026
5802,0.3452532461096244,0.21733263046916176,0.13444668319788589,0.19246290379836697,0.2628460417678484
5803,0.34076122509663986,0.17349499209277805,0.15303516805734038,0.15836563720269783,0.15894558791512448
5804,0.3609971255823173,0.3038481813389562,0.1715274484606056,0.23183954561590345,0.23141062785751365
5805,0.375628902765388,0.34142329994728515,0.18094083150826248,0.22557614483493074,0.2590879402455158
5806,0.3176469422142928,0.09842206993498502,0.2258734094734746,0.2177976570820021,0.2344465843814372
5807,0.24464069778967193,0.15780003514320856,0.2429321797679596,0.1637387291444799,0.20554604679204835
5808,0.25508573694122305,0.11860130029871727,0.20363807489728314,0.14537025204117857,0.1906462795799769
5809,0.2261928833382892,0.1005868915832015,0.17952324928957988,0.18470003549875752,0.1749359414513238
5810,0.22292199425116466,0.08094886663152344,0.21214356820937932,0.16144266950656724,0.13592537388420892
5811,0.23530776092774305,0.08574240028114562,0.15321037484841352,0.1610209442669506,0.14217413876840107
5812,0.23879670928734262,0.06571780003514316,0.17275389599811755,0.13410862619808306,0.153256853846025
5813,0.2245356328674794,0.08241785274995607,0.1752705026335318,0.12790770323038692,0.14593224029073368
5814,0.2461453067697492,0.12061149182920401,0.16005936759036354,0.20116293929712456,0.18249635745507523
5815,0.39503617801566054,0.07685116851168504,0.21717678148020775,0.19780475683351081,0.2241744402203949
5816,0.4711824759639211,0.1845510455104551,0.25236149070571406,0.17439119630812916,0.19598130997638627
5817,0.3591218158390326,0.0848146195747671,0.22507701496859672,0.17423500177493786,0.15817922995762926
5818,0.3014451382694022,0.0722122649797926,0.18766240112943214,0.1945871494497692,0.16170152903150173
5819,0.2972147883833878,0.08365489369179403,0.15835508334992482,0.19657082002129925,0.18369010735040445
5820,0.27120031717712356,0.0794025654542259,0.18127531720031131,0.203318423855165,0.23982582773693287
5821,0.3085320646248389,0.059377965208223464,0.17047620771416672,0.13176570820021297,0.19814774497161328
5822,0.34810982257904644,0.07437708662800908,0.1944317544208945,0.13715441959531408,0.17689604930414832
5823,0.34562394687283177,0.08991741345984883,0.1875827616789444,0.16600354987575427,0.20576711158747965
5824,0.27854891465953013,0.20148304340186257,0.1652996434324603,0.19778913738019163,0.20467652526335178
5825,0.2539736346516008,0.1298892988929889,0.1935397925754312,0.13784167554135598,0.21826464135586404
5826,0.2712657349588661,0.1611245826743981,0.20731741750981914,0.1528207312744054,0.18507544673510737
5827,0.27876697393200517,0.39399753997539977,0.18675451139387134,0.18337238196663108,0.30160606923347455
5828,0.5176072950738427,0.20156035846072748,0.20266647360133214,0.23625985090521828,0.2260755974611043
5829,0.37754782436316775,0.11349850641363556,0.18667487194338356,0.2263414980475683,0.28153338580831005
5830,0.32165923282783226,0.15285187137585657,0.21364078987854979,0.19674263400780972,0.23572876019493888
5831,0.26143126177024484,0.3308311368827974,0.20218863689840533,0.1437458288959886,0.1859878548341176
5832,0.25373376945187825,0.19614830434018626,0.1757164835562634,0.15294568690095844,0.16245447572474084
5833,0.24780255724055905,0.08133544192584782,0.15343336530977927,0.1425743698970536,0.17001356533971965
5834,0.23513331350976305,0.061465471797575125,0.21040742818874547,0.14012211572594954,0.1394918859171677
5835,0.2486966002577064,0.08272711298541555,0.17883835001538484,0.13426482073127438,0.1285418097168026
5836,0.2559797799583705,0.09393779652082232,0.15916740574490032,0.11613063542776002,0.12264674850530044
5837,0.24836951134899393,0.08125812686698292,0.13218555991963654,0.14686971955981537,0.17534859573612893
5838,0.2703062741599762,0.0712844842734141,0.14336693876812245,0.11247568335108267,0.16431009361759133
5839,0.303800178412132,0.16986118432612896,0.18102047095875037,0.14979055733049337,0.16774396677329131
5840,0.29060759242739614,0.14829028290282897,0.22311788448659703,0.12389350372736946,0.205266031384502
5841,0.3949271483794231,0.07661922333509048,0.23437890278557075,0.13037557685481005,0.221698514511564
5842,0.3867063138071167,0.10460727464417499,0.26529493746493144,0.18430954916577913,0.2329138684664467
5843,0.34643076618098917,0.10267439817255315,0.19553077883762596,0.22963720269790555,0.20771248178727536
5844,0.3898463673307562,0.16398523985239852,0.18565548697713977,0.26067305644302446,0.19739612466714676
5845,0.2924174843889384,0.17759269021261637,0.1953396441564553,0.19421228257011003,0.24016479375659425
5846,0.279988105857865,0.08203127745563168,0.2224807688826947,0.16280156194533185,0.1727252934970106
5847,0.3845693329368619,0.06216130732735897,0.21802095965537835,0.17809300674476386,0.15114936946291302
5848,0.4035622955694321,0.24849059919170616,0.2101685098372821,0.1499311324103656,0.16333740851769352
5849,0.4002041827733175,0.31057459146020033,0.2524570580462994,0.20370891018814338,0.1910884091708395
5850,0.3770680939637228,0.3174556316991742,0.1817850096834331,0.18537167199148022,0.22262698665237554
5851,0.3523619783923084,0.48870848708487086,0.18532100128509107,0.2852736954206602,0.18653447438495419
5852,0.3543681236990782,0.10723598664558068,0.19425654762982134,0.20508342208022715,0.21559712615765939
5853,0.3142888294181782,0.13800738007380067,0.27075820376839393,0.21751650692225769,0.2414617072231247
5854,0.29394389929626324,0.08968546828325419,0.2445249687777154,0.20975363862264812,0.19956255966237377
5855,0.2715928238675785,0.09370585134422767,0.2013922423935274,0.16105218317358885,0.18189211368089625
5856,0.2568302111210229,0.09502020734493057,0.16396170066426544,0.1427149449769258,0.21453557300999818
5857,0.2570264644662503,0.08806185204709183,0.1636590707524118,0.14832232871849482,0.12059865686389443
5858,0.24538209931608684,0.06525390968195395,0.1354667052797335,0.12147248846290379,0.13377367654201064
5859,0.24784616909505403,0.09301001581444382,0.1794276819489945,0.14146538871139505,0.12516688717321764
5860,0.2509208048369511,0.08960815322438935,0.14274575105431767,0.1650820021299254,0.12484265880658503
5861,0.23258202002180586,0.09347390616763311,0.17982587920143342,0.1649258075967341,0.19340222069635404
5862,0.26239072256913465,0.10940080829379716,0.1776278303679704,0.16369187078452252,0.1513262212992581
5863,0.26620675983744674,0.16568617114742573,0.1440359101522199,0.14468299609513666,0.17145785533653762
5864,0.31300227971057587,0.12123001230012297,0.2450187333707397,0.14210578629747958,0.14557853661804357
5865,0.3819853305580334,0.046203479177648846,0.17712514615649147,0.1421148455804047,0.19015698949942217
5866,0.3722821290514421,0.0965355824986821,0.17110297018950565,0.1711642172523961,0.18677897204870123
5867,0.3065387848151451,0.18169811983834122,0.17398113993013442,0.15709124600638974,0.23821117047110246
5868,0.30702854594112394,0.1414633632050606,0.17063867219316184,0.1788471139510116,0.2585504580395572
5869,0.3547024085637823,0.07955719557195565,0.1857445238827852,0.17811362442314513,0.24391228416874614
5870,0.3633558727326791,0.08002108592514494,0.1686860721461022,0.17657963791267298,0.30274602669524875
5871,0.37763134106452567,0.05396591108768227,0.2472128002316784,0.10663228966986146,0.2721897137880792
5872,0.4338943403707007,0.15633104902477596,0.15321037484841352,0.20263116790912317,0.26421664349952273
5873,0.4087303003270889,0.18478299068704976,0.20273018516172234,0.18410649627263045,0.2667073068613823
5874,0.3135474278917633,0.13197680548234053,0.17832865753226296,0.24859921902733403,0.30747165513891916
5875,0.40149073248091977,0.37149885784572123,0.19146916686274865,0.25139510117145897,0.28140074693105116
5876,0.39795817226682517,0.16027411702688452,0.27252619956922286,0.27224707135250265,0.3219440304131567
5877,0.4381901080384577,0.09185028993147075,0.24736013321508077,0.2065204117855875,0.3024166401500561
5878,0.42410347903657447,0.09548409769811977,0.20629803254357545,0.14964998225062115,0.2632144830935674
5879,0.28775101595797403,0.14094535231066593,0.16515629242158225,0.16362048988285405,0.23813099763862605
5880,0.27850530280503516,0.11751888947460905,0.15027964307046274,0.16754315938942138,0.19608447354758748
5881,0.227370403409654,0.08759796169390262,0.20171080019547863,0.13042243521476743,0.11925708830868685
5882,0.22871757359500447,0.07391319627481988,0.19387013701605457,0.11586510472133467,0.1542442765989516
5883,0.23372072554267023,0.1109471094710947,0.15611339209759445,0.13998154064607732,0.15461271792467046
5884,0.26603231241946673,0.08473730451590228,0.15714456370251037,0.12315938942137018,0.14373898276699437
5885,0.23986519972247,0.07244421015638726,0.15386341834241338,0.11125736599219026,0.15811762656796904
5886,0.2719853305580335,0.10623089088033734,0.20831832612354975,0.1604349023784167,0.16118070037346552
5887,0.32013281792050746,0.19614830434018626,0.2869482669369581,0.1712910472133475,0.2940801393378104
5888,0.3683675289919714,0.19073625021964508,0.2342307734076635,0.18198225062122822,0.24846209241178346
5889,0.3145723064723957,0.16684589703039887,0.2594175460189324,0.19510259140930059,0.22648825174590947
5890,0.29937357518089003,0.07669653839395531,0.20881463917898963,0.19294710685126015,0.20976101555827228
5891,0.25491128952324305,0.0834229485151994,0.17742076779670216,0.13698260560880368,0.19601078528244376
5892,0.2920031717712359,0.09099982428395707,0.18411048163767663,0.15513241036563713,0.26744418951282006
5893,0.26561799980176426,0.11581795817958176,0.18356893337435973,0.18582463613773514,0.18638709785466662
5894,0.2629794826048171,0.2003233175188895,0.15598182772538863,0.1367795527156549,0.2027901056756711
5895,0.37403707007632064,0.22583728694429803,0.17687921953338517,0.1593496627618033,0.1983835474200733
5896,0.40626623054812167,0.41587770163415916,0.21137902948469656,0.18388782392616249,0.25700993116846144
5897,0.36010308256516993,0.2238270954138113,0.2547506742203478,0.2032559460418885,0.2633913349299124
5898,0.36941421349985126,0.09409242663855205,0.23300910423718077,0.19688320908768187,0.24211016395638996
5899,0.32859351769253636,0.2694429801440872,0.23756448080508238,0.17510969116080932,0.20302590812413124
5900,0.3892358013678263,0.08999472851871375,0.27419862802946654,0.19832019879304222,0.2564056873942825
5901,0.36426801466944186,0.14094535231066593,0.2898238882151713,0.24383528576499822,0.29490043710539093
5902,0.3222697987907622,0.13831664030926025,0.268703505945809,0.20794178203762867,0.29977860025790887
5903,0.27283576172068585,0.33013530135301344,0.2214773118065485,0.16094284700035494,0.2527212741370936
5904,0.20752700961443152,0.0997364259356879,0.1976332603305037,0.1699240326588569,0.19830985915492955
5905,0.22590940628407177,0.06339834826919695,0.17012579413202042,0.14660418885339005,0.12848285910468757
5906,0.23903657448706508,0.06710947109471088,0.1645032489275823,0.17571884984025557,0.12089296779487867
5907,0.24782436316780648,0.07561412756984708,0.13573747941139205,0.12117571884984024,0.13605801276146773
5908,0.24198037466547717,0.06834651203654886,0.148686854060707,0.11156975505857289,0.17430222237108736
5909,0.24989592625631873,0.07615533298190118,0.15625260185704717,0.12311253106141282,0.16512066453417296
5910,0.2909128754088611,0.14419258478299066,0.19992687650455201,0.1569442669506567,0.15895221985898747
5911,0.3549350778075131,0.13924442101563866,0.2235001538489384,0.18629321973730917,0.2246394131734521
5912,0.3428545941123996,0.09316464593217355,0.22585748158337707,0.22857507987220446,0.2257218937884142
5913,0.3125661611656259,0.07886136004217179,0.18806059838187114,0.17017394391196303,0.2245134062400563
5914,0.292090395480226,0.1231628887717448,0.1953714999366504,0.18067021654242096,0.15019142201604394
5915,0.33378332837744074,0.20550342646283604,0.23766004814566774,0.20676516861909833,0.2058407998526235
5916,0.3573337298047378,0.23318221753646107,0.18820394939274915,0.16422808661696833,0.2200478973723434
5917,0.2782654376053127,0.31428571428571433,0.18984452207279767,0.1478693645722399,0.18289427408685163
5918,0.25526018435920306,0.2604744333157617,0.20539014280801457,0.19583670571529987,0.16967533620270966
5919,0.31695569432054704,0.15664030926023542,0.18610146789987148,0.1864494142705005,0.1657536467317579
5920,0.30909247695509956,0.2934106483921982,0.21373635721913517,0.22365495207667727,0.20659242015709
5921,0.3384061849539101,0.22707432788613593,0.2051512244565512,0.1978672346467873,0.2667515198204686
5922,0.2910000991178511,0.11179757511860827,0.23281796955601006,0.22265530706425274,0.23085059704242097
5923,0.3585766676578451,0.20967843964153926,0.2640684899274195,0.25581540646077383,0.2542834653581417
5924,0.3653146991773218,0.23573361447900193,0.2659161251787362,0.21971884984025558,0.2955783691447137
5925,0.34510060461889186,0.18486030574591455,0.214102698691379,0.22740362087326937,0.3280748940731188
5926,0.2911309346813361,0.33222280794236514,0.17856757588372638,0.213236776712815,0.2953720420023111
5927,0.2555872732679155,0.20581268669829553,0.1636112870821191,0.21239332623358176,0.16426588065850511
5928,0.23984339379522246,0.11519943770866274,0.15966117033792465,0.17793681221157256,0.19881093935790725
5929,0.23825156110615514,0.08813916710595673,0.14652113884414195,0.16534753283635065,0.1417025338714809
5930,0.21391614629794825,0.06664558074152167,0.14438584589766332,0.19145591764288244,0.14048741437926007
5931,0.23184061849539095,0.1146582322966087,0.14763561331426814,0.15546776002839893,0.15008015273567685
5932,0.22723956784616905,0.06873308733087324,0.127120490868613,0.15235214767483138,0.15609075714692433
5933,0.2456505302805035,0.06894956949569489,0.16247451356585635,0.18734112886048981,0.15259616486074593
5934,0.27647931410447024,0.09416974169741697,0.16880314213831923,0.1836722754703585,0.17045377903568854
5935,0.2970342353057785,0.27151502372166575,0.18777485203352093,0.21703230386936453,0.24313207281740387
5936,0.38122604817127553,0.26876260762607623,0.18261883473004037,0.17019909123180682,0.23819378004052855
5937,0.3342238081078402,0.0746940783693551,0.1505185614219261,0.1612722612708555,0.22594399021955755
5938,0.2844365150163545,0.10391143911439113,0.1452104327680139,0.18485623003194881,0.20940731188558218
5939,0.2685617999801764,0.1777473203303461,0.1441196908541331,0.16672204472843447,0.1569524677195156
5940,0.255129348795718,0.17264452644526446,0.14266611160382986,0.15328931487397943,0.16055552913198567
5941,0.24542571117058185,0.1791389913899139,0.2150265163170374,0.1985388711395101,0.21964998074056707
5942,0.2629358707503221,0.11519943770866274,0.18401491429709133,0.2159077032303869,0.22242065950997303
5943,0.3399107939339875,0.0762326480407661,0.2123824865608427,0.22859069932552356,0.24411448476830058
5944,0.31326395083754577,0.1945246881040239,0.2793911202012706,0.17501597444089456,0.2575846996365829
5945,0.36317771830706713,0.23859427165700228,0.27109268946044274,0.1405126020589279,0.287310545795582
5946,0.311475864803251,0.36314883148831484,0.20030914586689344,0.13456159034433793,0.19745507527926173
5947,0.33988898800673994,0.4123985239852398,0.19511665369508946,0.24549094781682634,0.20968732729312853
5948,0.35351769253642573,0.30663152345809175,0.24082969827508188,0.3140134895278665,0.2269893319488871
5949,0.35715928238675787,0.15841855561412752,0.2726854784701986,0.21925026624068156,0.26940429736564453
5950,0.29468530082267813,0.11945176594623087,0.2626509077087367,0.2198125665601703,0.24118169181557828
5951,0.2742749529190207,0.10445264452644526,0.23146409889771755,0.19250976215832444,0.16584280953258188
5952,0.247366438695609,0.12865225795115093,0.1639776285543629,0.15720979765708193,0.17922459848269162
5953,0.22436118544949937,0.07190300474433313,0.13373056525909968,0.14963436279730208,0.16171626668453046
5954,0.22,0.0825724828676858,0.1102847110354938,0.1437458288959886,0.15041248681147526
5955,0.20898800674001386,0.1429555438411527,0.11773896360115112,0.14316790912318067,0.13854867612332736
5956,0.2567865992665279,0.1399402565454226,0.14782674799543877,0.13282783102591403,0.13395052837835575
5957,0.22900584795321638,0.10715867158671584,0.141073322594074,0.12871991480298184,0.15148833548257437
5958,0.264200614530677,0.16854682832542606,0.18167351445275023,0.13965353212637552,0.16775870442632004
5959,0.2911527406085836,0.2288525742400281,0.15974080978841243,0.190822861199858,0.23528663060407629
5960,0.3213539498463673,0.087984536988227,0.2316074499085956,0.20836350727724523,0.23543400713436385
5961,0.31727624145108535,0.07391319627481988,0.20121703560245427,0.19625843095491652,0.22787359113061242
5962,0.31596788581623547,0.12200316288877174,0.193906134047675,0.2336514022009229,0.205929225770796
5963,0.32469025671523444,0.14774907749077484,0.20601133052181933,0.18890166844160444,0.16830399758838407
5964,0.31119238774903357,0.300291688631172,0.15792503031729072,0.1918693645722399,0.2001962787426102
5965,0.24684309644166913,0.36129327007555784,0.1902905029955293,0.19981966631167905,0.23848470131131616
5966,0.27076419863217355,0.3541029696011246,0.16948867852811814,0.18221654242101526,0.1957307698748974
5967,0.2812746555654673,0.34405201194869095,0.19584933663957713,0.19127582534611284,0.22995160020766692
5968,0.3334998513232233,0.11102442452995959,0.27505873409473464,0.17420376286829956,0.26078277034382275
5969,0.3566577460600654,0.08380952380952378,0.25213850024434825,0.19777351792687253,0.20510391720118573
5970,0.3300763207453662,0.10955543841152698,0.22842187188908394,0.21993752218672344,0.1696009110549145
5971,0.2705679452869461,0.20975575470040408,0.21614146862386646,0.19632090876819308,0.24471872854247964
5972,0.2991337099811676,0.41804252328237573,0.24218356893337428,0.19093219737309194,0.3235946475523773
5973,0.32942214292794125,0.3406501493586364,0.22585748158337707,0.19560241391551292,0.3556637805429485
5974,0.3051957577559718,0.26287120014057286,0.22267190356386535,0.18213844515441951,0.3469243522968967
5975,0.2418713450292397,0.13530135301353008,0.16987094789045953,0.19107277245296406,0.3242725795917
5976,0.24468430964416685,0.08690212616411877,0.1640731958949483,0.15889669861554842,0.1853112491835675
5977,0.22778471602735648,0.21215252152521522,0.18680229506416404,0.15230528931487392,0.15982984709684978
5978,0.2271305382099316,0.11102442452995959,0.136963926948904,0.15239900603478876,0.11972869320560703
5979,0.22723956784616905,0.0712844842734141,0.13328458433636808,0.1671125310614128,0.14437004906968565
5980,0.24132619684805234,0.07855209980671231,0.09988379880178824,0.14880653177138795,0.1144231381152551
5981,0.22776291010010902,0.07043401862590051,0.12694528407753983,0.15820944266950654,0.1471259901860629
5982,0.26404797303994443,0.08234053769109115,0.13760104255280636,0.14707277245296407,0.1958634087521562
5983,0.28644266032312415,0.20024600246002458,0.1650288693008018,0.18668370607028753,0.28162181172648254
5984,0.3143324412726732,0.09301001581444382,0.17541385364440978,0.2005694000709975,0.25055483914186666
5985,0.36664486073941915,0.09316464593217355,0.16348386396133863,0.16656585019524314,0.21262012024585078
5986,0.34837149370601644,0.10731330170444559,0.1565870875490959,0.16914305999290025,0.1530063137445361
5987,0.35367033402715825,0.10538042523282375,0.19506887002479678,0.22876251331203407,0.22079951767680991
5988,0.29038953315492116,0.15277455631699166,0.19885970786801566,0.20413063542776003,0.1701314665639497
5989,0.26123500842501735,0.17859778597785977,0.1832185197922134,0.22715370962016324,0.18146472174306238
5990,0.27772028942412524,0.09076787910736242,0.22724320802186457,0.1995541356052538,0.17607074073453796
5991,0.39889582713846755,0.11017395888244591,0.21601404550308598,0.23785303514376996,0.2415501331412972
5992,0.47887996828228757,0.1710209102091021,0.21295589060435474,0.19166631167909123,0.23762991743564832
5993,0.34983249083159873,0.1976172904586188,0.25876450252493255,0.17507845225417104,0.20351225067408013
5994,0.2930498562791159,0.23349147777192056,0.18958967583123676,0.1835285764998225,0.2145802280986753
5995,0.41176132421449096,0.16846951326656123,0.2527756158482506,0.2049897053603123,0.3331446467150106
5996,0.5886292001189414,0.16189773326304688,0.23452225379644878,0.21476748313809008,0.2427880959957127
5997,0.432280701754386,0.11767351959233878,0.25127839417908016,0.22726304579339723,0.1902925759072868
5998,0.3459292298542967,0.12517308030223154,0.22093576354323152,0.2883194888178913,0.21589187921823447
5999,0.3072237089899891,0.12633280618520468,0.20959510579376994,0.2089570465033723,0.17589388889819296
6000,0.23755377143423526,0.11218415041293266,0.17560498832558052,0.17668725594604182,0.14799551171475936
6001,0.22658539002874412,0.10027763134774202,0.19081612336874867,0.18160738374156904,0.13972768836562774
6002,0.2578332837744077,0.08790722192936208,0.15886477583304673,0.18723038693645722,0.13364103766475185
6003,0.23798988997918524,0.08589703039887535,0.12519321616680842,0.14488604898828536,0.14279312019560877
6004,0.23698681732580035,0.14682129678439634,0.15870549693207114,0.1789364572239971,0.11476210413491647
6005,0.24374665477252455,0.15942365137937092,0.13927347101305,0.14816613418530353,0.15588015608514344
6006,0.2551075428684706,0.07422245651027935,0.15773389563612006,0.20573943911963077,0.12420893972634858
6007,0.2807295073842799,0.09486557722720083,0.20123296349255185,0.15139936102236412,0.14264574366532126
6008,0.4087739121815839,0.09192760499033557,0.1917240131043096,0.1410124245651402,0.17694026226323453
6009,0.43875706214689253,0.09486557722720083,0.2412438234176184,0.18662122825701097,0.17788347205707486
6010,0.39797997819407277,0.13839395536812507,0.2130992416152328,0.19165069222577205,0.17408115757565606
6011,0.35864208543958764,0.12354946406606918,0.23296132056688806,0.19416542421015257,0.16768501616117626
6012,0.351467935375161,0.22003865752943247,0.19059313290738292,0.18979197728079514,0.16339635912980854
6013,0.3377738130637328,0.2848286768581972,0.15548806313236432,0.17778061767838116,0.15387583527323268
6014,0.3681494697194964,0.24547531189597607,0.1664305236293869,0.18932339368122109,0.1663733650416171
6015,0.463986519972247,0.3036935512212265,0.21364078987854979,0.19942917997870074,0.12193934115992025
6016,0.4706373277827336,0.19429274292742926,0.308045394486778,0.22285835995740144,0.1763065431829981
6017,0.39084943998414107,0.340263574064312,0.29374214917917063,0.21920340788072418,0.15931402924084342
6018,0.3507701457032411,0.2637216657880864,0.25936976234863973,0.21219027334043308,0.2364656428463767
6019,0.41895728020616513,0.20542611140397113,0.2482202392803489,0.3001902733404331,0.2834050677429619
6020,0.3331727624145108,0.20055526269548404,0.18524136183460335,0.26415619453319134,0.20324697291956254
6021,0.32850629398354636,0.23086276577051487,0.2196774602255244,0.2256230031948881,0.2162603205439533
6022,0.33670532262860536,0.18354594974521177,0.21085340911147707,0.23497905573304934,0.26147544003617423
6023,0.2924829021706809,0.18470567562818482,0.1818168654636282,0.217094781682641,0.17492120379829507
6024,0.26003568242640496,0.13932173607450357,0.17955510506977498,0.2178132765353212,0.16540067994171928
6025,0.24762810982257902,0.10723598664558068,0.15556770258285213,0.15291444799432016,0.14691966304366022
6026,0.23790266627019524,0.09239149534352488,0.1860218284493836,0.1733134540291089,0.12628694880340308
6027,0.2297908613341262,0.1109471094710947,0.1410096110336838,0.21239332623358176,0.17848771583125383
6028,0.22255129348795716,0.07429977156914427,0.15636409708773005,0.14012211572594954,0.1254911155398503
6029,0.25338487461591824,0.08922157793006498,0.13349164690763632,0.152664536741214,0.15764867444859404
6030,0.255827138467638,0.11434897206114913,0.1472214881717316,0.13877884274050403,0.14224782703354485
6031,0.29553573198533056,0.07228958003865753,0.16651016307987468,0.12550230741924032,0.15147359782954564
6032,0.2981088314005351,0.11032858900017564,0.1818168654636282,0.18601206957756475,0.15076619048416537
6033,0.3541718703538507,0.15115094008082938,0.19838187116508896,0.1307816826411075,0.18901040009378506
6034,0.4095589255624938,0.16707784220699343,0.26666473601332147,0.20334966276180327,0.21540553666828557
6035,0.44215878679750226,0.23310490247759624,0.22611232782493793,0.15243024494142704,0.22750514980489356
6036,0.38496183962731684,0.1312036548936918,0.24417455519556913,0.19847639332623354,0.27323608715312087
6037,0.31271880265635843,0.12842031277455626,0.24417455519556913,0.21534540291089813,0.2854388638609301
6038,0.3588165328575676,0.1682375680899666,0.2528393274086409,0.25286332978345755,0.26151965299526053
6039,0.31162850629398353,0.12834299771569144,0.21160201994606231,0.22713809016684414,0.24922845036927868
6040,0.3488730300327089,0.16220699349850637,0.2056609169396731,0.21637628682996093,0.2502895613873491
6041,0.3688690653186639,0.5618485327710421,0.264482615069956,0.26871707490237834,0.26182914370886434
6042,0.4494201605709188,0.3619117905464769,0.21695379101884196,0.2574866879659211,0.24778416037246062
6043,0.4591237981960551,0.44115972588297314,0.23382142663215624,0.2736528221512246,0.20622397883137109
6044,0.38627019526216666,0.336629766297663,0.2047689550942098,0.34867305644302443,0.18949674264373398
6045,0.3260204182773317,0.31041996134247046,0.21975709967601217,0.2972225772097976,0.21861834502855415
6046,0.3339359698681732,0.16622737655947983,0.20167894441528353,0.26215690450834217,0.2941046038418381
6047,0.24754088611358904,0.17310841679845365,0.19905084254918642,0.2317614483493077,0.21767513523471382
6048,0.2279809693725839,0.09849938499384993,0.16338829662075324,0.1894952076677316,0.2033206611847063
6049,0.26359004856774704,0.09339659110876819,0.18490687614255455,0.1751721689740859,0.1571033812865301
6050,0.24529487560709684,0.09648919346336318,0.14707813716085355,0.16222364217252389,0.15380214700808892
6051,0.23317078005748834,0.19112282551396936,0.14429075639378083,0.1491813986510472,0.11302306107752334
6052,0.23478441867380315,0.07522755227552268,0.13963981248529383,0.17453177138800138,0.15406742476260654
6053,0.23720487659827535,0.10027763134774202,0.17482452171080018,0.16091160809371666,0.1568381035320125
6054,0.2605808306075924,0.08806185204709183,0.12504986515593036,0.1582719204827831,0.1584297700591181
6055,0.28875408861135893,0.09656650852222809,0.16671722565114294,0.17917074902378413,0.21592135452429195
6056,0.3648785806323719,0.28219996485679144,0.1964068127929917,0.18412211572594953,0.22871363735325154
6057,0.3047814451382694,0.09757160428747143,0.1598045213488026,0.15203975860844865,0.20532498199661703
6058,0.3294003370006938,0.06378492356352133,0.1552969284511937,0.18291941782037624,0.21701194084841982
6059,0.2921122014074735,0.05883675979616934,0.19776068345128417,0.1710642527511537,0.20703454974795263
6060,0.3056536822281693,0.10754524688104024,0.20043656898767392,0.137138800141995,0.17860561705548392
6061,0.30901179502428383,0.0654085397996837,0.2196774602255244,0.17303230386936455,0.1373254509219406
6062,0.3138527108732283,0.19382885257423996,0.16478995094933846,0.16041178558750435,0.1580318534273417
6063,0.3298146496183963,0.22498682129678435,0.20437075784177086,0.16681576144834928,0.17699921287534956
6064,0.3788561799980176,0.2725355824986821,0.26531086535502907,0.14213702520411775,0.2638629398268325
6065,0.3299672911091287,0.2934106483921982,0.23020579558001042,0.16689385871494494,0.20660715781011874
6066,0.33738130637327773,0.21655947988051308,0.1962953175623088,0.17673411430599928,0.20656294485103244
6067,0.33936564575280004,0.31382182393252506,0.23112961320566885,0.137607383741569,0.22775568990638237
6068,0.5515155119437011,0.15045510455104547,0.2693406215497113,0.17863968761093357,0.2626249769724171
6069,0.5181524432550302,0.13267264101212442,0.27746384549946607,0.2178132765353212,0.28915275242417643
6070,0.592815938150461,0.18663855209980665,0.24739198899527595,0.24552218672346462,0.2610480480983403
6071,0.4557656853999405,0.2753189246178176,0.2890912052706836,0.182653887113951,0.22331965634472709
6072,0.2911309346813361,0.27825689685468286,0.1827566109793842,0.18093574724884623,0.16142151362395538
6073,0.2589889979185251,0.13259532595325949,0.14567648283226844,0.13977848775292864,0.1325209760345665
6074,0.23751015957974023,0.1984677561061325,0.12686564462705205,0.1378104366347177,0.1335378740935506
6075,0.22388145505005447,0.06865577227200842,0.14091404369309846,0.13128150514731982,0.13001557501967803
6076,0.22898404202596886,0.11713231418028466,0.11649658817354158,0.15791267305644302,0.14649227110582635
6077,0.2477371394588165,0.0897627833421191,0.17093811652699592,0.15089953851615193,0.1276575505350773
6078,0.36448607394191684,0.11102442452995959,0.16256004633568025,0.16931487397941064,0.15611595853360347
6079,0.2945108534046981,0.313203303461606,0.2412916070879111,0.1811075612353567,0.29525414077808104
6080,0.31326395083754577,0.07437708662800908,0.20456189252294155,0.18099822506212276,0.2149339317713654
6081,0.40330062444246206,0.09625724828676853,0.19352386468533359,0.1892921547745828,0.2273430356215773
6082,0.32096144315591235,0.07422245651027935,0.17930025882821404,0.19593042243521472,0.1883619433605198
6083,0.3079433045891564,0.13537866807239501,0.20969067313435535,0.2174227902023428,0.18622498367135026
6084,0.2838695609079195,0.1922825513969425,0.2238983511013774,0.2703414980475683,0.21791093768317396
6085,0.2900406383189612,0.13638376383763834,0.2131470252855255,0.20611430599928995,0.2186772956406692
6086,0.2826702349093071,0.09440168687401153,0.19733063041865007,0.20205324813631523,0.23144010316357116
6087,0.29758548914659533,0.1691653487963451,0.21383192455972053,0.19897621583244582,0.25779102677898547
6088,0.3701338090990187,0.1833140045686171,0.2430755307788376,0.18996379126730562,0.25509403627472327
6089,0.33049063336306866,0.18161307327358986,0.24853879708230003,0.18090450834220803,0.24325970089263288
6090,0.2827356526910496,0.3170690564048498,0.25212257235425073,0.18687113951011713,0.21253169432767827
6091,0.31023292695014376,0.2574591460200316,0.2600705895129323,0.2000383386581469,0.21981209492388337
6092,0.3425493111309346,0.40296608680372514,0.25916269977737155,0.23130848420305286,0.24421764833950194
6093,0.39032609773020116,0.42128975575470035,0.2634632301037123,0.19036989705360308,0.32072080521177004
6094,0.31834473188621265,0.4553083816552452,0.27265362269000337,0.2130181043663471,0.22324596807958333
6095,0.3064823074635742,0.40775962045334735,0.17977809553114082,0.22107774227902016,0.21253169432767827
6096,0.2642224204579245,0.22413635564927076,0.16861264457275243,0.2305431309904153,0.16649126626584718
6097,0.2459708593517692,0.08380952380952378,0.1940017013882604,0.1973049343272985,0.16335214617072225
6098,0.2539736346516008,0.12741521700931294,0.1865633767127006,0.17214199503017388,0.14656595937097014
6099,0.2461453067697492,0.08388683886838869,0.18333001502289628,0.1729073482428115,0.17380114216810974
6100,0.23175339478640097,0.1025197680548234,0.22577784213288926,0.18891728789492362,0.17265160523186682
6101,0.2542789176330657,0.13468283254261115,0.19893934731850346,0.15018104366347174,0.16307213076317592
6102,0.2992863514719,0.07607801792303637,0.19373092725660185,0.15438267660631877,0.17164944482591146
6103,0.3087283179700664,0.12865225795115093,0.23687958153088742,0.19607099751508694,0.2698464269565071
6104,0.32285855882644465,0.14620277631347742,0.27426233958985685,0.19391551295704648,0.2151549965667967
6105,0.34758648032510653,0.11458091723774379,0.24458868033810566,0.17881150159744405,0.22486710991274642
6106,0.28201605709188227,0.2279247935336496,0.20970660102445293,0.16623784167554134,0.16907035554587932
6107,0.2670571910000991,0.14643472149007197,0.2382493800792774,0.23202697905573305,0.19746981293229054
6108,0.27342452175636833,0.12656475136179934,0.25951311335951777,0.14947816826411076,0.18750715948485205
6109,0.2780473783328377,0.08682481110525385,0.20309652663396616,0.15505431309904147,0.2376151797826196
6110,0.2667737139458816,0.09509752240379539,0.22348422595884088,0.15061838835640748,0.29070020599219576
6111,0.29213400733472095,0.08373220875065887,0.22628753461601117,0.16609726659566912,0.2644966589070691
6112,0.355283972643473,0.3645405025478826,0.2711245452406378,0.1654100106496272,0.2619470449330944
6113,0.515426702349093,0.37675628184853277,0.18728013176709074,0.14830670926517564,0.2047354758754668
6114,0.37043909208048365,0.3849516780882094,0.20174265597567373,0.15441391551295697,0.19465492120379826
6115,0.3821706809396372,0.44162361623616236,0.20230013212908823,0.18823003194888174,0.290862320175512
6116,0.44573495886609177,0.420284659989457,0.2919900812684392,0.18990131345402908,0.2777900219390062
6117,0.48066805431658244,0.2523563521349499,0.232674618545132,0.2104565140220092,0.27582991408618185
6118,0.3630904945980771,0.18238622386223863,0.2349363789389853,0.1623954561590344,0.327647502135285
6119,0.27915948062246004,0.16328940432261457,0.1958652645296747,0.16958040468583596,0.2022153372075497
6120,0.2845455446525919,0.33601124582674397,0.1636272149722167,0.15458572949946747,0.20189110884091707
6121,0.25750619486569526,0.20310665963802493,0.16254411844558272,0.19724245651402195,0.15673493996081117
6122,0.26614134205570417,0.07824283957125285,0.17090626074680082,0.1326716364927227,0.18993887223459657
6123,0.28083853702051736,0.09772623440520116,0.15082119133377975,0.1511025914093006,0.1567496776138399
6124,0.25931608682723756,0.11218415041293266,0.1477311806548534,0.1446361377351792,0.1865934249970692
6125,0.267624145108534,0.0789386751010367,0.23097033430469327,0.17571884984025557,0.1781634874646212
6126,0.3049558925562494,0.174113512563697,0.247137142753715,0.21825062122825692,0.17671919746780324
6127,0.3461036772722767,0.17983482691969777,0.21150645260547693,0.23522896698615547,0.2894327678317228
6128,0.4700485677470512,0.11241609558952731,0.24122789552752077,0.20067873624423144,0.224528143893085
6129,0.3143760531271681,0.09873133017044448,0.25567449184600627,0.17237628682996095,0.20955468841586974
6130,0.30918624244226384,0.09571604287471441,0.22764140527430357,0.14838480653177138,0.2023479760848085
6131,0.3154009317078006,0.10228782287822877,0.2214932396966461,0.14674476393326227,0.20225955016663588
6132,0.2973020120923778,0.08504656475136176,0.17727741678582418,0.13815406460773869,0.17434643533017366
6133,0.37139855287937357,0.09811280969952554,0.16760918749660625,0.13034433794817177,0.1714136423774514
6134,0.3004638715432649,0.08388683886838869,0.234984162609278,0.12403407880724168,0.22281857614174944
6135,0.4118267419962334,0.09270075557898436,0.18927111802928553,0.16614412495562647,0.31432466379729024
6136,0.3191951630488651,0.1087049727640133,0.22835816032869374,0.239258785942492,0.2296863224531493
6137,0.3699375557537912,0.11233878053066239,0.17691107531358025,0.20255307064252745,0.19620237477181757
6138,0.3838497373376945,0.18555614127569844,0.22514072652898692,0.1599900603478878,0.28956540670898157
6139,0.3801427297056199,0.19011772974872604,0.20859164871762376,0.18445012424565135,0.24784311098457573
6140,0.3742115174943007,0.2870708135652785,0.21768647396332963,0.21557969471068508,0.2670167975749861
6141,0.34106650807810485,0.2936425935687928,0.20774747054245316,0.20528647497337593,0.2268566930716283
6142,0.33910397462583014,0.29603936039360396,0.2215569512570363,0.2267944621938232,0.26403979166317765
6143,0.26132223213400735,0.28049903356176414,0.2401129432206917,0.18476251331203405,0.24433554956373202
6144,0.3221607691545247,0.12331751888947454,0.1953555720465528,0.18548100816471425,0.19493493661134462
6145,0.39401129943502816,0.09919522052363378,0.16467845571865547,0.1963052893148739,0.1499998325266701
6146,0.2676459510357815,0.09904059040590404,0.1683577983311915,0.18423145189918347,0.19425700457202186
6147,0.25318862127069086,0.0730627306273062,0.16891527448460605,0.1802641107561235,0.18694712866975932
6148,0.23851323223312518,0.12339483394833944,0.16348386396133863,0.15535108271210502,0.19580445814004116
6149,0.27061155714144114,0.14635740643120715,0.16620753316802114,0.17485977990770316,0.2113084691262916
6150,0.2889285360293388,0.20952380952380953,0.18839508407391978,0.17061128860489877,0.2125464319807071
6151,0.37067895728020606,0.32433667193814797,0.19831815960469867,0.2203436279730209,0.29406039088275193
6152,0.44699970264644656,0.11937445088736597,0.23140038733732732,0.17571884984025557,0.21300329922459843
6153,0.3562434334423629,0.10654015111579682,0.2370229325417654,0.21960951366702164,0.23185275744837633
6154,0.36828030528298145,0.08040766121946932,0.22934568951474224,0.18202910898118557,0.21593609217732077
6155,0.28168896818316974,0.11891056053417676,0.18224691849626232,0.16739368122115725,0.17867930532062767
6156,0.26707899692734655,0.10213319276049904,0.19545113938713818,0.21467376641817532,0.1802414965416757
6157,0.27065516899593617,0.2644175013178703,0.2606758493366395,0.26059495917642883,0.1954654921203798
6158,0.2617365447517098,0.28219996485679144,0.2793592644210755,0.2164700035498757,0.2212416472676726
6159,0.39529784914263055,0.21694605517483748,0.2831182464840992,0.18910472133475323,0.22127112257373013
6160,0.41734364158985027,0.38278685643999294,0.2421994968234719,0.1939623713170039,0.25543300229438465
6161,0.35351769253642573,0.32712001405728336,0.27258991112961317,0.22274902378416747,0.3206176416405687
6162,0.41590445039151547,0.28954489544895445,0.24751941211605635,0.20992545260915862,0.3781239637587714
6163,0.4762414510853405,0.20998769987699872,0.2352230809607414,0.20038196663116792,0.38009880926462464
6164,0.47940331053622753,0.23287295730100158,0.2568850114934207,0.21529854455094066,0.3576975766609167
6165,0.3281792050748339,0.18640660692321212,0.25936976234863973,0.26082925097621584,0.386214935271558
6166,0.29228664882545347,0.1182147250043929,0.22995094933844953,0.21420518281860132,0.26421664349952273
6167,0.3004856774705124,0.16730978738358807,0.22181179749859722,0.18423145189918347,0.2653809180887944
6168,0.29058578650014866,0.10522579511509401,0.2098021683650382,0.15269577564785228,0.23387181591331582
6169,0.2665338487461592,0.11280267088385168,0.20742891274050204,0.15205537806176775,0.22936209408651667
6170,0.2719853305580335,0.12470918994904234,0.16528371554236274,0.18888604898828534,0.22200800522516792
6171,0.23114282882347106,0.16321208926374978,0.13721877319046494,0.17361022364217252,0.1651796151462879
6172,0.2510298344731886,0.20248813916710598,0.15496244275914495,0.13446787362442306,0.17495067910435264
6173,0.25569630290415296,0.0929327007555789,0.14647287733714637,0.16972097976570819,0.17111888931687624
6174,0.2996134403806125,0.1015919873484449,0.14755597386378025,0.1753127440539581,0.20690191087069382
6175,0.29976608187134496,0.09672113863995782,0.1964068127929917,0.14038764643237478,0.2566857028018288
6176,0.31834473188621265,0.09239149534352488,0.2004684247678691,0.1477287894923677,0.28986015976955665
6177,0.4276578451779165,0.1952978386926726,0.177643758258068,0.1444487042953496,0.23552243305253634
6178,0.39270294380017834,0.16042874714461433,0.1944636102010896,0.1787177848775292,0.26100383513925407
6179,0.32161562097333735,0.18014408715515723,0.19932161668084486,0.24177351792687252,0.22441024266885498
6180,0.304061849539102,0.2806536636794939,0.15021593151007256,0.19935108271210503,0.21708562911356366
6181,0.37392804044008315,0.1407134071340713,0.18571919853753008,0.23463542776002835,0.2683431863475741
6182,0.3375339478640103,0.08597434545774026,0.16246447899509486,0.1896357827476038,0.21677613839995977
6183,0.3075944097531965,0.1967668248111052,0.1972032072978696,0.2094412495562655,0.20327644822562002
6184,0.3632431360888096,0.27562818485327706,0.1496106716863653,0.18029534966276178,0.2756825375558942
6185,0.2942491822777282,0.3104972764013354,0.1636590707524118,0.20712957046503366,0.3056883991224398
6186,0.36766973932005154,0.2924055526269549,0.29619504425419463,0.13977848775292864,0.30966756544020363
6187,0.371507582515611,0.2184923563521349,0.27719307136780746,0.1485878594249201,0.19730769874897416
6188,0.36156407969075227,0.28374626603408887,0.2776709080707343,0.2135335463258785,0.2482999782284671
6189,0.3527326791555158,0.28761201897733263,0.2536835055838114,0.1751409300674476,0.21497814473045163
6190,0.34520963425512935,0.26735547355473555,0.2866223823055621,0.17489101881434146,0.258778449531912
6191,0.2642442263851719,0.12277631347742049,0.23708664410215566,0.19182250621228253,0.22219959471454168
6192,0.25970859351769254,0.1195290810050957,0.23254719542435157,0.21703230386936453,0.20016680343655274
6193,0.28114382000198235,0.10646283605693199,0.22601676048435265,0.1921661341853035,0.20467652526335178
6194,0.2585746853008226,0.09904059040590404,0.22534778910025519,0.16608164714234994,0.1756433487967041
6195,0.24075924273961735,0.07932525039536108,0.18466795779109121,0.18897976570820021,0.18528177387750994
6196,0.25565269104965804,0.2216622737655948,0.16797552896885007,0.15155555555555553,0.19746981293229054
6197,0.27386064030131824,0.10190124758390438,0.2014400260638201,0.1524614838480653,0.17461171308469126
6198,0.2963207453662405,0.10105078193639079,0.16150880558924144,0.1889641462548811,0.19717505987171538
6199,0.30813955793438397,0.2760920752064664,0.18994008941338306,0.15544479943201986,0.20286379394081494
6200,0.3569630290415304,0.14264628360569312,0.22138174446596312,0.1569442669506567,0.20911255882500712
6201,0.44228962236098723,0.174732033034616,0.2350956578399609,0.15375789847355337,0.23388655356634452
6202,0.3458638120725543,0.1905043050430504,0.33966225633043123,0.2219992900248491,0.31753747215755895
6203,0.31642581028843286,0.1904269899841855,0.28630382450361097,0.207051473198438,0.26078277034382275
6204,0.3592090395480226,0.07491829204006321,0.2672699958370287,0.17148597799077026,0.26732628828859006
6205,0.36311230052532456,0.10831839746968891,0.30595884088399783,0.3233695420660276,0.2538265981142503
6206,0.3585112498761026,0.09548409769811977,0.29415627432170716,0.29270855520056793,0.24162382140644098
6207,0.41409455842997317,0.07886136004217179,0.31895599920360546,0.28596095136670213,0.2467083117013615
6208,0.44481910992169693,0.1287295730100158,0.2790725623993194,0.31952715654952074,0.3135730434928237
6209,0.35772623649519275,0.07654190827622556,0.3570395844268674,0.29808164714235,0.32736748672773863
6210,0.3469541084349291,0.21083816552451234,0.32758891563648207,0.2806815761448349,0.29714056036576175
6211,0.31849737337694517,0.12880688806888066,0.26147224384151746,0.2798381256656017,0.3319508968196815
6212,0.3457547824363167,0.2160955895273238,0.2799804521348802,0.2240766773162939,0.35513322503391337
6213,0.31769055406878777,0.3924512387981023,0.2734818729750765,0.226653887113951,0.29615313761283507
6214,0.3238616314798295,0.38843085573712877,0.24288439609766693,0.24777138800141993,0.29299927986468155
6215,0.2652472990385568,0.39144614303285885,0.22788032362576696,0.20636421725239612,0.23074743347121973
6216,0.2454911289523243,0.2674327886136005,0.2031602381943564,0.16911182108626194,0.2007563095577029
6217,0.2227257409059371,0.09177297487260584,0.19527593259606502,0.1492438764643237,0.178959320728174
6218,0.26786401030825646,0.10298365840801263,0.1903223587757244,0.13824778132765353,0.17036726901240976
6219,0.25480225988700567,0.09934985064136352,0.1850980108237253,0.14746325878594244,0.1602867143407412
6220,0.25988304093567244,0.11156562994201363,0.1761943202591901,0.14485481008164705,0.19055785366180428
6221,0.25327584497968075,0.15269724125812684,0.18673858350377376,0.13699822506212278,0.18121418164157352
6222,0.28690058479532166,0.17496397821121068,0.19237705659830945,0.15447639332623353,0.19994573864112136
6223,0.30358211913965705,0.2987453874538745,0.22458325037557234,0.22456088036918703,0.3768123126392122
6224,0.36612151848547925,0.28722544368300823,0.2055812774891853,0.27518352857649975,0.27700892632848223
6225,0.3282664287838239,0.11357582147250038,0.2201393690383536,0.24823997160099393,0.23195592101957765
6226,0.3564832986420854,0.16839219820769633,0.21647595431591518,0.23360454384096555,0.2503779873055216
6227,0.3418951333135098,0.11991565629942007,0.23398070553313183,0.22421725239616613,0.2546076937247744
6228,0.2936168103875508,0.10584431558601295,0.16099911310611956,0.2215619453319134,0.24063639865351444
6229,0.27244325503023087,0.15393428219996483,0.22662202030805983,0.20080369187078448,0.2250881747081777
6230,0.2642660323124194,0.1254050254788262,0.23930062082571626,0.2406332978345758,0.170352531359381
6231,0.37118049360689853,0.24787207872078723,0.27905663450922186,0.1849030883919062,0.18114049337642973
6232,0.33330359797799586,0.5478545071164997,0.2720165070861011,0.18791764288249901,0.24306811140325904
6233,0.32202993359103976,0.393224389386751,0.23152781045810775,0.18537167199148022,0.34291571067307536
6234,0.37772227178114776,0.38510630820593916,0.24508244493112993,0.16909620163294284,0.27597729061646925
6235,0.34778273367033397,0.4686065717800035,0.3047483212365834,0.2567994320198792,0.33214248630905524
6236,0.3792050748339776,0.3268107538218239,0.2549418089015186,0.2072545260915868,0.2957846962871163
6237,0.4334582218257508,0.21625021964505362,0.2960198374631215,0.21750088746893856,0.39465961045703474
6238,0.35290712657349593,0.42090318046037606,0.29041322014878096,0.16973659921902728,0.352745725243255
6239,0.27050252750520365,0.22390441047267612,0.28299082336331877,0.1584437344692935,0.18850931989080735
6240,0.2462761423332342,0.2201932876471622,0.19511665369508946,0.20128789492367766,0.19254743682068629
6241,0.2369213995440578,0.1804533473906167,0.16447139314738723,0.1819666311679091,0.15053038803570531
6242,0.2544097531965507,0.10244245299595851,0.18857029086499294,0.20133475328363507,0.20374805312254016
6243,0.2535593220338983,0.12022491653487964,0.17092218863689834,0.16495704650337237,0.16009512485136737
6244,0.24348498364555454,0.1578773502020734,0.18024000434397006,0.15936528221512236,0.1945370199795682
6245,0.2609951432252949,0.30346160604463185,0.17727741678582418,0.12787646432374863,0.21606873105457958
6246,0.26123500842501735,0.18462836056931992,0.23206935872142484,0.16881505147319842,0.20520708077238697
6247,0.28011894142134997,0.14836759796169388,0.28214664518814814,0.16228611998580045,0.2613722764649729
6248,0.3443810090197244,0.12037954665260937,0.22684501076942565,0.13685764998225056,0.2554919529064996
6249,0.35829319060362774,0.15323844667018097,0.22912269905337648,0.12886048988285406,0.23452027264658099
6250,0.3425056992764397,0.13367773677736772,0.2608192003475176,0.22456088036918703,0.18790507611662838
6251,0.2982178610367727,0.30678615357582145,0.21650781009611028,0.2724657436989705,0.2504369379176366
6252,0.30105263157894735,0.17635564927077838,0.27921591341019747,0.20138161164359242,0.18926094019527384
6253,0.31655664585191784,0.1271832718327183,0.2560408333182501,0.14507348242811494,0.16846611177170032
6254,0.30726732084448405,0.10893691794060795,0.21653966587630538,0.14474547390841314,0.17982884225687057
6255,0.4662107245514917,0.15022315937445088,0.2914485330051222,0.1995853745118921,0.19095577029358068
6256,0.574978689662008,0.13576524336671938,0.25086426903654363,0.15819382321618736,0.18958516856190646
6257,0.49800376647834277,0.19978211210683539,0.2000702275154301,0.21707916222932191,0.25779102677898547
6258,0.4147705421746456,0.2743138288525742,0.16015493493094893,0.16411359602413908,0.24877158312538727
6259,0.5490078303102389,0.19854507116499728,0.15660301543919347,0.16676890308839182,0.1986340875215622
6260,0.572689067301021,0.27091196626251973,0.22380278376079202,0.21536102236421723,0.2940751285357807
6261,0.5052215283972643,0.35201546301177294,0.20672808557620947,0.3131544195953141,0.34680645107266667
6262,0.34130637327782726,0.37281321384642424,0.20785896577313612,0.2368846290379836,0.26374503860260257
6263,0.31119238774903357,0.3031523458091724,0.1608239063150464,0.16601916932907346,0.20701981209492387
6264,0.239996035285955,0.10754524688104024,0.135052580137197,0.14365211217607377,0.17159049421379644
6265,0.22211517494300717,0.2627938850817079,0.16254411844558272,0.11166347177848775,0.2019500594530321
6266,0.2171434235305778,0.10422069934985059,0.17308838169016635,0.12734540291089813,0.17943092562509416
6267,0.21816830211121016,0.16267088385169565,0.14158301507719592,0.14793184238551646,0.1634258344358661
6268,0.2408246605213599,0.11017395888244591,0.15599775561548623,0.161880014199503,0.16625546381738704
6269,0.2278719397363465,0.16104726761553328,0.1378240330141722,0.11909833155839537,0.15554119006548206
6270,0.30680939637228666,0.11388508170795994,0.1976332603305037,0.16098970536031232,0.14843764130562206
6271,0.2967350579839429,0.18857142857142858,0.1847157414613839,0.2123308484203052,0.2996901743397364
6272,0.3304252155813262,0.14426989984185556,0.19855707795616204,0.1737820376286829,0.19212004488285234
6273,0.28777282188522146,0.16653663679493932,0.20567684482977058,0.1671437699680511,0.18062467552042338
6274,0.27586678560808797,0.2392127921279212,0.20037285742728372,0.19432161874334394,0.171133626969905
6275,0.2689106948161364,0.30292040063257775,0.2294253289652301,0.15472630457933967,0.15246102058247218
6276,0.25746258301120034,0.09007204357757856,0.24065449148400875,0.13990344337948166,0.218146740131634
6277,0.28546139359698675,0.09934985064136352,0.17912505203714088,0.16223926162584307,0.17713185175260834
6278,0.31167211814847845,0.08968546828325419,0.2018860069865518,0.19308768193113238,0.1988551523169935
6279,0.3761522450193279,0.09301001581444382,0.21220727976976958,0.2013972310969116,0.30235768953794107
6280,0.26862721776191895,0.17929362150764364,0.20453003674274645,0.24672488462903794,0.33298253253169435
6281,0.33901675091684014,0.13004392901071862,0.2141345544715741,0.20241249556265523,0.2857336169215053
6282,0.3471285558529091,0.11628184853277096,0.22267190356386535,0.18799574014909476,0.2624333874830433
6283,0.32394885518881944,0.15331576172904587,0.2141345544715741,0.2256386226482073,0.2415943461003835
6284,0.5065080781048666,0.2414549288350027,0.18575105431772515,0.23443237486687965,0.27566779990286544
6285,0.536164139161463,0.14821296784396412,0.24556028163405666,0.18491870784522538,0.2995133225033913
6286,0.3866190900981266,0.275009664382358,0.18167351445275023,0.1446517571884984,0.35952504563648235
6287,0.3032986420854396,0.19344227727991564,0.17659251751162913,0.1746567270145545,0.18318902714742677
6288,0.29239567846169096,0.23627481989105606,0.20338322865572228,0.13667021654242095,0.14609435447404995
6289,0.24239468728317962,0.1422597083113688,0.19608825499104054,0.1209258075967341,0.1409361759139857
6290,0.2382079492516602,0.10267439817255315,0.1611583920070951,0.13999716009939642,0.14696387600274652
6291,0.24741005055010404,0.07661922333509048,0.1430643088562689,0.14932197373091935,0.14659543467702768
6292,0.2738824462285658,0.08442804428044282,0.16471031149885057,0.13293716719914797,0.15175361323709197
6293,0.26204182773317475,0.10901423299947277,0.14462524208582955,0.10903940362087318,0.15526117465793574
6294,0.327917533947864,0.09494289228606564,0.2375166971347898,0.14693219737309185,0.18551757632597007
6295,0.3131549212013083,0.1278017923036373,0.22334087494796281,0.22285835995740144,0.28311031468238684
6296,0.32595500049558923,0.22359515023721666,0.18376006805553038,0.1602712105076322,0.22486710991274642
6297,0.4194152046783626,0.28127218415041294,0.18479538091187167,0.22321760738374152,0.18886302356349743
6298,0.3369669937555753,0.19382885257423996,0.2090217017502579,0.19352502662406815,0.2141380985078126
6299,0.3125661611656259,0.13097170971709712,0.16240076743470466,0.20878523251686187,0.24502821925608345
6300,0.3165348399246704,0.12339483394833944,0.14970623902695065,0.20172523961661332,0.19929728190785617
6301,0.2843274853801169,0.2689017747320331,0.23565313399337537,0.1393411430599928,0.2300842390849257
6302,0.28768559817623146,0.34405201194869095,0.23095440641459572,0.18680866169684054,0.19158948937381723
6303,0.35735553573198536,0.28815322438938673,0.1971394957374794,0.15133688320908767,0.18715345581216186
6304,0.3909802755476261,0.5166965383939555,0.2117135151767452,0.21292438764643234,0.22726934735643348
6305,0.31834473188621265,0.32781584958706733,0.27034407862585746,0.16915867944621932,0.23468238682989734
6306,0.3250173456239468,0.5125988402741171,0.19599268765045516,0.17959247426340072,0.15548223945336703
6307,0.371245911388641,0.4184290985767,0.25355608246303096,0.17489101881434146,0.18693239101673056
6308,0.44876598275349383,0.2774837462660341,0.192934532751724,0.2615946041888534,0.2819165647870577
6309,0.42632768361581913,0.25050079072219295,0.2205853499610852,0.2773390131345403,0.22007737267840094
6310,0.33906036277133506,0.2539026533122474,0.19154880631323642,0.22962158324458637,0.21715931737870744
6311,0.2793557339676875,0.21601827446845898,0.20126481927274695,0.20983173588924386,0.20452914873306421
6312,0.2631539300227971,0.13019855912844838,0.2120519828413184,0.21800070997515086,0.196836093852054
6313,0.31915155119437005,0.14241433842909856,0.1889326503647124,0.18615264465743697,0.17844350287216762
6314,0.26993557339676877,0.1245545598313126,0.1677366106173867,0.22204614838480652,0.14613856743313625
6315,0.27944295767667754,0.12965735371639422,0.16459881626816766,0.2150486332978345,0.17990253052201435
6316,0.25386460501536323,0.23225443683008257,0.15507393798982783,0.21632942847000347,0.1721210497228316
6317,0.2685836059074239,0.1633667193814795,0.17511122373255625,0.21967199148029812,0.2147570799350203
6318,0.3429854296758846,0.1601968019680197,0.2177661134138174,0.2133304934327298,0.2536497462779052
6319,0.32222618693626714,0.34845897030398876,0.24449311299752027,0.23839971600993962,0.33221617457419905
6320,0.37301219149568837,0.14140924266385513,0.24046335680283804,0.2317614483493077,0.27808477499958134
6321,0.3205689364654574,0.11388508170795994,0.2688627848467845,0.2449286474973376,0.18134682051883233
6322,0.3330419268510258,0.15099630996309957,0.23144817100762,0.27060702875399356,0.16106780995126527
6323,0.2735989691743482,0.14581620101915302,0.2051512244565512,0.2719503017394391,0.2592942673879185
6324,0.2906293983546437,0.14326480407661216,0.222432985212402,0.2682641107561235,0.2549761350504931
6325,0.2730538209931609,0.1646810753821824,0.1975536208800159,0.2376031238906638,0.2291852422501716
6326,0.05085142234116357,0.1519240906694781,0.2454647142934713,0.209269435569755,0.1978529919110381
6327,0.2854177817424918,0.18416447021613072,0.21394341979040343,0.21773517926872551,0.243009160791144
6328,0.3995500049558925,0.4481953962396767,0.2699936650437112,0.18813631522896698,0.26541039339485184
6329,0.3085320646248389,0.396935512212265,0.3312523303589205,0.21501739439119624,0.32094187000720137
6330,0.2988502329269502,0.48816728167281676,0.323049466958678,0.27913525026624064,0.26206494615732445
6331,0.34752106254336396,0.46280794236513795,0.34710058100599106,0.27270003549875754,0.270214868282226
6332,0.35316879770046583,0.542751713231418,0.3052261579395102,0.30311111111111105,0.24616301853929756
6333,0.3622182575081772,0.5285257424002812,0.2815254574743434,0.23780617678381255,0.18995360988762533
6334,0.32032907126573495,0.16761904761904764,0.2606121377762493,0.25175434859779905,0.27136440521846894
6335,0.2686490236891664,0.1782112106835354,0.23097033430469327,0.22153070642527511,0.21614241931972333
6336,0.2575280007929428,0.14867685819715334,0.2009144056906007,0.22031238906638262,0.16065515566646005
6337,0.26470215085736937,0.1394763661922333,0.193906134047675,0.13895065672701454,0.19141263753747212
6338,0.26382991376746945,0.13035318924617817,0.16977538054987418,0.13659211927582532,0.15023563497513015
6339,0.27170185350381604,0.14001757160428743,0.15266882658509653,0.1548512602058927,0.2025690408802398
6340,0.24594905342452172,0.13066244948163766,0.17590761823743417,0.1427305644302449,0.20197953475908956
6341,0.24568738229755177,0.1372342294851519,0.1991304819996742,0.14546396876109333,0.16939458391251194
6342,0.3154009317078006,0.15153751537515367,0.17273796810802003,0.1543982960596379,0.17446433655440363
6343,0.3012924967786698,0.12401335441925848,0.1744103965682636,0.1891671991480298,0.21879519686489923
6344,0.3658598473585092,0.28784396415392727,0.2135133667577693,0.2416641817536386,0.1966150290566227
6345,0.3435959956388145,0.19583904410472672,0.2089579901898676,0.20881647142350018,0.26291973003299224
6346,0.34758648032510653,0.19985942716570018,0.22020308059874386,0.20021015264465739,0.31830383011505414
6347,0.34906928337793625,0.1682375680899666,0.21802095965537835,0.2224053958111466,0.18339535428982937
6348,0.36941421349985126,0.1683148831488315,0.24369671849264235,0.22705999290024845,0.2260461221550468
6349,0.3237307959163445,0.2806536636794939,0.23678401419030207,0.21411146609868645,0.23064426990001838
6350,0.3281573991475864,0.3506237919522053,0.2518677261126898,0.19586794462193816,0.22586927031870177
6351,0.28966993755575376,0.3660094886663152,0.28026715415663633,0.26234433794817175,0.17041148197149603
6352,0.3201982357022499,0.3584326128975575,0.31427319951492333,0.33680227192048273,0.21338647820334608
6353,0.32028545941124,0.5395044807590933,0.29315281724556097,0.31629392971246,0.22379126124164728
6354,0.34701952621667154,0.31884730275874185,0.2501634418722511,0.33394391196308126,0.24323022558657528
6355,0.40290811775200713,0.3619891056053418,0.2877373346123911,0.3214327298544551,0.2993069953609887
6356,0.42613143027059175,0.44,0.31339716555955754,0.2757458288959886,0.2757120128619517
6357,0.328004757656854,0.5192479353364963,0.2518358703324947,0.24157046503372379,0.20421965801946035
6358,0.30942610764198625,0.3582006677209629,0.2552444388133721,0.2445225417110401,0.20685769791160752
6359,0.27418772921003065,0.13878053066244947,0.27779833119151476,0.25651828186013487,0.19132421161929963
6360,0.2616275151154723,0.1791389913899139,0.22504515918840154,0.25351934682286115,0.1805509872552796
6361,0.25772425413817024,0.1294254085397997,0.20551756592879503,0.24494426695065666,0.21306224983671346
6362,0.27686985826147287,0.1407907221929362,0.2514854567503484,0.18687113951011713,0.2228333137947781
6363,0.2634374070770145,0.12037954665260937,0.1916125178736266,0.16789350372736955,0.19779404129892308
6364,0.2940747348597482,0.13970831136882797,0.21647595431591518,0.17857720979765698,0.17001356533971965
6365,0.27311923877490335,0.12014760147601472,0.20390884902894169,0.1654412495562655,0.182628996332334
6366,0.32412330260679945,0.14233702337023366,0.19425654762982134,0.22285835995740144,0.22079951767680991
6367,0.291610665080781,0.1524652960815322,0.20906948542055057,0.1954462193823216,0.1753338580831002
6368,0.3187808504311626,0.24702161307327355,0.2271476406812793,0.2082073127440539,0.1904399524375743
6369,0.3189771037763901,0.10932349323493233,0.2397625296385455,0.22182747603833863,0.26224179799366953
6370,0.3783110318168302,0.16413986997012828,0.30570399464243697,0.25134824281150153,0.2603701160590176
6371,0.3570938646050153,0.10715867158671584,0.22983945410776663,0.2319488817891373,0.2777310713268911
6372,0.27239964317573595,0.16553154102969597,0.3024865608427302,0.24724032658856934,0.24816733935120827
6373,0.3088809594607988,0.1850149358636443,0.2892823399518543,0.22081221157259492,0.2512180335281606
6374,0.40532857567647934,0.1799894570374275,0.2843765498018063,0.2401334753283635,0.19434543049019437
6375,0.41136881752403603,0.12099806712352833,0.2225444804430849,0.23527582534611285,0.1883619433605198
6376,0.30798691644365145,0.15184677561061324,0.2527278321779579,0.24331984380546673,0.24947899047076755
6377,0.2630012885320646,0.2770971709717097,0.23991511882568003,0.27772949946751857,0.21578871564703314
6378,0.2739914758648032,0.1682375680899666,0.24293886948180055,0.22826269080582176,0.2519254408735409
6379,0.3542590940628406,0.3578914074855034,0.26124925338015165,0.22420163294284695,0.2988501281170973
6380,0.3831301417385271,0.16808293797223686,0.25164473565132395,0.2053645722399716,0.25767312555475547
6381,0.4060917831301417,0.1837005798629415,0.27679487411536857,0.21487681931132402,0.2777310713268911
6382,0.35986321736544746,0.14836759796169388,0.2687672175061992,0.24875541356052533,0.28722211987740953
6383,0.2926791555159084,0.17272184150412928,0.23716628355264346,0.20698899538516144,0.3192470399088945
6384,0.2886232530478739,0.16568617114742573,0.22713171279118172,0.22371742988995383,0.27512250674080146
6385,0.2554564377044305,0.12277631347742049,0.20742891274050204,0.2313553425630102,0.19474334712197078
6386,0.27372980473783326,0.13159023018801616,0.186117395789969,0.16748739794107198,0.18131734521277484
6387,0.2911309346813361,0.12787910736250213,0.224631034045865,0.18554348597799072,0.21310646279579976
6388,0.28526514025175936,0.1339869970128273,0.1766243732918243,0.1640823571175009,0.19265060039188753
6389,0.26228169293289716,0.13267264101212442,0.21894477728103676,0.16114589989350372,0.20595870107685346
6390,0.31034195658638114,0.14921806360920747,0.25083241325634853,0.21798509052183168,0.23805730937348218
6391,0.3876221627515115,0.40002811456685994,0.26938840522000396,0.2474433794817181,0.34567165178945247
6392,0.44039250669045493,0.2767879107362502,0.20875092761859934,0.26876393326233583,0.29186448058146736
6393,0.40552482902170683,0.12888420312774557,0.24845915763181234,0.2243890663826766,0.2221406441024267
6394,0.3635048072157796,0.1317448603057459,0.26131296494054185,0.19399361022364214,0.23782150692502216
6395,0.3751709782931905,0.10994201370585127,0.22173215804810945,0.17812424565140217,0.2507464286312404
6396,0.33336901575973826,0.3182287822878228,0.21104454379264784,0.19835143769968047,0.33255514059386043
6397,0.32074338388343737,0.10955543841152698,0.23501601838947314,0.21025346112886042,0.22579558205355799
6398,0.31998017642977494,0.20991038481813382,0.21975709967601217,0.17756194533191338,0.19534759089614973
6399,0.4022975517890772,0.14187313301704443,0.3079498271461926,0.20456798012069574,0.2755056857195491
6400,0.35626523936961046,0.3438973818309612,0.312154790131948,0.2007724529641462,0.2669725846158999
6401,0.2835206660719596,0.4304902477596204,0.2953349381889265,0.20388072417465386,0.21141163269749294
6402,0.36828030528298145,0.42902126164118787,0.24041557313254536,0.19386865459708902,0.24667883639530402
6403,0.5807572603825949,0.3022245651027939,0.2869250122174156,0.19319701810436632,0.23491818927835736
6404,0.6579066309842402,0.44208750658935164,0.31671016669984975,0.25472204472843446,0.2857630922275628
6405,0.46839131727624145,0.3886628009137234,0.34389907509638185,0.38733120340788063,0.34530321046373363
6406,0.3819308157399148,0.34405201194869095,0.34886857680682,0.36427689030883914,0.37311316172899467
6407,0.36376647834274944,0.1598102266736953,0.24751941211605635,0.279291444799432,0.29773006648691197
6408,0.37754782436316775,0.16390792479353364,0.2635587974442976,0.2424920127795527,0.29316139404799785
6409,0.4249757161264744,0.08713407134071341,0.2142141939220619,0.27027902023429173,0.31080236472341777
6410,0.2974764595103578,0.12123001230012297,0.2272909916921573,0.20580191693290734,0.2438934199728693
6411,0.3251045693329368,0.09455631699174134,0.1953077883762602,0.17250124245651396,0.24190383681398742
6412,0.3170581821786103,0.13267264101212442,0.22369128853010914,0.16844018459353924,0.24812312639212197
6413,0.2928317970066408,0.07955719557195565,0.21305145794494013,0.21662619808306707,0.28203446601128773
6414,0.3373595004460303,0.19645756457564573,0.32461040018823867,0.20716080937167192,0.2635829244192862
6415,0.3919615422737635,0.20256545422597078,0.29592427012253614,0.2612353567625133,0.3807472659978898
6416,0.4343522648428982,0.10986469864698645,0.25033864866332417,0.32663400780972657,0.29714056036576175
6417,0.3454276935276042,0.11659110876823053,0.2925316295317562,0.22949662761803336,0.2490958114920199
6418,0.3569412231142829,0.11720962923914949,0.21978895545620727,0.28555484558040467,0.21910468757850315
6419,0.3683675289919714,0.10824108241082409,0.2708696989990768,0.29281789137380193,0.24414396007435815
6420,0.31769055406878777,0.19197329116148304,0.2939651396405365,0.21642314518991831,0.283464018355077
6421,0.3092516602240063,0.3053944825162537,0.2700414487140039,0.18872985445509405,0.2183678049270654
6422,0.27026266230548124,0.37072570725707255,0.21000923093630647,0.19352502662406815,0.24511664517425605
6423,0.3882327287144414,0.34536636794939374,0.27641260475302715,0.20347461838835632,0.2550056103565507
6424,0.3295529784914263,0.25970128272711296,0.2671266448261507,0.24967696130635422,0.23764465508867708
6425,0.35772623649519275,0.2747777192057635,0.21709714202971997,0.18476251331203405,0.21738038217413874
6426,0.3251481811874318,0.3788437884378844,0.23953953917717966,0.16020873269435568,0.3436673309775418
6427,0.3826286054118347,0.2370479704797048,0.29992217053702325,0.27016968406105785,0.27432667347724876
6428,0.34904747745068887,0.19259181163240197,0.3235750873318974,0.2191565495207667,0.2906707306861382
6429,0.36509663990484675,0.15780003514320856,0.2903972922586834,0.28792900248491304,0.341972500879235
6430,0.3397799583705025,0.2049622210507819,0.2850455211859038,0.23233936812211567,0.34618746964545893
6431,0.3503122212310437,0.1700931295027236,0.26985031403283316,0.19516506922257718,0.2460598549680963
6432,0.3060025770641292,0.24385169565981374,0.2069670039276728,0.19663329783457573,0.20587027515868098
6433,0.2663157894736841,0.15014584431558597,0.1874871943383591,0.1821696840610578,0.20001942690626512
6434,0.26847457627118637,0.1388578457213143,0.22133396079567044,0.18565282215122464,0.20317328465441875
6435,0.2846327683615819,0.12571428571428567,0.20414776738040502,0.17793681221157256,0.18121418164157352
6436,0.27120031717712356,0.1529291864347215,0.18774204057991992,0.16041178558750435,0.22414496491433739
6437,0.2573971652294578,0.10831839746968891,0.193507936795236,0.1501185658501952,0.21309172514277103
6438,0.3299018733273862,0.16854682832542606,0.26394106680663904,0.1676904508342208,0.19932675721391366
6439,0.3295965903459213,0.12215779300650147,0.29485710148599975,0.14808803691870778,0.3153562995093031
6440,0.3660561007037367,0.3063995782814971,0.25174030299190936,0.21326801561945324,0.28571887926847656
6441,0.33916939240757255,0.1231628887717448,0.304222700863364,0.22404543840965563,0.2420217380382174
6442,0.3147031420358807,0.21717800035143212,0.22501330340820647,0.2834149804756833,0.21469812932290527
6443,0.3183665378134602,0.31111579687225444,0.24527357961230065,0.22409229676961298,0.2077714323993904
6444,0.323752601843592,0.16460376032331747,0.2594653296892251,0.2063954561590344,0.20715245097218266
6445,0.2865953018138567,0.14280091372342296,0.2477742583576173,0.2010848420305289,0.21684982666510355
6446,0.275605114481118,0.12370409418379892,0.26631432243117514,0.17047071352502657,0.2164813853393847
6447,0.43330558033501826,0.14991389913899134,0.24833173451103177,0.19446219382321617,0.24893369730870354
6448,0.40079294280899985,0.22344052011948692,0.2846632518235624,0.2009286474973376,0.27239604093048175
6449,0.6094538606403014,0.19112282551396936,0.29708700609965794,0.1813262335818246,0.29019912578921797
6450,0.5077292100307265,0.3596696538393956,0.27644446053322236,0.20506780262690796,0.29574048332803005
6451,0.46204579244721966,0.31250746793182216,0.28345273217614797,0.2617976570820021,0.26919797022324193
6452,0.3827812469025671,0.32851168511685114,0.31503773823960607,0.2871480298189564,0.27127597930029645
6453,0.33330359797799586,0.5336285362853629,0.2369432930912776,0.2798225062122825,0.2625365510542446
6454,0.3422004162949747,0.4251555086979441,0.23367807562127818,0.23715015974440895,0.2861904841653966
6455,0.32530082267816435,0.3399543138288526,0.22864486235044976,0.26039190628328,0.2581889434107618
6456,0.32608583605907426,0.31204357757863294,0.24267733352639867,0.1806077387291444,0.22726934735643348
6457,0.28038061254832,0.18076260762607627,0.18046299480533579,0.1995853745118921,0.16777344207934886
6458,0.28358608385370204,0.0798664558074152,0.19725099096816232,0.20577067802626905,0.1845154159200147
6459,0.2780473783328377,0.11690036900369001,0.1990189867689912,0.19065104721334752,0.203099596389275
6460,0.31365645752800075,0.1145036021788789,0.1771499936650437,0.19833581824636132,0.19089681968146566
6461,0.311388641094261,0.19081356527850987,0.19518036525547963,0.20937877174298894,0.18671132622129924
6462,0.31459411239964313,0.13027587418731326,0.22085612409274372,0.21142492012779543,0.2276525263351811
6463,0.43064525721082364,0.1182920400632577,0.23872721678220413,0.22709123180688673,0.3159900185895396
6464,0.3724452373872533,0.1899630996309963,0.24019258267117952,0.2094568690095846,0.2522496692401735
6465,0.44392506690454947,0.29348796345106304,0.24180129957103288,0.2068796592119275,0.28361139488536447
6466,0.39460005947071064,0.4138675101036724,0.23143224311752247,0.22979339723109687,0.227239872050376
6467,0.3668411140846466,0.33322790370760846,0.2754728592372712,0.18813631522896698,0.23902999447338005
6468,0.33971454058876005,0.09989105605341764,0.21950225343445123,0.24153922612708556,0.28452512937314733
6469,0.39564674397859045,0.09347390616763311,0.2443816177668374,0.2481618743343983,0.258660548307682
6470,0.3431598770938646,0.11295730100158144,0.23530272041122915,0.26390628328008514,0.2308653346954497
6471,0.36027752998314994,0.206121946933755,0.22867671813064488,0.22877813276535316,0.22082899298286743
6472,0.3698067201903062,0.10816376735195918,0.2660116925193216,0.2210308839190628,0.22445445562794128
6473,0.33546238477549806,0.09239149534352488,0.30409527774258355,0.24680298189563357,0.23481502570715612
6474,0.39032609773020116,0.10584431558601295,0.2708696989990768,0.20186581469648554,0.2903759776255631
6475,0.34093567251461987,0.08914426287120006,0.28488624228492815,0.22218672346467871,0.27244025388956805
6476,0.3639409257607295,0.14488842031277452,0.3147032525475574,0.323182108626198,0.32080923112994253
6477,0.35157696501139857,0.11628184853277096,0.2693406215497113,0.26373446929357475,0.2630376312572223
6478,0.3369233819010804,0.12416798453698821,0.25584969863707935,0.2525977990770323,0.3254221165279429
6479,0.3303379918723361,0.12347214900720437,0.24954225415844622,0.25861128860489874,0.2822407931536903
6480,0.28609376548716414,0.2471762431910033,0.22270375934406048,0.24758395456159032,0.2977005911808544
6481,0.2927227673704034,0.14859954313828855,0.23969881807815524,0.23387007454739078,0.20656294485103244
6482,0.2978253543463177,0.08311368827973992,0.22098354721352423,0.23340149094781673,0.23191170806049136
6483,0.31956586381207247,0.10754524688104024,0.18103639884884787,0.213002484913028,0.24787258629063322
6484,0.3015541679056398,0.10568968546828322,0.24318702600952047,0.1973205537806176,0.22947999531074675
6485,0.2988502329269502,0.08813916710595673,0.23586019656464363,0.20214696485623,0.24302389844417274
6486,0.3369233819010804,0.10816376735195918,0.2636065811145903,0.23782179623713168,0.2879000519167323
6487,0.343792248984042,0.09231418028465996,0.3075516298937537,0.292833510827121,0.33252566528780286
6488,0.4535196748934483,0.15586715867158674,0.2527278321779579,0.2626567270145545,0.27213076317596424
6489,0.39525423728813563,0.3182287822878228,0.25011565820195836,0.2398054668086617,0.26639781614777847
6490,0.36012488849241747,0.17163943068002105,0.22600083259425505,0.25525310614128494,0.21751302105139755
6491,0.40593914163940925,0.13483746266034088,0.22278339879454834,0.24600638977635775,0.22106479543132757
6492,0.3209832490831599,0.14782639254963975,0.25153324042064107,0.2201405750798722,0.234402371422351
6493,0.29555753791257805,0.13607450360217885,0.22550706800123074,0.20394320198793042,0.25132119709936196
6494,0.2855704232332243,0.10808645229309435,0.23203750294122966,0.23108981185658498,0.29943963423824754
6495,0.34049955396966985,0.10638552099806708,0.22872450180093756,0.2689357472488462,0.2818576141749426
6496,0.43938943403707,0.2269970128272711,0.24027222212166738,0.30362655307064246,0.3097412537053474
6497,0.37676281098225783,0.2809629239149534,0.25268004850766523,0.22010933617323392,0.2596037581015223
6498,0.3579224898404202,0.18725707257072569,0.23716628355264346,0.22354561590344332,0.2706569978730887
6499,0.43038358608385363,0.07352662098049549,0.22507701496859672,0.2697011004614838,0.3240515147962687
6500,0.3866627019526216,0.05543489720611489,0.3170765081720936,0.295051473198438,0.27180653480933165
6501,0.4422242045792447,0.08102618169038826,0.31226628536263096,0.25528434504792336,0.2837735090686808
6502,0.3671463970661116,0.08651555086979437,0.29802675161541375,0.2465843095491658,0.3309782117197836
6503,0.35101001090296363,0.26055174837462663,0.27993266846458753,0.23657223997160098,0.34556848821825126
6504,0.32599861235008415,0.14713055701985592,0.27792575431229527,0.2135179268725594,0.33025606672137464
6505,0.3208960253741698,0.12470918994904234,0.27537729189668586,0.1654412495562655,0.21729195625596626
6506,0.3248210922787194,0.1484449130205587,0.23265869065503444,0.2400085197018104,0.21710036676659242
6507,0.30275349390425216,0.1267193814795291,0.23175080091947364,0.1956336528221512,0.26505668972216173
6508,0.30203389830508476,0.1422597083113688,0.2382493800792774,0.18665246716364925,0.20081526016981793
6509,0.30726732084448405,0.12254436830082585,0.2427091893065938,0.1651132410365637,0.22535345246269528
6510,0.3313410645257211,0.22336320506062202,0.2663461782113703,0.1939311324103656,0.22956842122891924
6511,0.32985826147289127,0.16413986997012828,0.2345541095766439,0.1938842740504082,0.3578154778851468
6512,0.403126177024482,0.13205412054120536,0.21602997339318358,0.21065956691515797,0.32786856693071625
6513,0.39649717514124294,0.13251801089439466,0.3490915672681858,0.20923819666311672,0.32907705447907426
6514,0.403911190405392,0.16761904761904764,0.3576129884703795,0.2689669861554845,0.33096347406675486
6515,0.42089800773119235,0.16553154102969597,0.29850458831834054,0.35916932907348237,0.33102242467886983
6516,0.3874041034790365,0.15084167984536984,0.2796459664428315,0.2614227902023428,0.35880290063807335
6517,0.40188323917137475,0.17828852574240023,0.2956694238809752,0.22524813631522894,0.34409472291537574
6518,0.4017960154623847,0.13429625724828675,0.31944976379662976,0.18579339723109686,0.35470583309607945
6519,0.456179998017643,0.17202600597434542,0.30478017701677856,0.1980234291799787,0.36341578603607366
6520,0.42709089106948156,0.2661184326128976,0.3788926496407174,0.22681008164714228,0.35607643482775364
6521,0.512439290316186,0.1768968546828325,0.40643197161939576,0.23663471778487755,0.37043090887776126
6522,0.4823253047873922,0.1664593217360745,0.37400278738076703,0.21826624068157613,0.3185985831756292
6523,0.43699078203984537,0.13406431207169212,0.3406179297362848,0.237400070997515,0.41280166133543233
6524,0.39791456041233025,0.1236267791249341,0.3248015348694093,0.26495278665246713,0.33360151395890203
6525,0.34963623748637124,0.10391143911439113,0.29842494886785276,0.23413560525381613,0.31736062032121387
6526,0.3606264248191099,0.15238798102266737,0.3168375898206302,0.26112602058927936,0.30577682504061227
6527,0.33456834175835065,0.0790159901599016,0.26190229687415156,0.2807128150514732,0.29634472710220894
6528,0.3410228962236098,0.07499560709892812,0.24380821372332526,0.2451317003904863,0.25046641322369406
6529,0.28114382000198235,0.08017571604287467,0.23249941175405886,0.2626567270145545,0.24371656813652418
6530,0.32383982555258195,0.17442277279915655,0.21254176546181822,0.23321405750798713,0.22865468674113645
6531,0.3011834671424323,0.08241785274995607,0.20172672808557615,0.2388682996095136,0.2560814590276499
6532,0.3003330359797799,0.06548585485854852,0.23385328241235137,0.25808022719204826,0.25852790943042325
6533,0.28809991079393393,0.10097346687752588,0.20808195623450196,0.2268569400070997,0.2198710455359984
6534,0.32318564773515707,0.057290458618871894,0.19052942134699263,0.19797657082002124,0.20097737435313426
6535,0.33123203488948355,0.08605166051660518,0.2678752556607359,0.22128079517216895,0.3047599269816281
6536,0.323796213698087,0.061156211562115564,0.2542250538471284,0.20272488462903793,0.2795880156085144
6537,0.4062226186936267,0.08303637322087501,0.30505095114843706,0.18496556620518276,0.3019597729061647
6538,0.4489186242442264,0.16893340361975043,0.2710767615703451,0.2572836350727724,0.38798345363500863
6539,0.4362275745861829,0.27230363732208746,0.2771452876975148,0.2466467873624423,0.3239630888780961
6540,0.4323897313906234,0.29820418204182036,0.25978388749117626,0.17093929712460057,0.2416532967124985
6541,0.37453860640301306,0.1114109998242839,0.3178091911165812,0.2159077032303869,0.3654053691949557
6542,0.3865100604618891,0.1278017923036373,0.2650719470035657,0.2565651402200922,0.4072013531845054
6543,0.3493527604321538,0.08945352310665962,0.21845101268801237,0.2791040113596024,0.3353110817102376
6544,0.3389949449895926,0.11148831488314881,0.199098626219479,0.2442101526446574,0.30219557535462477
6545,0.38655367231638416,0.08837111228255139,0.20639359988416076,0.29134966276180324,0.3479265127028521
6546,0.3845257210823669,0.11295730100158144,0.2732270267335155,0.24172665956691516,0.30747165513891916
6547,0.37846367330756264,0.08968546828325419,0.33980560734130927,0.2875541356052538,0.3410145534323659
6548,0.42698186143324407,0.11566332806185203,0.24779018624771487,0.300877529286475,0.3664812178660548
6549,0.3475428684706115,0.20905991917062025,0.25930605078824953,0.32018317358892434,0.3009576125002093
6550,0.3524273961740509,0.11983834124055526,0.24925555213669026,0.2625005324813631,0.3205292157223962
6551,0.3576826246406977,0.10367949393779648,0.2261601114952306,0.2769953851615193,0.29553415618562745
6552,0.327699474675389,0.09842206993498502,0.22445582725479188,0.2883663471778487,0.2774952688784311
6553,0.288143522648429,0.08172201722017212,0.22929790584444967,0.23224565140220083,0.22934735643348797
6554,0.3213321439191198,0.0943243718151467,0.20110554037177136,0.20153780617678374,0.2166582371757297
6555,0.28775101595797403,0.08118081180811809,0.1982066643740158,0.21803194888178906,0.22218485706151295
6556,0.3540846466448607,0.12733790195044803,0.22418505312313342,0.23188640397586083,0.2590879402455158
6557,0.31348201011002075,0.08419609910384816,0.2449072381400568,0.22182747603833863,0.23337073571033817
6558,0.3844603033006244,0.09842206993498502,0.23896613513366757,0.27891657791977276,0.26523354155850676
6559,0.40593914163940925,0.18339131962748195,0.2382493800792774,0.26029818956336526,0.43287434476059683
6560,0.43352363960749324,0.11759620453347386,0.24807688826947094,0.25625275115370955,0.339142871497714
6561,0.367996828228764,0.10499384993849936,0.3006867092617061,0.28435214767483136,0.23821942355679854
6562,0.3403469124789375,0.15633104902477596,0.25887599775561543,0.224670216542421,0.2950920265947648
6563,0.327655862820894,0.3036935512212265,0.2655975673767851,0.2255292864749734,0.2320738222438076
6564,0.3106908514223411,0.19591635916359162,0.3017060942279498,0.23210507632232869,0.2567151781078863
6565,0.35572009118842296,0.28877174486030577,0.2145964632844033,0.24442882499112528,0.27441509939542125
6566,0.31391812865497076,0.2757828149710068,0.26511973067385836,0.19230670926517565,0.3257021319354893
6567,0.38659728417087913,0.19692145492883503,0.32451483284765337,0.22476393326233582,0.30554102259215216
6568,0.45308355634849834,0.08226322263222634,0.3318416622925301,0.2769329073482428,0.23472659978898353
6569,0.435747844186738,0.10831839746968891,0.35031801480569785,0.2856641817536386,0.23581718611311153
6570,0.3602121122014074,0.08272711298541555,0.291098119422976,0.22710685126020586,0.25662675218971376
6571,0.3962136980870255,0.2487998594271657,0.35735814222881856,0.2418516151934682,0.3355026711996114
6572,0.39499256616116557,0.19800386575294318,0.32217343300331225,0.29306780262690807,0.3398797541491517
6573,0.3848091981365843,0.1005868915832015,0.28963275353400064,0.3218075967341143,0.3534531325886353
6574,0.343966696402022,0.12115269724125806,0.2800919473655632,0.24920837770678028,0.43184270904858396
6575,0.32992367925463373,0.0920049200492005,0.25506923202229903,0.2891941782037628,0.30882751921756463
6576,0.35343046882743573,0.10638552099806708,0.27002552082390624,0.2647965921192758,0.25419503943996913
6577,0.31535731985330556,0.08697944122298366,0.2990461365816575,0.26601490947816825,0.2396637135536166
6578,0.28742392704926156,0.1015919873484449,0.27126789625151587,0.27715157969471066,0.21941417829210696
6579,0.3018594508871047,0.08164470216130729,0.274182700139369,0.2024281150159744,0.26505668972216173
6580,0.32290217068093957,0.1231628887717448,0.18356893337435973,0.16701881434149798,0.2514390983235919
6581,0.3902824858757062,0.11512212264979792,0.24090933772556963,0.1990386936457224,0.29700792148850297
6582,0.4072693032015065,0.18609734668775255,0.2683212365834675,0.2399148029818956,0.2762278307179582
6583,0.3937932401625533,0.08496924969249692,0.3014034643160962,0.2900532481363152,0.3054673343270084
6584,0.42510655168995937,0.10522579511509401,0.27271733425039363,0.2632346467873624,0.31660900001674736
6585,0.38733868569729407,0.10885960288174303,0.2392687650455212,0.29003762868299604,0.3099770561538075
6586,0.4130914857765883,0.12215779300650147,0.2824811308801969,0.2893972310969115,0.30377250422870156
6587,0.4124155020319159,0.1512282551396942,0.23127296421654692,0.3104366347177848,0.29941015893219
6588,0.3813420557042323,0.1056123704094184,0.2851410885264892,0.2810564430244941,0.31341092930950737
6589,0.37203092476955096,0.13878053066244947,0.3149262430089232,0.27348100816471416,0.34677697576660915
6590,0.33670532262860536,0.19692145492883503,0.2544639721985918,0.3194490592829251,0.3494739662708714
6591,0.5499018733273863,0.1145036021788789,0.29519158717804844,0.25828328008519696,0.3811893955887524
6592,0.6259173357121618,0.08496924969249692,0.3048598164672664,0.2774952076677316,0.3509477315737468
6593,0.5891089305183863,0.1819223335090494,0.23213307028181504,0.3131856585019524,0.322828289594882
6594,0.5830468827435822,0.21934282199964852,0.25159695198103127,0.3198395456159034,0.3267042923414446
6595,0.4698523144018238,0.14334211913547706,0.2890912052706836,0.27349662761803334,0.37897874763443923
6596,0.39904846862920007,0.10128272711298536,0.2657249904975656,0.297144479943202,0.3738205690743749
6597,0.6173912181583903,0.13321384642417852,0.34416984922804034,0.3108739794107206,0.44988159635578034
6598,0.4500307265338488,0.13244069583552975,0.2843765498018063,0.2649059282925097,0.4199346854013498
6599,0.3975002477946278,0.16058337726234398,0.2788973556082463,0.2588455804046858,0.34730753127564434
6600,0.3472375854891465,0.1687014584431558,0.309813390287607,0.30704721334753277,0.35165513891912714
6601,0.3149866190900981,0.09386048146195741,0.23965103440786256,0.32546254881079156,0.34344626618211044
6602,0.31655664585191784,0.10654015111579682,0.27415084435917386,0.29250550230741923,0.29924804474887373
6603,0.3175597185053028,0.0916183447548761,0.22872450180093756,0.2837898473553425,0.28567466630939026
6604,0.3187372385766677,0.10669478123352655,0.21953410921464633,0.24444444444444446,0.2762278307179582
6605,0.31976211715729996,0.09084519416622734,0.24423826675595933,0.22293645722399708,0.3022103130076535
6606,0.3747130538209931,0.13514672289580035,0.2674292747380043,0.25698686545970884,0.2864262866138568
6607,0.35561106155218547,0.0920822351080653,0.27144310304258906,0.2885850195243166,0.3537184103431528
6608,0.3926593319456834,0.10924617817606742,0.28796032507375696,0.2505516506922258,0.36238415032406085
6609,0.3923104371097234,0.09509752240379539,0.26625061087078494,0.20370891018814338,0.33886285609016764
6610,0.35367033402715825,0.20658583728694427,0.254240981737226,0.2482555910543131,0.3145162532866641
6611,0.37009019724452374,0.22413635564927076,0.22042607106010964,0.2868356407525736,0.3147520557351241
6612,0.3310357815442561,0.31621859075733616,0.21395934768050093,0.3083436279730209,0.31531208655021686
6613,0.31189017742095343,0.13847127042698998,0.2872913536896595,0.21612637557685477,0.31122975666125163
6614,0.29819605510952524,0.09958179581795816,0.2205694220709877,0.24591267305644302,0.24053323508231317
6615,0.4041946674596095,0.16058337726234398,0.26613911564010206,0.22209300674476387,0.2653514427827368
6616,0.40443453265933194,0.3451344227727992,0.36575214031023184,0.2916308129215477,0.2898012091574417
6617,0.3561562097333729,0.26379898084695136,0.3256138572643849,0.18512176073837416,0.24381973170772553
6618,0.38103677272276737,0.26681426814268144,0.3175543448750204,0.2642186723464679,0.3354437205874964
6619,0.5528892853602934,0.16120189773326302,0.3739072200401817,0.31882428115015965,0.2969931838354742
6620,0.5584061849539103,0.10885960288174303,0.3189082155333128,0.2813844515441959,0.2866178761032306
6621,0.5146634948954306,0.12416798453698821,0.31186808811019195,0.260969826056088,0.3040377819832191
6622,0.38653186638913656,0.10313828852574236,0.33539358178428563,0.21101881434149797,0.3140004354306577
6623,0.3384716027356527,0.11937445088736597,0.28721171423917174,0.24902094426695057,0.2842451139656009
6624,0.34433739716522943,0.11365313653136529,0.2440630599648862,0.2934426695065672,0.2770384016345397
6625,0.31404896421845563,0.09602530311017389,0.24110047240674035,0.2881476748313808,0.3199691849073034
6626,0.30140152641490725,0.12749253206817776,0.24825209506054408,0.2773233936812211,0.27392875684547235
6627,0.31119238774903357,0.11202952029520293,0.2682256692428822,0.27604259850905216,0.2635681867662575
6628,0.30646050153632665,0.21485854858548584,0.2639729225868341,0.24805253816116438,0.25507929862169443
6629,0.3338487461591833,0.11643647865050079,0.26101033502868826,0.24680298189563357,0.2633913349299124
6630,0.3869243730795916,0.11852398523985236,0.28447211714239173,0.2724345047923323,0.29945437189127627
6631,0.36777876895628897,0.10321560358460727,0.2754569313471737,0.31560667376641816,0.33058029508800724
6632,0.44580037664783423,0.16143384290985766,0.33357780231316403,0.32311963081292155,0.3048041399407144
6633,0.3762394687283179,0.15447548761201893,0.32408477981501926,0.3093120340788072,0.2747540654150827
6634,0.3912855585290911,0.17210332103321035,0.3079816829263878,0.2991125310614128,0.28675051498048937
6635,0.43576965011398555,0.26418555614127565,0.28641531973429385,0.2694980475683351,0.2881505920182211
6636,0.3988304093567251,0.3008328940432261,0.2976604101431699,0.2387589634362797,0.2727644822562007
6637,0.3464743780354842,0.27238095238095233,0.28850187333707394,0.2621412850550231,0.27740684296025864
6638,0.39760927743086527,0.278179581795818,0.3060384803344856,0.2970976215832445,0.2746951148029676
6639,0.44285657646942217,0.35085573712879986,0.3085232311897048,0.3727738729144479,0.29459094639178707
6640,0.35009416195856874,0.3104972764013354,0.3379579720899925,0.37710046148384807,0.3088127815645359
6641,0.34071761324214483,0.2995958531013882,0.311724737099314,0.3413787717429889,0.34976871933144643
6642,0.4991812865497075,0.19924090669478123,0.30855508696989986,0.24505094781682635,0.28757582355009964
6643,0.5435127366438696,0.16035143208574934,0.28671794964614744,0.3156285410010649,0.3296960359062819
6644,0.5549390425215581,0.11589527323844669,0.2995399011746819,0.39272413205537804,0.35208253085696106
6645,0.5244543562295569,0.14280091372342296,0.3191789896649713,0.35965931132410356,0.3259821473430356
6646,0.4246268212905144,0.121848532771042,0.27273326214049126,0.36327615193468227,0.3658327611327896
6647,0.30604618891862423,0.13058513442277275,0.25908306032688366,0.2610510472133475,0.3066905595283951
6648,0.28598473585092676,0.09409242663855205,0.2853800068779525,0.24670926517571887,0.29625630118403645
6649,0.27959559916741,0.12115269724125806,0.2607873445673225,0.2273880014199503,0.2507906415903267
6650,0.2702190504509862,0.12022491653487964,0.224631034045865,0.2565651402200922,0.190999983252667
6651,0.28371691941718696,0.11999297135828499,0.22375500009049934,0.236462903798367,0.1908673443754082
6652,0.27120031717712356,0.125482340537691,0.19823852015421087,0.23591622293219736,0.19751402589137673
6653,0.30199028645058973,0.20650852222807936,0.23664066317942406,0.2036308129215477,0.1927242886570314
6654,0.3377956189909802,0.11566332806185203,0.2225604083331825,0.2632971246006389,0.19459597059168324
6655,0.34983249083159873,0.09749428922860652,0.21185686618762326,0.32055804046858355,0.30238716484399863
6656,0.4004658539002874,0.1278017923036373,0.25833444949229845,0.3557799077032303,0.2544013665823718
6657,0.3331509564872633,0.13104902477596206,0.2687672175061992,0.3139978700745474,0.19210530722982358
6658,0.2984141143820002,0.13553329819012475,0.26003873373273717,0.3108583599574014,0.22802096766089994
6659,0.2852869461790068,0.10940080829379716,0.27698600879653934,0.2484898828541001,0.28107651856441856
6660,0.3973912181583903,0.26952029520295206,0.3450618110735036,0.24630315938942138,0.22735777327460596
6661,0.35454257111705817,0.24988227025127388,0.28721171423917174,0.27446503372381964,0.2252060759324078
6662,0.3510754286847061,0.24570725707257068,0.27454904161161287,0.20389634362797296,0.22424812848553868
6663,0.35412825849935564,0.08697944122298366,0.29242013430107333,0.19864820731274402,0.2385141766173737
6664,0.4165150163544454,0.12378140924266383,0.3890864993031548,0.2550500532481363,0.22028369982080354
6665,0.375541679056398,0.1367703391319627,0.32144075005882455,0.2737777777777777,0.27566779990286544
6666,0.3388859153533551,0.12710595677385336,0.3242918423862875,0.30015903443379477,0.2658672606387433
6667,0.3535394984636733,0.11396239676682475,0.27548878712736874,0.3178558750443734,0.31781748756510525
6668,0.3590563980572901,0.14249165348796347,0.3078861155858024,0.31951153709620156,0.3438883957729731
6669,0.37484388938447816,0.11813740994552797,0.31471918043765496,0.35082854100106486,0.3032566863726952
6670,0.5049816631975419,0.1267193814795291,0.2522659233651287,0.2956606318778842,0.32853176131701023
6671,0.423907225691347,0.2500369003690036,0.27829209578453906,0.32255733049343266,0.25807104218653176
6672,0.3227713351174546,0.1127253558249868,0.2318941519303516,0.2738871139510117,0.31992497194821723
6673,0.29642977500247797,0.12865225795115093,0.22920233850386434,0.29217749378771735,0.2444239754819045
6674,0.32137575577361477,0.087984536988227,0.23759633658527754,0.2637813276535321,0.2420512133442749
6675,0.3452750520368718,0.1231628887717448,0.22573005846259658,0.233432729854455,0.2511590829160456
6676,0.3273069679849341,0.10762256193990506,0.23867943311191145,0.26290663826766064,0.27279395756225816
6677,0.3113450292397661,0.13375505183623262,0.22408948578254806,0.2571899183528576,0.22906734102594165
6678,0.3689999008821488,0.11914250571077131,0.2580158916903473,0.2324799432019879,0.2585573847364807
6679,0.35438992962632565,0.16553154102969597,0.2954145776394143,0.22313951011714586,0.3049809917770595
6680,0.3451878283278818,0.12463187489017744,0.2737207913265398,0.2506609868654597,0.31653531175160354
6681,0.39067499256616117,0.24941837989808469,0.3174109938641423,0.254425275115371,0.3418398620019762
6682,0.4304926157200911,0.21454928835002635,0.3058154898731198,0.24992687255946036,0.267812630838539
6683,0.43550797898701554,0.14767176243191002,0.33585549059711484,0.2999716009939652,0.28147443519619497
6684,0.3487640003964713,0.16777367773677737,0.3672812177595974,0.26410933617323384,0.3290475791730167
6685,0.3564832986420854,0.19112282551396936,0.3616427446650618,0.25622151224707135,0.30700005024199895
6686,0.46126077906630986,0.15555789843612716,0.35516009339535554,0.22401419950301735,0.28563045335030396
6687,0.39782733670334025,0.3174556316991742,0.3449662437329183,0.20647355342563004,0.3243462678568438
6688,0.4052849638219842,0.2336461078896503,0.3002248004488769,0.2664834930777423,0.2591763661636884
6689,0.40676776687481414,0.13483746266034088,0.3748628934460352,0.27549591764288245,0.2513064594463332
6690,0.4003132124095549,0.18315937445088737,0.3616268167749642,0.31819950301739436,0.29879117750498235
6691,0.40883932996332634,0.1434194341943419,0.3309178446668718,0.4273951011714589,0.3111708060491367
6692,0.36544553474080677,0.1638306097346688,0.34080906441745545,0.31560667376641816,0.27498986786354274
6693,0.3485677470512439,0.1389351607801792,0.35173559702438045,0.27104437344692933,0.25740784780023784
6694,0.3098622261869362,0.1701704445615885,0.3087940053213632,0.28564856230031943,0.2749309172514277
6695,0.3058063237189017,0.18083992268494106,0.28966460931419574,0.2814156904508342,0.30350722647418393
6696,0.3196966993755575,0.27941662273765594,0.3142094879545331,0.27726091586794466,0.2700674917519385
6697,0.31271880265635843,0.15764540502547883,0.29568535177107275,0.2368846290379836,0.2901843881361893
6698,0.32584597085935174,0.17303110173958883,0.31377943492189897,0.21665743698970535,0.29195290649963984
6699,0.320067400138765,0.13870321560358453,0.3027732628644862,0.2181569045083422,0.24801996282092076
6700,0.31769055406878777,0.14512036548936916,0.2934713750475122,0.23316719914802977,0.2718212724623604
6701,0.32318564773515707,0.14504305043050425,0.2917352350268783,0.2863982960596379,0.2638187268677463
6702,0.3484369114877589,0.1461254612546125,0.2943314811127803,0.2890536031238906,0.2930582304767966
6703,0.37366636931311326,0.12099806712352833,0.32736592517511626,0.2569243876464324,0.27556463633166417
6704,0.3720527306967985,0.15091899490423474,0.32320874585965353,0.2552218672346468,0.25901425198037215
6705,0.4968480523342254,0.13336847654190825,0.382189722890912,0.22768477103301382,0.3078106211585805
6706,0.3884725939141639,0.22978035494640658,0.3454918641061376,0.25767412140575074,0.29271926445713514
6707,0.3574427594409753,0.15818661043753288,0.38449926695505793,0.2800099396521121,0.28439249049588855
6708,0.352078501338091,0.09038130381303813,0.34369201252511355,0.2730749023784167,0.26653045502503725
6709,0.4629834473188621,0.11813740994552797,0.4109236366269072,0.2825090521831735,0.2777458089799199
6710,0.3868153434433541,0.24787207872078723,0.45488461329616825,0.2963947461838835,0.3172132437909263
6711,0.36056100703736743,0.1765102793885081,0.38160039095730236,0.37917784877529287,0.231631692652945
6712,0.36424620874219443,0.0911544544016868,0.3987388007022751,0.2751210507632233,0.3341320694679372
6713,0.31572802061651295,0.11280267088385168,0.3918420242900324,0.27062264820731274,0.3999356902413291
6714,0.3635484190702746,0.09092250922509225,0.39924849318539696,0.3233695420660276,0.4451655473865787
6715,0.5162771335117454,0.12648743630293444,0.3779847599051566,0.3574980475683351,0.43125320292743385
6716,0.4738427990881157,0.10282902829028288,0.3833365309779362,0.28422719204827823,0.45901894123360854
6717,0.45260382594905346,0.14960463890353184,0.4173903600065159,0.2743244586439474,0.41373013347624393
6718,0.3899553969669937,0.10344754876120184,0.32368658256258026,0.27454313099041533,0.3708877761216526
6719,0.39305183863613824,0.11628184853277096,0.342847834349943,0.25361306354277596,0.2990269799534424
6720,0.3689999008821488,0.15764540502547883,0.282512986660392,0.2603450479233227,0.29211502068295625
6721,0.31902071563088513,0.1669232120892637,0.28128653912288004,0.2770110046148384,0.26576409706754206
6722,0.2823431460005947,0.10654015111579682,0.27661966732429544,0.2519417820376287,0.2818576141749426
6723,0.3065913370998117,0.1344508873660165,0.2608988397980053,0.2293716719914803,0.24231649109879252
6724,0.3156626028347705,0.10824108241082409,0.2618385853137613,0.2456159034433794,0.2638187268677463
6725,0.31287144414709084,0.10027763134774202,0.3122185016923383,0.23755626553070633,0.26088593391502407
6726,0.3373376945187828,0.11697768406255483,0.319656826367898,0.23174582889598863,0.28107651856441856
6727,0.36638318961244914,0.11427165700228432,0.3130626798675089,0.27746396876109336,0.43604294016177925
6728,0.3684111408464664,0.15099630996309957,0.28381907364839176,0.22153070642527511,0.3361806032389342
6729,0.3663395777579542,0.11612721841504123,0.27623739796195396,0.23479162229321973,0.35277520054931255
6730,0.3348082069580731,0.13073976454050257,0.33720936125540724,0.2903031593894213,0.27190969838053286
6731,0.3702210328080087,0.17805658056580567,0.27020072761497943,0.25708058217962365,0.32484734805982146
6732,0.32342551293487953,0.23534703918467756,0.2740074933482959,0.26285977990770315,0.30434727269682305
6733,0.29980969372584,0.27555086979441223,0.3465749606327716,0.2644998225062123,0.20847883974477066
6734,0.3142016057091882,0.3225584255842558,0.31103983782511896,0.29770678026269076,0.21873624625278423
6735,0.3776350480721578,0.24764013354419256,0.36987746384549947,0.24661554845580397,0.2623007486057845
6736,0.3744295767667757,0.27245826743981727,0.342592988108382,0.24177351792687252,0.3017387081107334
6737,0.5083397759936564,0.12733790195044803,0.3927817698057883,0.27757330493432725,0.30991810554169247
6738,0.6086252354048964,0.1244772447724477,0.35458668935184345,0.2856641817536386,0.31619634573194216
6739,0.5246942214292795,0.1037568089966614,0.355972415790331,0.31073340433084834,0.29544573026745485
6740,0.40144712062642485,0.12416798453698821,0.3183029557096056,0.35307774227902017,0.3256137060173167
6741,0.468325899494499,0.09911790546476887,0.34706872522579585,0.33425630102946396,0.2854536015139589
6742,0.49220338983050843,0.12888420312774557,0.29981067530634037,0.3578104366347178,0.2939867026176082
6743,0.30181583903260967,0.18076260762607627,0.2371184998823508,0.30006531771387995,0.32064711694662623
6744,0.29618990980275545,0.13692496924969244,0.22595304892396234,0.28291515796947103,0.25381186046122156
6745,0.28277926454554464,0.1069267264101212,0.25397020760556754,0.21798509052183168,0.2360382509085428
6746,0.24566557637030428,0.09803549464066062,0.22966424731669347,0.2519417820376287,0.2067987472994925
6747,0.29536128456735056,0.09741697416974168,0.2304924976017665,0.2595015974440894,0.20696086148280884
6748,0.2769788878977103,0.08110349674925318,0.22770511683469377,0.21965637202697902,0.19057259131483312
6749,0.26430964416691444,0.09795817958179581,0.24949447048815365,0.20955058572949942,0.20069735894558793
6750,0.3374467241550203,0.08149007204357755,0.28346866006624555,0.20920695775647852,0.23885314263703508
6751,0.3389731390623451,0.09865401511157967,0.32704736737316514,0.2646091586794462,0.3224156353100768
6752,0.3710932698979086,0.19181866104375322,0.30336259479809585,0.2324018459353922,0.3004565322972316
6753,0.3646387154326494,0.10290634334914771,0.27008923238429655,0.1896670216542421,0.24915476210413492
6754,0.3186282089404301,0.09424705675628178,0.28960089775380543,0.22263968761093356,0.26206494615732445
6755,0.30188125681435224,0.13352310665963799,0.25792032434976203,0.22487326943556973,0.24222806518061993
6756,0.27717514124293785,0.11048321911790547,0.285507429998733,0.23185516506922255,0.20327644822562002
6757,0.2985667558727326,0.25011421542786855,0.30489167224746144,0.23180830670926517,0.2474304566997705
6758,0.26845277034393894,0.2242909857670005,0.3190993502144835,0.19113525026624065,0.289300128954464
6759,0.37617405094657547,0.12702864171498857,0.3078542598056073,0.23788427405040824,0.28922644068932024
6760,0.32950936663693126,0.09223686522579505,0.2815254574743434,0.272528221512247,0.3003386310730017
6761,0.29477252453166813,0.11914250571077131,0.35307353979257544,0.27552715654952076,0.30971177839928987
6762,0.33260580830607595,0.09695308381655239,0.37145432496515773,0.2529258075967341,0.37012141816415733
6763,0.36217464565368224,0.2359655596555966,0.3622161487085739,0.3225260915867944,0.34776439851953583
6764,0.3511844583209435,0.2359655596555966,0.3147032525475574,0.29094355697550583,0.3212955736798915
6765,0.3682366934284864,0.11558601300298711,0.3699889590761823,0.31674689385871485,0.41063522634020533
6766,0.33184260085241346,0.10422069934985059,0.27370486343644224,0.3117486687965921,0.30372829126961537
6767,0.28027158291208243,0.11164294500087854,0.2551329435826893,0.27270003549875754,0.29355931067977425
6768,0.28705322628605406,0.12532771041996127,0.22039421527991457,0.23893077742279023,0.22566294317629912
6769,0.26561799980176426,0.12865225795115093,0.2388864956831797,0.25678381256656013,0.2558014436201035
6770,0.28526514025175936,0.1223124231242312,0.2294571847454252,0.272403265885694,0.20979049086432985
6771,0.26023193577163245,0.20086452293094353,0.21021629350757481,0.27196592119275825,0.18177421245666628
6772,0.25789870155615024,0.25815498154981553,0.2217003022679143,0.24214838480653172,0.19739612466714676
6773,0.2918941421349985,0.10793182217536454,0.21037557240855037,0.21564217252396164,0.21397598432449633
6774,0.31998017642977494,0.09718502899314704,0.27365707976614956,0.23335463258785938,0.2646587730903853
6775,0.3044325503023095,0.07793357933579337,0.31272819417546016,0.2527383741569045,0.3008249736229505
6776,0.4365764694221429,0.09780354946406598,0.2502271534326413,0.2781512247071352,0.276596272043677
6777,0.3522747546833185,0.08303637322087501,0.23945989972669185,0.2662492012779552,0.30190082229404963
6778,0.3827376350480722,0.0988086452293094,0.27169794928414986,0.21005040823571175,0.29799534424142954
6779,0.2864208543958766,0.07600070286417145,0.21722456515050043,0.2068640397586084,0.3148994322654118
6780,0.28932104271979386,0.15277455631699166,0.21397527557059853,0.1828725594604189,0.24412922242132945
6781,0.28088214887501234,0.24524336671938152,0.273211098843418,0.21359602413915504,0.18168578653849368
6782,0.30321141837644955,0.26062906343349146,0.2306995601730348,0.19622719204827827,0.22906734102594165
6783,0.48199821587867975,0.23070813565278503,0.24097304928595994,0.23924316648917282,0.2606206561605064
6784,0.4032788185152146,0.09873133017044448,0.2695476841209795,0.20338090166844155,0.23023161561521324
6785,0.35393200515412826,0.08628360569319972,0.35933320060091584,0.19686758963436277,0.2670757481871012
6786,0.30842303498860146,0.0983447548761202,0.3572466469981357,0.2815406460773872,0.2523675704644035
6787,0.41525027257409053,0.10429801440871551,0.3160093395355572,0.25973588924387647,0.28073755254475724
6788,0.47689562890276543,0.08690212616411877,0.28972832087458594,0.30036208732694347,0.29401617792366563
6789,0.36557637030429174,0.14952732384466694,0.3075516298937537,0.35378061767838115,0.2882095426303361
6790,0.3616513033997422,0.1295027235986645,0.30415898930297375,0.3051260205892793,0.3020924117834235
6791,0.36555456437704426,0.11759620453347386,0.28636753606400117,0.22666950656727008,0.24894843496173236
6792,0.31378729309148573,0.21060622034791776,0.2516925193216167,0.1760156194533191,0.21941417829210696
6793,0.2826702349093071,0.12470918994904234,0.2473282774348857,0.2192971246006389,0.2010215873122205
6794,0.25100802854594106,0.08852574240028112,0.21818023855635393,0.2024437344692935,0.1984572356852171
6795,0.27778570720586776,0.09687576875768757,0.21332223207659867,0.21433013844515433,0.18702081693490308
6796,0.2759758152443255,0.07058864874363024,0.22128617712537785,0.19568051118210858,0.17671919746780324
6797,0.28637724254138164,0.09648919346336318,0.2516925193216167,0.20230315938942128,0.20629766709651484
6798,0.33251858459708594,0.07213494992092778,0.2537950008144943,0.21617323393681215,0.24505769456214094
6799,0.35305976806422834,0.09672113863995782,0.23812195695849694,0.2625161519346822,0.29308770578285404
6800,0.41956784616909504,0.12285362853628534,0.3000018099875111,0.25622151224707135,0.228625211435079
6801,0.3360075329566855,0.16908803373748016,0.2638773552462487,0.2115030173943912,0.2167466630939023
6802,0.36581623550401426,0.07167105956773849,0.20355843544679536,0.22941853035143767,0.24579457721357872
6803,0.29529586678560804,0.09718502899314704,0.26637803399156545,0.24436634717784872,0.29280769037530774
6804,0.34244028149469713,0.16707784220699343,0.22643088562688918,0.2266851260205893,0.2257218937884142
6805,0.2994607988898801,0.27299947285187137,0.26631432243117514,0.18855804046858354,0.1964823901793639
6806,0.34599464763603927,0.148908803373748,0.2668877264746873,0.20608306709265176,0.25244125872954737
6807,0.3789434037070076,0.10816376735195918,0.27454904161161287,0.16775292864749733,0.23533084356316258
6808,0.3268272375854891,0.10352486382006675,0.2978515448243407,0.24772452964146252,0.2659851618629733
6809,0.3863356130439092,0.10074152170093123,0.2643392640590779,0.22159318423855157,0.26370082564351627
6810,0.3737972048765983,0.09641187840449827,0.28068127929917275,0.27455875044373446,0.29914488117767246
6811,0.46304886510060456,0.103370233702337,0.3113902514072653,0.31709052183173586,0.30837065197367314
6812,0.572122113192586,0.27647865050079073,0.30729678365219276,0.2968320908768193,0.3218556044949841
6813,0.547743086529884,0.36546828325426106,0.3093833372549729,0.28421157259495916,0.28109125621744735
6814,0.47351571017940325,0.3388719030047443,0.3066118843779977,0.25651828186013487,0.29711108505970424
6815,0.3635484190702746,0.36044280442804427,0.28203514995746526,0.2024437344692935,0.22952420826983305
6816,0.29287540886113583,0.3510876823053945,0.2752657966660029,0.26695207667731624,0.24695885180285046
6817,0.27093864605015366,0.23418731330170442,0.28270412134156275,0.245444089456869,0.20324697291956254
6818,0.2605154128258499,0.16406255491126337,0.22393020688157247,0.16708129215477452,0.22100584481921257
6819,0.26587967092873416,0.08612897557546999,0.229536824195913,0.20475541356052535,0.1927832392691463
6820,0.28598473585092676,0.12076612194693374,0.20354250755669784,0.19321263755768542,0.1698219758503458
6821,0.2685836059074239,0.10228782287822877,0.2602457963040055,0.21687610933617316,0.19853092395036084
6822,0.34342154822083454,0.1967668248111052,0.26750891418849204,0.20374014909478164,0.3025198037212574
6823,0.3814510853404698,0.42337726234405204,0.2545754674292747,0.22891870784522536,0.3184217313392842
6824,0.4897175141242937,0.07924793533649617,0.2603095078643957,0.23630670926517564,0.23605298856157156
6825,0.32196451580929725,0.11125636970655417,0.2832138138246846,0.2841803336883209,0.2735603155197535
6826,0.32643473089503416,0.08388683886838869,0.2560408333182501,0.24502236421725235,0.24059218569442814
6827,0.3199583705025275,0.2667369530838165,0.28472696338395265,0.3126233581824636,0.20793354658270666
6828,0.33491723659431055,0.17859778597785977,0.33306810983004215,0.30406389776357823,0.23496240223744366
6829,0.2979561899098027,0.14109998242839566,0.2943792647830729,0.2030997515086971,0.25667096514880006
6830,0.2883833878481514,0.11226146547179758,0.3473235714673569,0.3036109336173234,0.24264071946542506
6831,0.40530676974923174,0.2491091196626252,0.3510506977501855,0.3168874689385871,0.2833755924369044
6832,0.37418971156705316,0.32201722017220175,0.3789404333110101,0.3033610223642172,0.30139974209107195
6833,0.2913489939538111,0.27299947285187137,0.31145396296765543,0.3005495207667731,0.29997018974728273
6834,0.3321914956883735,0.5024705675628185,0.2640525620373219,0.29467660631877884,0.3062484299375325
6835,0.31278422043810084,0.5215673871024425,0.26857608282502843,0.349204117855875,0.2687558406323793
6836,0.3439012786202795,0.49582147250043934,0.281828087386197,0.36218388356407516,0.2694632479777595
6837,0.31725443552383775,0.40946055174837465,0.26992995348332094,0.35165637202697897,0.22834519602753262
6838,0.33223510754286845,0.321244069583553,0.2688627848467845,0.3512346467873624,0.22432181675068244
6839,0.37074437506194863,0.19282375680899663,0.2820192220673676,0.29081860134895277,0.2288904891895965
6840,0.2576152245019328,0.15323844667018097,0.24583105576571518,0.2762456514022009,0.18878933529835368
6841,0.26132223213400735,0.23032156035846077,0.22662202030805983,0.2370564430244941,0.16150993954212786
6842,0.24387749033600947,0.11311193111931117,0.20620246520299007,0.20306851260205885,0.20205322302423334
6843,0.25704827039349787,0.10723598664558068,0.19349200890513849,0.21851615193468227,0.21179481167624048
6844,0.2532540390524333,0.11690036900369001,0.19275932596065085,0.18343485977990764,0.1751127932876689
6845,0.25711368817524033,0.12331751888947454,0.22213035530054837,0.21923464678736237,0.16705129708093983
6846,0.26132223213400735,0.09710771393428214,0.21660337743669564,0.18204472843450475,0.19067575488603436
6847,0.26572702943800175,0.13267264101212442,0.1981748085938207,0.19650834220802268,0.20202374771817586
6848,0.287489344831004,0.08968546828325419,0.22544335644084054,0.20933191338303156,0.22735777327460596
6849,0.38400237882842697,0.1578773502020734,0.2504660717841046,0.1971175008874689,0.17730870358895345
6850,0.3942947764892457,0.225218766473379,0.30627739868594905,0.21039403620873265,0.24931687628745128
6851,0.3672772326295966,0.1587278158495871,0.3003522235696573,0.2272005679801207,0.1654891058598918
6852,0.2973892358013678,0.09950448075909325,0.3197205379282883,0.23018388356407524,0.21011471923096248
6853,0.2984359203092477,0.24439290107186784,0.26906984741805284,0.23900887468938586,0.1963497513021051
6854,0.2924610962434334,0.16630469161834466,0.2687831453962967,0.25247284345047927,0.2733982013364371
6855,0.3702646446625037,0.4672149007204358,0.22402577422215786,0.26459353922612705,0.21732143156202371
6856,0.40840321141837643,0.5442206993498506,0.23187822404025407,0.25625275115370955,0.2384994389643449
6857,0.35676677569630283,0.4495097522403796,0.3374642074969682,0.2798225062122825,0.28564519100333274
6858,0.4166240459906829,0.17565981374099454,0.3426089159984796,0.2902250621228256,0.2471504412922242
6859,0.42898800674001375,0.14558425584255835,0.31194772756067984,0.34845438409655655,0.2260608598080755
6860,0.4871444147090891,0.10986469864698645,0.2977081938134626,0.28813205537806175,0.2141086232017551
6861,0.3688254534641689,0.12517308030223154,0.26091476768810296,0.2537692580759673,0.24678199996650532
6862,0.3907840222023986,0.13793006501493585,0.2795663269923437,0.2637032303869364,0.19181055416924853
6863,0.30018039448904743,0.12014760147601472,0.23429926333508297,0.2349946751863684,0.17671919746780324
6864,0.25861829715531764,0.1461254612546125,0.19723506307806468,0.229574724884629,0.17607074073453796
6865,0.24797700465853892,0.20712704269899843,0.22189143694908503,0.237509407170749,0.19316641824789402
6866,0.2621726632966597,0.0920049200492005,0.1966775869246502,0.1997415690450834,0.17153154360168138
6867,0.2405193775398949,0.13553329819012475,0.17923654726782387,0.19443095491657789,0.1749359414513238
6868,0.23727029438001782,0.11705499912141976,0.19105504172021212,0.22952786652467164,0.18539967510174002
6869,0.26603231241946673,0.11380776664909502,0.20486452243479517,0.16761235356762513,0.14198254927902734
6870,0.30962236098721374,0.12146195747671762,0.16673315354124052,0.18866737664181746,0.16991040176851832
6871,0.3682366934284864,0.1155086979441223,0.18642002570182262,0.17320411785587506,0.19033678886637298
6872,0.28400039647140446,0.12532771041996127,0.22923419428405936,0.23889953851615195,0.16370584984341247
6873,0.32918227772821884,0.11349850641363556,0.24874585965356835,0.22213986510472125,0.18441225234881345
6874,0.379139657052235,0.14396063960639602,0.2367362305200094,0.28269648562300315,0.23676039590695183
6875,0.36032114183764496,0.1118748901774732,0.2904291480388786,0.18823003194888174,0.2435839292592654
6876,0.3063732778273367,0.2458618871903005,0.27798946587268547,0.1860745473908413,0.3109939542127916
6877,0.3413717910595698,0.15687225443683006,0.19567412984850402,0.23110543130990413,0.3582133945169232
6878,0.2805986718207949,0.16042874714461433,0.3155633586128256,0.22451402200922965,0.2750635561286865
6879,0.32551888195063927,0.21454928835002635,0.25768140599829864,0.21850053248136309,0.29929225770796003
6880,0.3790742392704926,0.47239500966438236,0.29586055856214594,0.22882499112531063,0.2727202692971144
6881,0.3501377738130637,0.45979265506940786,0.26789118355083347,0.2750429534966276,0.2982753596489759
6882,0.3299890970363762,0.3262695484097698,0.24705750330322715,0.3228853390131345,0.3752795967242216
6883,0.3498542967588463,0.24493410648392197,0.23106590164527865,0.264702875399361,0.4303542060926797
6884,0.38326097730201203,0.3486136004217186,0.27708157613712464,0.30978061767838116,0.3423556798579826
6885,0.3211576965011398,0.28366895097522404,0.25451175586888447,0.32177635782747593,0.3765322972316658
6886,0.30338586579442955,0.12733790195044803,0.23856793788122857,0.24959886403975862,0.4135532816398988
6887,0.27894142134998506,0.16584080126515546,0.19395391771796772,0.23441675541356047,0.3850064477232001
6888,0.2731628506293983,0.174113512563697,0.22781661206537676,0.1888548100816471,0.35772705196697424
6889,0.247235603132124,0.13298190124758388,0.18573512642762757,0.19707064252751155,0.29790691832325694
6890,0.2630885122410545,0.11937445088736597,0.23026950714040073,0.22640397586084485,0.2584100082061931
6891,0.2762374863712954,0.10136004217185025,0.21663523321689074,0.1992105076322328,0.26523354155850676
6892,0.25172762414510846,0.09803549464066062,0.18350522181396944,0.20042882499112527,0.24977374353134263
6893,0.24115174943007228,0.12115269724125806,0.22700428967040123,0.16131771388001412,0.2455882500711762
6894,0.31125780553077603,0.08218590757336142,0.2794707596517584,0.1940717074902378,0.2369519853963256
6895,0.3145723064723957,0.22761553329819015,0.27606219117088093,0.21231522896698612,0.3301381654971446
6896,0.4253682228169293,0.2275382182393252,0.2589874929862984,0.20413063542776003,0.34752859607107567
6897,0.29743284765586275,0.09687576875768757,0.25024308132273887,0.2316521121760738,0.2086262162750582
6898,0.33415402914064823,0.12973466877525916,0.2674133468479068,0.2832744053958111,0.21304751218368473
6899,0.3416552681137872,0.1895765243366719,0.2540817028362504,0.22340504082357113,0.22856626082296397
6900,0.283542471999207,0.3576594623089088,0.25924233922785933,0.21236208732694348,0.2360382509085428
6901,0.26280503518683707,0.31057459146020033,0.23891835146337487,0.1981952431664891,0.23636247927517542
6902,0.27085142234116355,0.16127921279212784,0.27166609350395476,0.19719559815406457,0.2688295288975231
6903,0.39880860342947766,0.3529432437181515,0.30059114192112074,0.24706851260205892,0.35601748421563867
6904,0.5250431162652394,0.40149710068529254,0.29976289163604763,0.26937309194178194,0.374896417745474
6905,0.3695450490633363,0.20960112458267435,0.32024615830150777,0.30379836705715296,0.2692274455292995
6906,0.44026167112697,0.17140748550342647,0.29931691071331606,0.236462903798367,0.3088717321766508
6907,0.4787709386460501,0.4631172026005974,0.261886368984054,0.3219637912673056,0.2645850848252416
6908,0.39226682525522844,0.32333157617290464,0.34385129142608917,0.3448150514731984,0.2428323089547989
6909,0.4376885717117653,0.15617641890704623,0.31874893663233717,0.25570607028753983,0.3171248178727537
6910,0.4342432352066607,0.21856967141099984,0.2739437817879057,0.2439758608448704,0.3722289025472694
6911,0.32608583605907426,0.25212440695835525,0.3500790964542344,0.22987149449769254,0.2988943410761836
6912,0.33249677866983834,0.10522579511509401,0.2542728375174211,0.23238622648207313,0.27282343286831573
6913,0.3312538408167311,0.12370409418379892,0.20280982461221012,0.23099609513667016,0.17760345664952853
6914,0.3307304985627911,0.11891056053417676,0.23769190392586292,0.23399503017394388,0.20355646363316643
6915,0.3351352958667856,0.13390968195396238,0.1968050100454307,0.24082073127440531,0.21733616921505244
6916,0.30526117553771437,0.12115269724125806,0.21650781009611028,0.22365495207667727,0.20979049086432985
6917,0.31860640301318266,0.1226989984185556,0.2546391789896649,0.22231167909123176,0.21469812932290527
6918,0.35386658737238574,0.20233350904937614,0.28819924342522035,0.23671281505147318,0.2316611679590025
6919,0.36843294677371397,0.2758601300298717,0.2645622545204438,0.24675612353567622,0.33684379762522815
6920,0.4364892457131529,0.15857318573185736,0.26386142735615115,0.29716009939652105,0.29915961883070125
6921,0.4565943106353454,0.22197153400105432,0.2566142373617622,0.2609542066027689,0.2734571519485522
6922,0.40988601447120626,0.2977402916886312,0.25161287987112885,0.23732197373091937,0.3138088459412839
6923,0.34512241054613935,0.1683148831488315,0.26233234990678556,0.27076322328718494,0.2778784478571787
6924,0.3144632768361581,0.16305745914602005,0.27607811906097846,0.26902946396876104,0.257879452697158
6925,0.323403707007632,0.13352310665963799,0.2466911618309833,0.25811146609868646,0.2355519083585939
6926,0.36278521161661215,0.21679142505710766,0.233757715071766,0.26059495917642883,0.3199102342951885
6927,0.4138328873030032,0.22862062906343344,0.2818917989465872,0.25747106851260204,0.37166887173217666
6928,0.4190445039151551,0.13924442101563866,0.3420673677351626,0.2565026624068157,0.3698856157156973
6929,0.35724650609574776,0.14906343349147774,0.36887400676935317,0.31682499112531054,0.34561270117733756
6930,0.3837625136287045,0.3104972764013354,0.3984839544607142,0.32229179978700745,0.31345514226859367
6931,0.392157795618991,0.22583728694429803,0.395170953320422,0.3754291799787008,0.3473959571938169
6932,0.37521459014768554,0.27454577402916885,0.3369226592336512,0.4131189208377707,0.34770544790742075
6933,0.4238418079096046,0.32750658935160776,0.3624550670600372,0.3963436279730209,0.4188293614241932
6934,0.4101476855981762,0.3179968371112283,0.3527549819906242,0.29686332978345753,0.4202736514210112
6935,0.38690256715234406,0.31304867334387626,0.29907799236185273,0.25494071707490235,0.370504597142905
6936,0.3183011200317177,0.1804533473906167,0.2752498687759054,0.25917358892438763,0.31507628410175686
6937,0.31535731985330556,0.1281110525390968,0.26889464062697965,0.255612353567625,0.2780110867344376
6938,0.3186500148676776,0.13406431207169212,0.25972017593078606,0.31721547745828893,0.23472659978898353
6939,0.33153731787094853,0.10221050781936386,0.23767597603576535,0.2665615903443379,0.28641154896082804
6940,0.28123104371097235,0.22985767000527146,0.2538746402649822,0.22482641107561227,0.2315285290817437
6941,0.3179086133412628,0.14365137937093653,0.22862893446035218,0.21500177493787714,0.23026109092127073
6942,0.3665140251759341,0.1281110525390968,0.2612811091603468,0.2394462193823216,0.2260461221550468
6943,0.3606046188918624,0.3503145317167457,0.3182233162591177,0.3071253106141285,0.33483947681331744
6944,0.38541976409951434,0.16622737655947983,0.28162102481492873,0.27654242101526444,0.3635631625663613
6945,0.36036475369213994,0.19375153751537513,0.2426454777462035,0.2801973730919417,0.25848369647133695
6946,0.33844979680840515,0.1990862765770515,0.2714590309326865,0.30439190628328,0.2864410242668855
6947,0.28157993854693225,0.25050079072219295,0.23985809697913077,0.22768477103301382,0.2797796050978882
6948,0.33014173852710876,0.23086276577051487,0.26217307100581,0.2334483493077742,0.29711108505970424
6949,0.2724650609574784,0.2167141099982428,0.29850458831834054,0.2430230741924032,0.2910833849709434
6950,0.312173654475171,0.25305218766473375,0.3331636771706275,0.31530990415335464,0.33679958466614196
6951,0.40971156705322626,0.5439114391143912,0.32373436623287294,0.27583954561590346,0.34677697576660915
6952,0.43766676578451785,0.15586715867158674,0.3799757461673514,0.22648207312744048,0.28520306141247004
6953,0.3054138170284468,0.17403619750483218,0.4071009430034932,0.2821185658501952,0.28792952722278975
6954,0.30654772524531665,0.3711895976102618,0.355144165505258,0.31674689385871485,0.3407492756778483
6955,0.3789215977797601,0.46744684589703045,0.35673695451501375,0.3271338303159389,0.2558161812731322
6956,0.38018634156011494,0.3622983658408013,0.3373367843761877,0.295051473198438,0.30428832208470796
6957,0.3606918426008524,0.31204357757863294,0.2735137287552716,0.33927014554490587,0.362015708998342
6958,0.34614728912677173,0.2359655596555966,0.280171586816051,0.2837898473553425,0.33348361273467203
6959,0.30188125681435224,0.12834299771569144,0.2635906532244927,0.2864451544195952,0.3182006665438529
6960,0.2830627415997621,0.11427165700228432,0.22690872232981596,0.27001348952786647,0.2459124784378088
6961,0.2804678362573099,0.11535406782639247,0.24927148002678776,0.25759602413915517,0.20544288322084703
6962,0.3014451382694022,0.21184326128975575,0.24543285851327626,0.2590486332978345,0.20914203413106458
6963,0.291959559916741,0.10831839746968891,0.24125975130771596,0.23408874689385867,0.225309239503609
6964,0.2949251660224006,0.12277631347742049,0.2037495701279661,0.22517003904863325,0.22377652358861846
6965,0.3241669144612944,0.11659110876823053,0.2620615757751271,0.2162825701100461,0.27762790775568996
6966,0.35231836653781345,0.10197856264276921,0.31103983782511896,0.23443237486687965,0.24801996282092076
6967,0.39008623253047875,0.43219117905464766,0.32747742040579914,0.2531913383031594,0.37234680377149937
6968,0.4484606997720289,0.339026533122474,0.3112469003963873,0.3006744763933262,0.3474106948468456
6969,0.42288234711071465,0.12764716218590758,0.27378450288693,0.27196592119275825,0.32430205489775754
6970,0.3909584696203786,0.15277455631699166,0.2860649061521475,0.261672701455449,0.31181926278240185
6971,0.3953850728516205,0.1244772447724477,0.3001610888884866,0.22944976925807595,0.32671902999447333
6972,0.3323223312518584,0.11287998594271653,0.2559452659776647,0.247193468228612,0.3029471956590913
6973,0.35325602140945583,0.31776489193463364,0.297803761154048,0.2213745118920838,0.2924834620086751
6974,0.3193041926851026,0.273849938499385,0.30955854404604605,0.24360099396521115,0.2631113195223661
6975,0.3635920309247695,0.2595466526093832,0.29038136436858586,0.20434930777422788,0.2901696504831605
6976,0.4869481613638616,0.33910384818133893,0.384642617965936,0.23199574014909477,0.31074341411130274
6977,0.4827614233323421,0.1390124758390441,0.33532987022389543,0.28920979765708194,0.2996164860745926
6978,0.3974348300128853,0.2369706554208399,0.38303390106608254,0.27127866524671634,0.297361625161193
6979,0.49745861829715526,0.2201932876471622,0.2951597313978533,0.28118139865104713,0.3494592286178426
6980,0.49521260779066306,0.24555262695484098,0.3369863707940415,0.3394263400780973,0.4048433286999045
6981,0.5063554366141342,0.24307854507116497,0.34818367753262497,0.30789066382676605,0.3311255882500712
6982,0.38439488551888196,0.4710033386048146,0.35111440931057575,0.31643450479233226,0.31379410828825505
6983,0.32942214292794125,0.3528659286592866,0.33622183206935874,0.3069378771742989,0.317891175830249
6984,0.2991991277629101,0.1109471094710947,0.3632514615649152,0.28508626198083065,0.28725159518346705
6985,0.3180830607592427,0.11767351959233878,0.27797353798258795,0.265171458998935,0.2508790675084993
6986,0.33773020120923775,0.11048321911790547,0.2645144708501511,0.25156691515796953,0.24713570363919543
6987,0.32571513529586676,0.08937620804779471,0.26881500117649176,0.25011430599929,0.2575846996365829
6988,0.3142670234909307,0.21725531541029694,0.2519792213433727,0.2942236421725239,0.2700674917519385
6989,0.3349826543760531,0.12370409418379892,0.3202143025213126,0.28675754348597793,0.2651303779873055
6990,0.3739716522945782,0.11558601300298711,0.29992217053702325,0.30948384806531765,0.3185985831756292
6991,0.43395975815244325,0.14109998242839566,0.3527868377708193,0.2626411075612353,0.39017936393629316
6992,0.476001585885618,0.15455280267088387,0.35109848142047817,0.3194490592829251,0.3108613153355328
6993,0.45005253246109617,0.13808469513266558,0.3172676428532643,0.3122172523961661,0.2722191890941368
6994,0.43500644266032307,0.11898787559304165,0.31852594617097135,0.27726091586794466,0.29348562241463044
6995,0.3984815145207652,0.10669478123352655,0.27123604047132066,0.29970607028753987,0.3123645559444658
6996,0.35070472792149854,0.1195290810050957,0.2893779072924396,0.30456372026979056,0.30751586809800535
6997,0.3256061056596293,0.15006852925672115,0.354745968252819,0.36332410365637197,0.28960961966806786
6998,0.3310793933987511,0.26062906343349146,0.3435486615142355,0.3453304934327298,0.2846725059034349
6999,0.4900227971057588,0.29859075733614476,0.28297489547322113,0.2801973730919417,0.3343678719163973
7000,0.39708593517692536,0.4658232296608681,0.3981335408785679,0.24371033013844512,0.33346887508164325
7001,0.38766577460600654,0.45090142329994726,0.41355173849300436,0.2785573304934327,0.3941437926010283
7002,0.5115016354445436,0.36044280442804427,0.38035801552969284,0.3352715654952076,0.40861616787526583
7003,0.6543740707701456,0.35665436654366545,0.3570395844268674,0.30501668441604535,0.31223191706720704
7004,0.6116344533650511,0.3560358460727464,0.32519973212184833,0.30331416400425987,0.31370568237008256
7005,0.48243433442362965,0.3664733790195045,0.3339600716755054,0.32360383386581465,0.32623268744452444
7006,0.37445138269402317,0.16444913020558774,0.3058154898731198,0.26818601348952786,0.3292244310093617
7007,0.34348696600257705,0.12664206642066417,0.27365707976614956,0.2923024494142704,0.3531583795280602
7008,0.3255406878778868,0.14883148831488308,0.2974852033520968,0.2599701810436634,0.3450821456683023
7009,0.3308395281990287,0.15586715867158674,0.2836279389672211,0.2527071352502662,0.35533955217631596
7010,0.2992863514719,0.11744157441574413,0.27604626328078335,0.24953638622648208,0.27048014603674364
7011,0.31263157894736837,0.13700228430855738,0.27833987945483174,0.23749378771742982,0.2597511346318098
7012,0.307528991971454,0.11813740994552797,0.2559452659776647,0.21100319488817887,0.2709370132806351
7013,0.3184755674496977,0.22707432788613593,0.273211098843418,0.2653588924387646,0.2846725059034349
7014,0.32015462384775495,0.15679493937796515,0.29092291263190284,0.26559318423855166,0.2877084624273584
7015,0.34867677668748137,0.14024951678088207,0.27515430143532005,0.35278097266595665,0.2965363165915828
7016,0.3726851025869759,0.13375505183623262,0.33230357110535935,0.3034078807241746,0.3717425599973204
7017,0.4179542075527803,0.16506765067650667,0.3083480243986316,0.2530976215832445,0.43424494649227113
7018,0.4422242045792447,0.21137937093656653,0.3275411319661894,0.2426325878594249,0.31307196328984604
7019,0.4850292397660818,0.18447373045159018,0.32086734601531247,0.26201632942847,0.33330676089832695
7020,0.435878679750223,0.18787559304164464,0.34050643450560186,0.24981753638622642,0.31744904623938636
7021,0.35120626424819107,0.1646810753821824,0.33297254248945685,0.27602697905573303,0.2952246654720236
7022,0.38919218951333134,0.19104551045510454,0.28776919039258625,0.27280937167199143,0.31638793522131603
7023,0.3852453166815343,0.32008434370057987,0.3325424894568227,0.24089882854100106,0.36788129490378657
7024,0.343792248984042,0.300291688631172,0.2965295299462433,0.24485055023074184,0.3223861600040193
7025,0.49388244622856575,0.22800210859251444,0.309956741298485,0.3013304934327299,0.3826778985446568
7026,0.47129150560015853,0.365545598313126,0.36486017846476854,0.39033013844515435,0.3561353854398687
7027,0.4514917236594311,0.15664030926023542,0.3607507828195985,0.3474391196308129,0.38627388588367306
7028,0.4866646843096442,0.13197680548234053,0.3384039530127242,0.30448562300319487,0.4738302825275076
7029,0.36878184160967387,0.19150940080829376,0.29735778023131637,0.2730280440184593,0.3299171007017132
7030,0.3561562097333729,0.42747496046389033,0.3102593712103386,0.25361306354277596,0.2738108556212423
7031,0.3075944097531965,0.3605201194869092,0.3060225524443881,0.2763862264820731,0.30828222605550065
7032,0.3384061849539101,0.30253382533825335,0.29598798168292634,0.24025843095491653,0.3513751235115807
7033,0.28666071959559913,0.2503461606044632,0.3134449492298502,0.21515796947106844,0.2766699603088208
7034,0.28945187828327873,0.2670462133192761,0.26347915799380983,0.2611572594959176,0.2849819966170387
7035,0.2987630092179601,0.14024951678088207,0.2643870477293706,0.2809783457578985,0.28595468171693655
7036,0.2830845475270095,0.1272605868915832,0.2633517348730294,0.23432303869364568,0.26402505401014886
7037,0.28214689265536724,0.12393603936039356,0.2340762728737171,0.2179538516151934,0.21708562911356366
7038,0.30146694419664977,0.1547074327886136,0.2900468786765371,0.25398793042243517,0.2236733600174172
7039,0.3311884230349886,0.1371569144262871,0.26516751434415103,0.2934895278665246,0.29871748923983854
7040,0.3264129249677866,0.14743981725531538,0.27757534073014895,0.24695917642882492,0.3174785215454439
7041,0.36084448409158487,0.1551713231418028,0.33797389998009014,0.3313823216187433,0.32303461673728456
7042,0.36971949648131625,0.12958003865752943,0.33300439826965195,0.33414696485622997,0.3272790608095661
7043,0.4932282684111408,0.12169390265331227,0.3176339843255081,0.2457252396166134,0.2984669491383497
7044,0.37571612647437796,0.13499209277807062,0.3948683234085684,0.22746609868654594,0.362133610222572
7045,0.2855922291604717,0.20047794763661922,0.33485203352096865,0.33063258785942484,0.3215313761283515
7046,0.2680602636534839,0.14914074855034265,0.3449503158428206,0.36835356762513305,0.3163289846092009
7047,0.3288769947467539,0.3303672465296081,0.3153881518217524,0.3569826056088037,0.3162258210379997
7048,0.37865992665279014,0.6971498857845722,0.3066915238284856,0.29434859779907696,0.35715228349885275
7049,0.3601685003469124,0.4513653136531366,0.2934873029376097,0.4016698615548456,0.38313476578854816
7050,0.4089701655268113,0.4447935336496222,0.40925120816666366,0.35501455449059277,0.37194888713972296
7051,0.49394786401030827,0.361834475487612,0.42446234320983184,0.37232090876819307,0.4168250406122825
7052,0.3780929725443552,0.2613248989632753,0.39345074118988577,0.31543485977990765,0.32013129909061977
7053,0.3028189116859946,0.24199613424705674,0.3505887889373563,0.31335747248846285,0.3638726532799652
7054,0.3158588561799979,0.2319451765946231,0.3166305272493619,0.2938331558395456,0.36348947430121753
7055,0.28389136683516697,0.18037603233175187,0.23546199931220474,0.31613773517926863,0.24072482457168692
7056,0.2821250867281197,0.21184326128975575,0.2412438234176184,0.23600993965211212,0.22081425532983873
7057,0.2643314500941619,0.15362502196450534,0.28370757841770894,0.18441888533901307,0.2081398737251092
7058,0.28618098919615426,0.11574064312071686,0.280458288837807,0.20609868654597086,0.2236438847113597
7059,0.29743284765586275,0.1367703391319627,0.268592010715126,0.24002413915512957,0.22421865317948114
7060,0.28011894142134997,0.1719486909154806,0.24167387645025248,0.2589236776712815,0.21606873105457958
7061,0.3010308256516998,0.11496749253206819,0.28291118391283093,0.24174227902023424,0.25002428363283147
7062,0.3433561304390921,0.17712879985942714,0.27634889319263695,0.286882499112531,0.3041998961665354
7063,0.41917533947864,0.15215603584607273,0.3634585241361834,0.31757472488462896,0.41947781815745844
7064,0.5038259490534245,0.48708487084870855,0.30175387789824254,0.26876393326233583,0.4028095325819363
7065,0.37966299930617503,0.21911087682305397,0.325932415066336,0.22401419950301735,0.33526686875115136
7066,0.3764357220735455,0.13104902477596206,0.2970551503194627,0.22535747248846286,0.279308000200968
7067,0.36533650510456933,0.15965559655596556,0.2364017448279606,0.2508952786652467,0.30272613086365996
7068,0.3189334919218951,0.1312809699525566,0.26419591304819995,0.17234504792332264,0.2997638626048802
7069,0.32469025671523444,0.1343735723071516,0.2814298901337581,0.21814128505502298,0.2918350052754099
7070,0.3269362672217266,0.20828676858197145,0.25236149070571406,0.23068370607028754,0.279425901425198
7071,0.3287679651105163,0.258464241785275,0.3212655432677515,0.21275257365992187,0.4093972634857898
7072,0.43265140251759343,0.3849516780882094,0.3013078969755108,0.21476748313809008,0.4124774329687997
7073,0.40090197244523734,0.42693375505183623,0.3384039530127242,0.31182676606318777,0.34204618914437873
7074,0.3591872336207751,0.2844421015638728,0.3304081521837499,0.35837273695420657,0.35572273115506353
7075,0.5980493606898601,0.29913196274819887,0.4407725026697315,0.3973120340788073,0.37741655641339117
7076,0.7130320150659133,0.24825865401511152,0.3972415790331047,0.3073283635072772,0.3654201068479845
7077,0.6231915948062247,0.26055174837462663,0.4242074969682708,0.27569897053603115,0.34153037128837227
7078,0.571773218356626,0.2212756984712704,0.3639204329490126,0.31446645367412135,0.36645174255999724
7079,0.5184359203092476,0.19475663328061846,0.3713269018443773,0.30778132765353206,0.3540426387097854
7080,0.46865298840321146,0.16622737655947983,0.298886857680682,0.32294781682641105,0.28713369395923694
7081,0.3403033006244424,0.12888420312774557,0.2501475139821535,0.2837586084487043,0.24741571904674176
7082,0.3192605808306075,0.1792163064487787,0.29001502289634196,0.27084132055378063,0.2551382492338095
7083,0.32359996035285954,0.12664206642066417,0.223516081739036,0.25425346112886044,0.23482976336018488
7084,0.303887402121122,0.18609734668775255,0.22488588028742598,0.2676549520766773,0.23216224816198014
7085,0.29357319853305575,0.2682059392022491,0.27466053684229574,0.2385402910898118,0.24827050292240962
7086,0.3702210328080087,0.19413811280969953,0.29202193704863433,0.19572736954206604,0.27839426571318515
7087,0.48784220438100895,0.4099244421015638,0.33324331662111534,0.22910614128505497,0.3974008139203832
7088,0.46431360888095946,0.15725882973115446,0.3589509312385744,0.23123038693645723,0.3291802180502755
7089,0.3805570423233225,0.15277455631699166,0.2957809191116581,0.2595640752573659,0.2897569961983554
7090,0.3146377242541381,0.3196204533473906,0.26414812937790727,0.24747461838835633,0.3049957294300883
7091,0.31520467836257304,0.14357406431207162,0.30336259479809585,0.29291160809371664,0.277377367654201
7092,0.29143621766280103,0.14790370760850466,0.24046335680283804,0.2227177848775293,0.29706687210061794
7093,0.2816017444741798,0.1440379546652609,0.2251885101992796,0.20801987930422433,0.28986015976955665
7094,0.2807949251660224,0.13329116148304335,0.23934840449600897,0.2866794462193823,0.3394523622113179
7095,0.351860442065616,0.14496573537163943,0.3063729660265344,0.2106439474618388,0.410959454706838
7096,0.4632669243730796,0.14743981725531538,0.2946022552444388,0.2254980475683351,0.33983554119006554
7097,0.4494855783526613,0.14450184501845012,0.3191471338847761,0.2909123180688675,0.412403744703656
7098,0.379314104470215,0.24044983306975928,0.38077214067222936,0.27632374866879655,0.4290425549731205
7099,0.4040638318961245,0.2983588121595501,0.37701315860920553,0.32591551295704646,0.35159618830701206
7100,0.4216394092576072,0.3502372166578809,0.3724577820413039,0.3358182463613773,0.42973522466547204
7101,0.4304708097928437,0.30864171498857845,0.40638418794910314,0.3752105076322328,0.4512669357404833
7102,0.41376746952126076,0.38270954138112806,0.39953519520715297,0.34497124600638973,0.3998620019761853
7103,0.39817623153930026,0.28939026533122475,0.2855392857789281,0.3180745473908413,0.35557535462477596
7104,0.34828426999702644,0.28335969073976447,0.28730728157975705,0.36482357117500885,0.28823901793639356
7105,0.31762513628704525,0.12787910736250213,0.26343137432351715,0.3166063187788427,0.2589110884091708
7106,0.32521359896917434,0.1299666139518538,0.31145396296765543,0.31473198438054656,0.292129758335985
7107,0.3451660224006343,0.18114918292040064,0.2655975673767851,0.30158040468583597,0.26850530053089045
7108,0.33892952720785,0.13259532595325949,0.2566460931419573,0.3044231451899183,0.29339719649645796
7109,0.3433561304390921,0.157490774907749,0.29014244601712247,0.29225559105431304,0.2642313811525514
7110,0.3937932401625533,0.18114918292040064,0.3187170808521421,0.3225417110401135,0.287369496407697
7111,0.42770145703241147,0.25459848884203123,0.34561928722691815,0.34836066737664184,0.4632339099998325
7112,0.5025830112003171,0.34235108065366365,0.3757389274014009,0.35841959531416395,0.3706372360201638
7113,0.4495073842799088,0.30678615357582145,0.3299462433709207,0.4030443734469293,0.3185396325635143
7114,0.42161760333035975,0.21694605517483748,0.32266719759633655,0.3298672346467873,0.27498986786354274
7115,0.40101100208147483,0.14798102266736948,0.35646618038335526,0.29994036208732694,0.3052904824906634
7116,0.34660521359896906,0.2157863292918643,0.3503020869156002,0.2840085197018104,0.30682319840565386
7117,0.3476955099613441,0.2767105956773853,0.36474868323408566,0.25094213702520407,0.28788531426370345
7118,0.3264129249677866,0.16684589703039887,0.3131423193179967,0.2900532481363152,0.4250044380432417
7119,0.4166676578451779,0.19583904410472672,0.37225071947003563,0.2645154419595314,0.40328113747885647
7120,0.4585568440876202,0.14736250219645045,0.39641332874803165,0.31053035143769964,0.40730451675570667
7121,0.5677827336703339,0.20473027587418727,0.3613082589730131,0.3336940007099751,0.3692813719415182
7122,0.45696501139855283,0.17357230715164296,0.40705315933320063,0.32396308129215473,0.3645800606253454
7123,0.6048310040638318,0.20210156387278158,0.4382718239244148,0.37992758253461123,0.3790671735526117
7124,0.5538269402319357,0.3785345282024249,0.40154210935944534,0.40565282215122467,0.3879981912880374
7125,0.4657964119337893,0.42770690564048497,0.39803797353798254,0.3768193113241036,0.4577957160322218
7126,0.4452988403211418,0.5258970303988755,0.3000655215479013,0.2795101171458998,0.504440387868232
7127,0.3531251858459708,0.5705851344227728,0.33300439826965195,0.28855378061767833,0.41325852857932377
7128,0.3624581227078996,0.4895589527323845,0.3271429347137505,0.31645012424565133,0.3545879318718494
7129,0.3544117355535732,0.2956527850992795,0.2959083422324386,0.3416443024494143,0.2892853913014352
7130,0.32643473089503416,0.18029871727288696,0.3346927546199931,0.3057664181753638,0.2700527540989098
7131,0.3188244622856576,0.16761904761904764,0.2995239732845843,0.2994561590344338,0.3040672572892767
7132,0.3138527108732283,0.17202600597434542,0.3089214284421437,0.3012211572594959,0.29357404833280304
7133,0.33415402914064823,0.18594271657002281,0.35334431392423393,0.29837841675541354,0.32968129825325315
7134,0.3306868867082961,0.19336496222105076,0.34452026281018655,0.35426482073127435,0.36483060072683426
7135,0.40364951927842196,0.37961693902653315,0.3716773154265235,0.35056301029463965,0.42727403660966995
7136,0.4374923183665377,0.36995255666842386,0.37712465383988847,0.4177578984735533,0.42481284855386775
7137,0.44998711467935376,0.16004217185028988,0.3231450342992633,0.33909833155839547,0.3653611562358694
7138,0.44787193973634654,0.23990862765770515,0.3624391391699397,0.26934185303514374,0.3539836880976704
7139,0.39464367132520567,0.3441293270075558,0.3553512280765262,0.2847582534611289,0.31122975666125163
7140,0.33997621171572995,0.34049551924090665,0.3056721388622418,0.27529286474973375,0.3349721156905762
7141,0.30024581227078995,0.17535055350553505,0.41342431537222385,0.2426325878594249,0.29230661017233006
7142,0.31664386956090795,0.15207872078720788,0.31320603087838694,0.23410436634717785,0.2765815343906483
7143,0.3413717910595698,0.33678439641539276,0.36944741081286536,0.27009158679446216,0.35155197534792576
7144,0.36189116859946474,0.3227130557019856,0.430514941446904,0.2636876109336173,0.36083669675604163
7145,0.38310833581127957,0.24238270954138114,0.37519737913808393,0.27911963081292157,0.3681318350052754
7146,0.42083258994944983,0.1845510455104551,0.34756248981882026,0.35140646077387294,0.35889132655624595
7147,0.4223590048567747,0.31699174134598485,0.41288276710890687,0.31779339723109684,0.41104788062501046
7148,0.43566062047774795,0.4724723247232472,0.34789697551086896,0.344768193113241,0.44501817085629114
7149,0.45598374467241554,0.7014022140221402,0.3668830205071585,0.3253688320908768,0.47391870844567996
7150,0.4108236693428486,0.2951888947460903,0.3625028507303299,0.3641050763223287,0.4528438646145601
7151,0.3922886311824759,0.28281848532771037,0.2784991583558073,0.32699325523606665,0.46668252080856126
7152,0.3739934582218257,0.3133579335793358,0.3534717370450144,0.3367397941072063,0.3864949506791044
7153,0.3262384775498067,0.2807309787383588,0.34114355010950426,0.32494710685126016,0.3483391669876572
7154,0.36330855387055205,0.1308170795993674,0.2897123929844884,0.30689101881434144,0.32823700825643515
7155,0.4072256913470116,0.16050606220347918,0.31479881988814273,0.3402854100106496,0.33799333456147107
7156,0.4243215383090494,0.16398523985239852,0.2738482144473203,0.3028299609513667,0.3786545192678066
7157,0.41167410050550096,0.16437181514672283,0.3295639740085793,0.27585516506922253,0.33867126660079383
7158,0.4420279512340172,0.1966895097522404,0.3660069865517927,0.3084998225062123,0.40565389961648607
7159,0.5520606601248885,0.3578140924266386,0.3600658835454036,0.3541398651047213,0.4449739578972049
7160,0.5826761819803746,0.19235986645580744,0.3604162971275498,0.3244004259850904,0.43626400495721057
7161,0.5727762910100109,0.32402741170268845,0.3691607087911093,0.38617536386226475,0.40552126073922723
7162,0.595716126474378,0.17929362150764364,0.34702094155550317,0.3871437699680511,0.4557619199142537
7163,0.5062027951234017,0.23766649095062378,0.40863002045285884,0.39510969116080935,0.5252499539448343
7164,0.4282247992863515,0.29696714109998246,0.3808039964524244,0.30978061767838116,0.43759039372979847
7165,0.37484388938447816,0.24037251801089435,0.4652377418595811,0.3421128860489882,0.4603600676592253
7166,0.3522093369015759,0.21802846599894563,0.4618928849390939,0.32664962726304575,0.42373699988276864
7167,0.36444246208742187,0.22506413635564926,0.3966203913192998,0.2703258785942491,0.46159803051364073
7168,0.47713549410248784,0.3800808293797223,0.3863946858766674,0.30248633297834576,0.4343775853695299
7169,0.4968480523342254,0.37304515902301877,0.40174917193071363,0.31969897053603125,0.4459761183031602
7170,0.563879472693032,0.44610788965032505,0.459185143622509,0.33058572949946746,0.4863425499489207
7171,0.5493349192189513,0.4434791776489193,0.4158294267769552,0.3677131700390486,0.4611559009227781
7172,0.5134641688968182,0.3861887190300475,0.4250994588137342,0.3198395456159034,0.5019939374654586
7173,0.5736267221726633,0.33369179406079774,0.42928849390939205,0.3268214412495562,0.5487565105256988
7174,0.5601288532064624,0.3880442804428044,0.4616858223678256,0.3692282570110046,0.5135629950930315
7175,0.4470869263554366,0.35812335266209805,0.42286955420007594,0.3628711395101171,0.3916678668921974
7176,0.4805808306075925,0.3016833596907398,0.3612764031928179,0.3615434859779907,0.4250044380432417
7177,0.4305580335018337,0.20055526269548404,0.34362830096472335,0.35140646077387294,0.41850513305756054
7178,0.44699970264644656,0.2093691794060798,0.3217433799706782,0.3287426340078097,0.3562680243171275
7179,0.4492457131529389,0.16089263749780355,0.33243099422613975,0.34728292509762154,0.37056354775502
7180,0.4540866290018833,0.22104375329467577,0.3224123513547756,0.3016897408590699,0.3788755840632379
7181,0.4328258499355733,0.19212792127921277,0.3373527122662853,0.2978004969826056,0.36335683542395875
7182,0.4828704529685796,0.32008434370057987,0.31478289199804527,0.3248846290379837,0.321325048985949
7183,0.480035682426405,0.2206571780003514,0.3285127332621404,0.35606105786297476,0.39688499606437666
7184,0.47198929527207845,0.19367422245651023,0.3268243769117992,0.35820092296769607,0.42481284855386775
7185,0.5708137575577361,0.289235635213495,0.33958261687994346,0.3680724174653887,0.42977943762455834
7186,0.5591475864803251,0.22003865752943247,0.38064471755144885,0.4520738374156904,0.3727447204032758
7187,0.5849876102686095,0.26001054296257253,0.40037937338232366,0.38473837415690454,0.4110626182780392
7188,0.6297115670532263,0.1949885784572131,0.3976397762855436,0.26598367057152994,0.41350906868081255
7189,0.59979383486966,0.1953751537515375,0.40612934170754217,0.33539652112176066,0.425225502838673
7190,0.5154921201308356,0.13530135301353008,0.4045365526977864,0.34768903088391906,0.42649294099914586
7191,0.4798394290811775,0.2072043577578633,0.4320758746764647,0.37835001774937876,0.443161226574668
7192,0.6090395480225989,0.3762923914953435,0.4364719723433908,0.3730394036208732,0.45692619450352534
7193,0.5862305481217167,0.3492321208926375,0.4441014317001213,0.4537138800141994,0.4954356818676625
7194,0.6685479234810189,0.444329643296433,0.47119477275606797,0.4601022364217252,0.4635728760194938
7195,0.6772048765982753,0.27640133544192586,0.5314021973248384,0.4226311679091232,0.4386957177069552
7196,0.6048964218455744,0.22344052011948692,0.463294539267679,0.3960937167199147,0.3773281304952187
7197,0.5775081772227179,0.287380073800738,0.465604083331825,0.42205324813631523,0.4060518162482625
7198,0.5098661909009813,0.3523247232472325,0.4297822585024163,0.3737266595669151,0.39312689454204414
7199,0.4912875408861136,0.35000527148128624,0.38534344513022856,0.32561874334398294,0.4041948719666392
7200,0.5161462979482605,0.3244139869970128,0.3748151097757425,0.35546751863684767,0.38149888630235634
7201,0.47604519774011295,0.3277385345282024,0.35113033720067327,0.32585303514376995,0.39253738842089403
7202,0.49163643572207355,0.21346687752591811,0.3683483863961339,0.3204487042953496,0.38706971914722577
7203,0.4794469223907225,0.26642769284835705,0.34225850241633327,0.33719275825346107,0.33012342784411575
7204,0.49981365843988496,0.19893164645932168,0.322109721442922,0.35737309194178196,0.3678223442916715
7205,0.4905025275052037,0.1718713758566157,0.35555829064779454,0.31955839545615894,0.3341615447739948
7206,0.4695688373476063,0.22637849235635207,0.33540950967438327,0.333444089456869,0.340705062718762
7207,0.5499672911091288,0.2124617817606748,0.3561794783615993,0.3069378771742989,0.3724204920366431
7208,0.5206819308157399,0.22135301353013523,0.37237814259081614,0.30370465033723815,0.4235159350873373
7209,0.6454118346714243,0.24562994201370586,0.46270520733406945,0.29428611998580045,0.4134648557217263
7210,0.6455208643076618,0.3257283429977157,0.4718478162500679,0.3360837770678025,0.37541223560148046
7211,0.6113945881653285,0.2936425935687928,0.46399536643197165,0.42095988640397586,0.5276964043476077
7212,0.5774863712954703,0.267664733790195,0.4262303390106608,0.42612992545260914,0.5350652308619852
7213,0.5561383685201704,0.22970303988754173,0.3743054172926207,0.37581966631167907,0.5307913114836462
7214,0.5387808504311626,0.3074819891056053,0.4105254393744683,0.4137593184238551,0.49726315084322825
7215,0.5945168004757656,0.24199613424705674,0.43360495212583033,0.4524330848420305,0.5088616837768586
7216,0.552823867578551,0.3001370585134423,0.432712990280367,0.3874093006744764,0.4772052050710925
7217,0.5014491029834472,0.2951115796872255,0.438447030715488,0.4379382321618743,0.4955241077858351
7218,0.7329844384973733,0.3059356879283078,0.4721026624916288,0.5217209797657082,0.5364358325936596
7219,0.6469600555059967,0.22993498506413637,0.5007410088870387,0.4496372026979055,0.5510113714390983
7220,0.6559440975319655,0.4679107362502196,0.4571623015801191,0.5547873624423144,0.539177036057008
7221,0.6235841014966795,0.4901001581444387,0.4732813263588481,0.5006190983315584,0.4974842156386596
7222,0.5825889582713847,0.3352380952380953,0.4582772538869482,0.4651629392971246,0.44186431310813756
7223,0.5315412825849936,0.23952205236338078,0.4488797987293887,0.38992403265885683,0.4281435581383664
7224,0.5133115274060858,0.2992092778070638,0.4025137106553965,0.39359460418885334,0.432564854046993
7225,0.4961066508078105,0.22421367070813558,0.35855273398613546,0.38077103301384446,0.3678518195977291
7226,0.4976548716423827,0.20465296081532236,0.3625665622907202,0.40463755768548093,0.3488697224966924
7227,0.47403905243334327,0.19375153751537513,0.35081177939872216,0.3281334753283634,0.3403660966991007
7228,0.5009475666567549,0.21509049376208048,0.2922449275100001,0.3382236421725239,0.34636432148180396
7229,0.5037169194171871,0.19552978386926725,0.3936737316512516,0.34904792332268364,0.39073939475138586
7230,0.4772009118842303,0.2074363029344579,0.3725374214917917,0.3923138090166844,0.3355468841586977
7231,0.5419209039548023,0.2003233175188895,0.40800883273905403,0.36034078807241743,0.4091319857312723
7232,0.5612845673505797,0.3507784220699349,0.42901771977773345,0.3942662406815761,0.46973321498551357
7233,0.6211418376449598,0.44974169741697423,0.38067657333164395,0.3539211927582534,0.5300544288322085
7234,0.5472633561304391,0.3065542083992268,0.40014045503086026,0.28920979765708194,0.49384401534055705
7235,0.5197442759440976,0.2847513617993323,0.40319860992959144,0.33041391551295696,0.4944040461556497
7236,0.5409396372286649,0.20163767351959236,0.4115607522308095,0.32721192758253465,0.5009033511413308
7237,0.4884527703439389,0.22862062906343344,0.4535466705279734,0.3869250976215831,0.4753482607894693
7238,0.47628506293983547,0.2627165700228431,0.5059812847291354,0.35556123535676243,0.4698805915158011
7239,0.4843314500941619,0.2284659989457037,0.4989889409763073,0.3844572239971601,0.462423339083251
7240,0.6398949350778075,0.24346512036548934,0.52160654491484,0.32621228257011,0.5497291956255967
7241,0.6608286252354049,0.4273976454050254,0.5154583793371825,0.3582321618743344,0.5879439299291588
7242,0.7071008028545941,0.3970901423299947,0.4405176564281706,0.4582747603833866,0.5739578972048701
7243,0.7804341361879273,0.252279037076085,0.5031939039620626,0.40012353567625125,0.5704355981309976
7244,0.7826801466944197,0.27199437708662794,0.5087527376061105,0.43433013844515433,0.5449836713503374
7245,0.6288175240360789,0.30415744157441577,0.5167963221053774,0.454822861199858,0.5484175445060375
7246,0.7709485578352661,0.40281145668599544,0.5510890694854205,0.4146340078097266,0.6392899130813418
7247,0.8575180890078302,0.6573326304691619,0.46708537711089787,0.42945686900958463,0.515699954782201
7248,0.7961780156606204,0.5636267791249341,0.45147604481529074,0.43701668441604535,0.4652971814238583
7249,0.5404599068292198,0.3268107538218239,0.35436369889047764,0.42297479588214404,0.4613769657182094
7250,0.4837863019129745,0.2395993674222457,0.32636246809897007,0.3727894923677671,0.4283793605868266
7251,0.46586182971553175,0.19707608504656476,0.3647327553439881,0.35887255946041885,0.4247833732478103
7252,0.4538249578749133,0.2124617817606748,0.3499676012235515,0.34643947461838825,0.3660833012342784
7253,0.4745405887600357,0.20635389211034963,0.33004181071150607,0.3797557685481007,0.37863978161477785
7254,0.44314005352363955,0.24091372342294848,0.34389907509638185,0.3607000354987575,0.4030305973773676
7255,0.5415065913370998,0.27864347214900714,0.4094104870676392,0.3839261625843095,0.48374872301585975
7256,0.5764614927148379,0.39593041644702165,0.47098771018479973,0.36285552005679805,0.5379390732025925
7257,0.6017345623946873,0.34698998418555616,0.4475418559611938,0.45793113241036565,0.5193254174272747
7258,0.6286430766180989,0.39020910209102083,0.47618020235660374,0.43556407525736596,0.5060320543953375
7259,0.5504688274358212,0.21872430152872957,0.562971275498199,0.3814270500532481,0.49941484818542653
7260,0.5675646743978591,0.24485679142505704,0.48091078571557855,0.36285552005679805,0.4831886922007671
7261,0.6107404103479036,0.2580003514320858,0.47105142174518994,0.4848434504792332,0.4706911624323826
7262,0.672058677767866,0.23171323141802844,0.4132013249108581,0.4134156904508342,0.49407981778901705
7263,0.5579046486272178,0.2533614479001933,0.40800883273905403,0.4099794107206247,0.4609495737803755
7264,0.5988125681435226,0.27771569144262864,0.48449456098752913,0.40017039403620874,0.48174440220394904
7265,0.6818059272474972,0.48855385696714115,0.44967619323426666,0.4662875399361022,0.5050593692954397
7266,0.6325463375954009,0.37652433667193813,0.5285192492171804,0.4097294994675186,0.604125872954732
7267,0.5636614134205571,0.23256369706554203,0.5276750710420098,0.42695775647852324,0.5754464001607744
7268,0.5899811676082862,0.2543665436654367,0.45555358468026563,0.4317997870074547,0.5335619902530522
7269,0.5491822777282188,0.2674327886136005,0.5029231298304041,0.4054029108981185,0.6536443871313493
7270,0.4889325007433839,0.33848532771042,0.42185016923383223,0.4698956336528221,0.5154052017216258
7271,0.49466745960947567,0.6241644702161308,0.44797190899382794,0.3592005679801206,0.44955736798914775
7272,0.463375954009317,0.49535758214725006,0.3901377400495936,0.37357046503372376,0.44550451340624003
7273,0.48836554663494897,0.46450887366016524,0.42901771977773345,0.36793184238551646,0.37790289896334006
7274,0.4312994350282485,0.26681426814268144,0.3876052055240819,0.35582676606318775,0.32698430774899095
7275,0.4163187630092179,0.2532068177824635,0.32610762185740916,0.34514305999290024,0.3270432583611059
7276,0.37591237981960546,0.243697065542084,0.3353617260040906,0.33731771388001414,0.3449937197501297
7277,0.34795718108831397,0.1914320857494289,0.34925084616916136,0.3002996095136669,0.38120413324178126
7278,0.37796213698087017,0.23944473730451588,0.28862929645785435,0.292364927227547,0.3360184890556179
7279,0.39237585489146587,0.23449657353716388,0.36853952107730453,0.3119048633297834,0.3459074542379126
7280,0.4102131033799187,0.45036021788789316,0.3341512063566761,0.40801135960241386,0.5021707893018037
7281,0.3849400337000693,0.3951572658583729,0.36086227805028137,0.3316009939652112,0.4689079064159033
7282,0.40199226880761224,0.22313125988402735,0.419588408839979,0.3548895988640397,0.41064996399323406
7283,0.42578253543463174,0.30485327710419957,0.4074991402559322,0.2912559460418884,0.3493855403526988
7284,0.33489543066706307,0.24802670883851696,0.4869952397328458,0.3542492012779552,0.36879502939156933
7285,0.35162057686589354,0.29897733263046916,0.44966026534416914,0.3119204827831025,0.4568819815444391
7286,0.45831697888789774,0.3819363907924793,0.4216749624427591,0.30928079517216894,0.42615397497948454
7287,0.41518485479234807,0.20542611140397113,0.37204365689876734,0.3452055378061768,0.42173267907085793
7288,0.5606740013876499,0.2252960815322439,0.4042179948958352,0.3101554845580404,0.49186916983470386
7289,0.6172167707404103,0.28536988227025123,0.46162211080743537,0.3708995385161519,0.5739726348578988
7290,0.5872990385568441,0.40134247056756284,0.4727397780955311,0.37992758253461123,0.5203128401802013
7291,0.6255902468034493,0.38502899314707434,0.4729149848866042,0.37041533546325867,0.48648992647920825
7292,0.6834413717910595,0.3704937620804779,0.40976090064978543,0.34000425985090516,0.4320342985379579
7293,0.655224501932798,0.33678439641539276,0.41218193994461433,0.3306794462193823,0.43228483863944667
7294,0.5898503320448013,0.30044631874890176,0.4369657369364151,0.3849570465033724,0.4762030446651371
7295,0.512090395480226,0.45353013530135305,0.3921765099820811,0.4048562300319488,0.4238549011069987
7296,0.36162949747249473,0.4208258654015111,0.3926065630147152,0.4230060347887824,0.43297750833179816
7297,0.3803825949053424,0.4803584607274644,0.3944223424858368,0.3988271210507632,0.4066855353284989
7298,0.3431380711666171,0.21988402741170263,0.3280189686691161,0.3351622293219737,0.38179363936293137
7299,0.31690554068787785,0.16096995255666838,0.3332273887310177,0.34275328363507274,0.3339994305906784
7300,0.32820101100208143,0.18130381303813037,0.3111513330558019,0.3397699680511182,0.34929711443452627
7301,0.3197839230845475,0.14782639254963975,0.324849318539702,0.3483762868299609,0.3653464185828406
7302,0.3357458618297155,0.17666490950623784,0.3625984180709153,0.3131856585019524,0.37267103213813196
7303,0.36409356725146186,0.1719486909154806,0.3758185668518887,0.3255250266240681,0.3952933295372712
7304,0.36895628902765387,0.22777016341591988,0.40829553476081015,0.3324288249911253,0.47798630068161646
7305,0.4224680344930121,0.4063679493937796,0.39405600101359295,0.2871948881789137,0.45960844735475875
7306,0.3658380414312618,0.3507011070110701,0.3096381834965339,0.28575789847355343,0.40326639982582774
7307,0.3375775597185052,0.29124582674398175,0.36713786674871945,0.34036350727724524,0.3523183333054211
7308,0.3773297650906927,0.16777367773677737,0.3398693189016996,0.34050408235711743,0.38827820669558377
7309,0.4067459609475666,0.25351607801792303,0.36154717732447644,0.2889755058572949,0.41249217062182847
7310,0.39915749826543756,0.22591460200316288,0.39515502543032455,0.3074533191338303,0.47686623905143105
7311,0.3223570224997521,0.22359515023721666,0.38050136654057076,0.32550940717074894,0.4151154728609469
7312,0.36533650510456933,0.2706800210859251,0.4799232565295299,0.3833951011714589,0.4386072917887826
7313,0.3833263950837546,0.23356879283078544,0.45826132599685065,0.4181171458998934,0.5310271139321062
7314,0.4025156110615521,0.3613705851344228,0.43573928939890305,0.413509407170749,0.47776523588618514
7315,0.4113033997422935,0.22614654717975743,0.38997846114861806,0.446653887113951,0.47166384753228047
7316,0.4302091386658737,0.21856967141099984,0.37178881065720637,0.4709265175718849,0.46557719683140464
7317,0.4229913767469521,0.24570725707257068,0.40518959619178624,0.39485977990770327,0.4501321364572692
7318,0.38304291802953705,0.3135125636970655,0.39931220474578716,0.38873695420660276,0.46289494398017117
7319,0.383958766973932,0.3794623089088034,0.39469311661749534,0.3450649627263045,0.4581052067458257
7320,0.3149212013083556,0.39507995079950803,0.4015739651396405,0.3392389066382676,0.3407787509839058
7321,0.31751610665080776,0.38557019855912844,0.3666122463755,0.3370365637202697,0.32080923112994253
7322,0.3061770244821092,0.3268880688806887,0.32771633875726247,0.2878352857649982,0.33246671467568784
7323,0.3171017940331053,0.2315586013002987,0.30498723958804685,0.2604231451899183,0.3058063003466698
7324,0.31527009614431556,0.29758566157090144,0.28601712248185485,0.2547064252751153,0.32139873725109275
7325,0.32650014867677674,0.19862238622386222,0.30212021937048633,0.24683422080227185,0.28994858568772924
7326,0.31465953018138565,0.1994728518713758,0.29273869210302444,0.2837898473553425,0.3075895563631491
7327,0.355632867479433,0.21934282199964852,0.33798982787018766,0.2886787362442314,0.3713299057125153
7328,0.4111943701060561,0.18803022315937437,0.337655342178139,0.28978771742988996,0.47132488151261914
7329,0.39226682525522844,0.22452293094359516,0.35046136581657583,0.299128150514732,0.4784136926194504
7330,0.3364872633561304,0.28915832015463017,0.333832648554725,0.28413347532836347,0.4291162432382643
7331,0.2932461096243433,0.3528659286592866,0.3483429564336006,0.3039858004969826,0.41729664550920265
7332,0.3577480424224402,0.2594693375505183,0.36842802584662165,0.3155754348597799,0.38989934852874675
7333,0.3832391713747645,0.16947460903180456,0.42223243859617365,0.33219453319133824,0.3190849257255781
7334,0.31535731985330556,0.2284659989457037,0.35469818458252633,0.35845083422080226,0.4246949473296378
7335,0.35179502428387344,0.1682375680899666,0.39458162138681235,0.3027206247781327,0.45800204317462445
7336,0.4091228070175439,0.22390441047267612,0.3901695958297887,0.3073752218672346,0.40457805094538696
7337,0.6191138864109426,0.2170233702337023,0.41063693460515116,0.3349279375221867,0.39415853025405706
7338,0.6635761720685895,0.23689334036197507,0.35855273398613546,0.2854455094071707,0.4739334460987088
7339,0.5011002081474873,0.26055174837462663,0.4036127350721279,0.32425985090521825,0.4051086064544221
7340,0.4279631281593815,0.21802846599894563,0.3286720121631161,0.3917202697905573,0.39519016596606993
7341,0.3971295470314203,0.45986997012827274,0.4122137957248094,0.37258643947461834,0.4744492639547152
7342,0.3771335117454654,0.454148655772272,0.36992524751579214,0.3423003194888179,0.47184069936862555
7343,0.38079690752304485,0.4283254261114039,0.39475682817788554,0.32967980120695767,0.48535512719599405
7344,0.41623153930022794,0.37729748726058693,0.3710401998226212,0.3471423500177494,0.39700289728860677
7345,0.32711071463970653,0.20426638552099807,0.33072670998570103,0.33110117145899887,0.3189228115422619
7346,0.33792645455446524,0.21988402741170263,0.3564183967130627,0.3081561945331913,0.3112592319673092
7347,0.3124789374566359,0.16962923914953432,0.312951184636826,0.31170181043663464,0.32151663847532275
7348,0.32926950143720884,0.18238622386223863,0.32828974280077466,0.3035640752573659,0.3155626266517057
7349,0.33454653583110316,0.2829731154454402,0.32693587214248215,0.33405324813631515,0.3123940312505233
7350,0.33670532262860536,0.1881848532771042,0.30780647613531464,0.3333035143769968,0.3327762053892917
7351,0.3899990088214888,0.21872430152872957,0.3521178663867219,0.3108739794107206,0.38042303763125723
7352,0.4524075726038259,0.1899630996309963,0.3032510995674129,0.3731018814341498,0.37629649478320576
7353,0.49270492615720085,0.20828676858197145,0.4036764466325182,0.31746538871139507,0.4109741923598666
7354,0.5254574288829419,0.2144719732911614,0.5030505529511845,0.3015179268725594,0.43558607291788787
7355,0.42275151154722956,0.30353892110349673,0.3594924795018914,0.3109520766773162,0.4579430925625095
7356,0.49752403607889784,0.4279388508170796,0.4297344748321236,0.2691700390486333,0.4376640819949423
7357,0.5583843790266626,0.37497803549464065,0.41882387011529615,0.31437273695420653,0.43518815628611146
7358,0.528444840915849,0.30879634510630827,0.48490868613006566,0.3306794462193823,0.39365745005107927
7359,0.4261532361978391,0.2788754173256018,0.3832887473076435,0.3656357827476037,0.44472341779571606
7360,0.44898404202596887,0.3343876295905816,0.4224554290575395,0.3653858714944977,0.4255644688583344
7361,0.5066825255228466,0.28366895097522404,0.4602682401491429,0.2863670571529996,0.45019108706938427
7362,0.47554366141342047,0.2355016693024073,0.4790312946840667,0.3542804401845935,0.44165798596573497
7363,0.4352245019327981,0.2946476893340362,0.5555966623830295,0.37952147674831377,0.4128900872536049
7364,0.45157894736842097,0.33678439641539276,0.48879509131386994,0.3783031593894213,0.4087340690994959
7365,0.45258202002180586,0.21872430152872957,0.4538174446596319,0.30623500177493784,0.4348639279194788
7366,0.435268113787293,0.2896995255666842,0.4584046770077287,0.33336599219027335,0.4330069836378557
7367,0.42349291307364456,0.4174240028114567,0.4248127567919781,0.2667021654242101,0.3938637771934819
7368,0.35438992962632565,0.18679318221753638,0.41957248094988137,0.20908200212992542,0.3985650885096549
7369,0.37449499454851815,0.2152451238798102,0.3557653532190628,0.2325892793752218,0.42933730803369563
7370,0.3947308950341956,0.17357230715164296,0.3476580571594056,0.22365495207667727,0.3694287484718059
7371,0.29108732282684113,0.21462660340889117,0.33722528914550487,0.25094213702520407,0.391152049036191
7372,0.291567053226286,0.19475663328061846,0.32696772792267725,0.21731345402910898,0.2980395572005158
7373,0.2984359203092477,0.1809945528026709,0.3387543665948705,0.2836805111821086,0.28421563865954347
7374,0.32512637526018434,0.21315761729045862,0.3112150446161921,0.27318423855165064,0.2930582304767966
7375,0.3225314699177322,0.18107186786153573,0.3233520968705315,0.28914731984380543,0.321325048985949
7376,0.3294875607096837,0.20828676858197145,0.4027207732266646,0.2643123890663826,0.3477791361725645
7377,0.3542154822083457,0.2629485151994377,0.3916668174989592,0.2482555910543131,0.3094317629917436
7378,0.3662741599762117,0.33369179406079774,0.41584535466705275,0.23583812566560172,0.3184512066453417
7379,0.6177837248488453,0.2062765770514848,0.4863581241289435,0.2138459353922612,0.36886871765671314
7380,0.5129408266428783,0.18756633280618518,0.46166989447772805,0.25009868654597084,0.48839108371991763
7381,0.42737436812369906,0.20697241258126867,0.4361534145414396,0.3526716364927227,0.4178419386712666
7382,0.40279908811576964,0.15463011772974866,0.4330952596427084,0.3624181753638622,0.35731439768216916
7383,0.3046942214292794,0.24493410648392197,0.45913735995221633,0.3154192403265885,0.379111386511698
7384,0.45622360987213795,0.19150940080829376,0.44333689297543843,0.3328817891373802,0.39934618412017886
7385,0.43956388145505004,0.37691091196626253,0.47586164455465263,0.350141285055023,0.4729902363048685
7386,0.44396867875904444,0.33013530135301344,0.4309131386993429,0.33166347177848776,0.5519987941920249
7387,0.4134621865397957,0.3104972764013354,0.4260710601096852,0.3539368122115726,0.46052218184254157
7388,0.46764991574982656,0.3708030223159374,0.47707216420206705,0.34284700035498755,0.5175568990638241
7389,0.44287838239666966,0.3379441222983659,0.38809897011710615,0.3415505857294994,0.4686426286613857
7390,0.3995500049558925,0.3705710771393428,0.4084707415518833,0.30778132765353206,0.4507216425784194
7391,0.35101001090296363,0.2262238622386224,0.37416206628174264,0.3896585019524316,0.45954949674264367
7392,0.34715036178015657,0.29271481286241435,0.3514488950026245,0.3983272985445509,0.3827957997688867
7393,0.3208306075924273,0.5129854155684415,0.37463990298466937,0.33933262335818243,0.29311718108891155
7394,0.29666964020220044,0.2201932876471622,0.3214088942786294,0.31652822151224697,0.33058029508800724
7395,0.30181583903260967,0.1660727464417501,0.3049394559177542,0.3394263400780973,0.28837165681365245
7396,0.32351273664386954,0.14798102266736948,0.32782783398794546,0.3196364927227547,0.3064105441208487
7397,0.2931806918426008,0.1935969073976454,0.3048598164672664,0.2827745828895988,0.28822428028336483
7398,0.3123699078203984,0.1404814619574767,0.3547937519231117,0.28424281150159747,0.3050841553482607
7399,0.3457983942908117,0.19684413986997013,0.3587120128871111,0.3052665956691516,0.3538657868734404
7400,0.36224006343542464,0.1898857845721314,0.4089963619251027,0.3684160454384096,0.40882249501766843
7401,0.40439092080483696,0.3252644526445264,0.3355847164654563,0.3143258785942491,0.40525598298470966
7402,0.36971949648131625,0.2336461078896503,0.3462882586110155,0.28079091231806885,0.3675128535780677
7403,0.3893230250768163,0.2828958003865753,0.40007674347047,0.2873354632587859,0.30722111503743027
7404,0.4087303003270889,0.21710068529256712,0.3788926496407174,0.2873198438054667,0.3944090703555459
7405,0.36110615521855477,0.20650852222807936,0.38521602200944804,0.27349662761803334,0.4100899331781414
7406,0.33853702051739515,0.20604463187489017,0.39040851418125205,0.3145133120340788,0.4197283582589472
7407,0.3711368817524035,0.21640484976278335,0.39924849318539696,0.3096088036918707,0.401262079013917
7408,0.5650133809099018,0.21810578105781053,0.3969070933410559,0.33727085552005676,0.4600653145986502
7409,0.7002755476261274,0.2852152521525215,0.45349888685768064,0.3372552360667376,0.4629391569392574
7410,0.6372128060263653,0.41154805833772623,0.44244493112997524,0.37324245651402194,0.4328006564954531
7411,0.41747447715333524,0.410465647513618,0.40334196094046953,0.4146652467163649,0.44896786186799753
7412,0.4720765189810685,0.5936250219645054,0.4317891726547087,0.4280823571175008,0.4007904741169968
7413,0.6160392506690454,0.5120576348620629,0.5217498959257181,0.36963436279730205,0.46158329286061195
7414,0.5555278025572404,0.4386856439992971,0.3975123531647632,0.3429719559815406,0.43931469913416293
7415,0.4571176528892853,0.39183271832718325,0.43075385979836733,0.3643237486687965,0.4949198640116562
7416,0.4188264446426801,0.5498646986469865,0.3782714619269127,0.3431906283280085,0.3816167875265863
7417,0.3962791158687679,0.21509049376208048,0.3414939636916505,0.33052325168619096,0.32944549580479304
7418,0.36125879670928734,0.17666490950623784,0.35173559702438045,0.32055804046858355,0.31812697827870906
7419,0.31060362771335115,0.15903707608504655,0.3199276004995565,0.30482925097621577,0.27715630285876974
7420,0.30321141837644955,0.1769741697416974,0.312696338395265,0.334490592829251,0.2957552209810588
7421,0.30879373575180885,0.174732033034616,0.29170337924668316,0.3132012779552716,0.305128368307347
7422,0.32654376053127165,0.19506589351607803,0.3331955329508226,0.2911466098686546,0.31047813635678523
7423,0.38993359103974623,0.27864347214900714,0.36767941501203644,0.2841647142350018,0.322282996432818
7424,0.44955099613440375,0.1580319803198032,0.32840123803145754,0.32850834220802266,0.41219741756125333
7425,0.4331311329170383,0.167387102442453,0.3864265416568625,0.3783031593894213,0.36449163470717283
7426,0.43167013579145597,0.1592690212616412,0.3330840377201396,0.2996123535676251,0.35868499941384335
7427,0.41535930221032796,0.18014408715515723,0.3596836141830621,0.2697011004614838,0.33463314967091484
7428,0.35234017246506094,0.33369179406079774,0.3680298285941827,0.2559872204472843,0.39312689454204414
7429,0.3261076419863217,0.2044210156387278,0.34694130210501545,0.26129783457578976,0.36851501398402303
7430,0.34265834076717216,0.1718713758566157,0.391316403916813,0.2919275825346113,0.33846493945839123
7431,0.33609475666567545,0.30121946933755045,0.37932270267335155,0.38795598154064603,0.3717278223442916
7432,0.4241907027455644,0.2999824283957125,0.3991210700646165,0.29676961306354277,0.4817886151630354
7433,0.46012687084944,0.22398172553154103,0.4221368712555883,0.27040397586084486,0.565660598549681
7434,0.45541679056398066,0.4100790722192936,0.44150518561421925,0.34617394391196304,0.4914270402438412
7435,0.4039329963326395,0.3364751361799333,0.47101956596499484,0.3702435214767483,0.3793177136541006
7436,0.4263058776885717,0.4727042698998418,0.3745602635341816,0.31612211572594956,0.3813809850781263
7437,0.4194152046783626,0.5415146722895801,0.40249778276529885,0.31240468583599573,0.46189278357421587
7438,0.33738130637327773,0.24648040766121943,0.37737950008144944,0.355748668796592,0.4312679405804626
7439,0.3669501437208841,0.16785099279564222,0.3855345798113992,0.324931487397941,0.5117944767295808
7440,0.3707225691347012,0.17828852574240023,0.3319372296331155,0.32835214767483134,0.36242836328314715
7441,0.3334998513232233,0.1344508873660165,0.36955890604354835,0.2803535676251331,0.29820167138383213
7442,0.3062642481910992,0.1533930767879107,0.2788814277181487,0.25864252751153705,0.21817621543769153
7443,0.29666964020220044,0.13777543489720612,0.34104798276891884,0.24416329428470002,0.27892482122222034
7444,0.31607691545247296,0.16901071867861536,0.31468732465745985,0.2658274760383386,0.27531409623017533
7445,0.2909128754088611,0.1317448603057459,0.3229220438378975,0.2641405750798722,0.2547255949490043
7446,0.3273505798394291,0.1715621156211562,0.3373367843761877,0.2627348242811502,0.25970692167272363
7447,0.38659728417087913,0.16081532243893865,0.3730948976452062,0.2306056088036918,0.37446902580764013
7448,0.3576172068589552,0.26627306273062734,0.3747832539955474,0.30040894568690096,0.45582087052636866
7449,0.41843393795222517,0.18965383939553682,0.3393596264185777,0.298315938942137,0.3798924821222221
7450,0.3534958866091783,0.1587278158495871,0.33724121703560245,0.32846148384806534,0.41156369848101687
7451,0.36095351372782236,0.1718713758566157,0.32629875653857987,0.38412921547745826,0.4012768166669458
7452,0.3353751610665081,0.1764329643296433,0.3870795851508624,0.3218388356407526,0.3335278256937583
7453,0.34433739716522943,0.22413635564927076,0.3931321833879346,0.27549591764288245,0.40967727889333616
7454,0.39350976310833574,0.20728167281672816,0.371008344042426,0.31406034788782383,0.44846678166501985
7455,0.4128734265041134,0.21485854858548584,0.4536422378685588,0.27120056798012065,0.45713252164592794
7456,0.44032708890871247,0.3196204533473906,0.4736476678310919,0.32833652822151227,0.4375167054646548
7457,0.4455605114481118,0.4026568265682657,0.47090807073431196,0.3328349307774227,0.4020579122774698
7458,0.38733868569729407,0.2550623791952205,0.4768491737407012,0.3861128860489882,0.4306636968062836
7459,0.4776152245019327,0.24562994201370586,0.4664960451772883,0.3449087681931133,0.3945417092328047
7460,0.47949053424521754,0.22807942365137934,0.4488797987293887,0.35720127795527157,0.4492626149285726
7461,0.4644226385171969,0.2458618871903005,0.39598327571539754,0.4395157969471068,0.453816549714458
7462,0.4067459609475666,0.27454577402916885,0.4493417075422179,0.46272630457933966,0.49465458625713854
7463,0.32307661809891963,0.36438587243015286,0.3853593730203261,0.3619183528576499,0.38712866975934085
7464,0.34599464763603927,0.4143314004568617,0.36079856648989117,0.31073340433084834,0.40985413072968124
7465,0.3260640301318267,0.45801440871551574,0.3810588426939854,0.28352431664891725,0.34350521679422547
7466,0.29642977500247797,0.318769987699877,0.3259164871762385,0.2831182108626198,0.2945467334327009
7467,0.2867479433045891,0.16220699349850637,0.3433575268330648,0.3616059637912673,0.2754025221483479
7468,0.32261869362672213,0.19522052363380776,0.31322195876848447,0.3258061767838126,0.3557816817671785
7469,0.3054138170284468,0.16893340361975043,0.31158138608843594,0.3290550230741924,0.3046862387164843
7470,0.2955139260580831,0.19854507116499728,0.3201505909609224,0.2878665246716365,0.29070020599219576
7471,0.3451878283278818,0.16313477420488484,0.34748285036833243,0.2909123180688675,0.3494150156587563
7472,0.35026860937654863,0.21416271305570195,0.36353816358667124,0.2749179978700745,0.4683331379477818
7473,0.5230151650312221,0.28405552626954844,0.34471139749135726,0.2574085906993255,0.42121686121485147
7474,0.4091664188720388,0.28939026533122475,0.37822367825662,0.24819311324103657,0.40624340573763623
7475,0.3875131331152741,0.1954524688104024,0.41840974497275957,0.29995598154064607,0.3779913248815126
7476,0.4125027257409059,0.19839044104726755,0.368380242176329,0.27227831025914084,0.38273684915677175
7477,0.39579938546932303,0.2170233702337023,0.38257199225325333,0.2905374511892083,0.38860243506221637
7478,0.4040856378233719,0.27191706202776317,0.3527709098807218,0.27618317358892436,0.39776925524610196
7479,0.3971513529586678,0.40196099103848176,0.3673608572100852,0.26003265885694,0.42780459211870503
7480,0.47155317672712854,0.43466526093832364,0.44680917301670614,0.3305076322328718,0.42028838907404
7481,0.41511943701060555,0.5309998242839572,0.38413292548281414,0.36780688675896334,0.41224163052033963
7482,0.3876221627515115,0.5209488666315235,0.41202266104363877,0.30145544905928295,0.43386176751352346
7483,0.3983070671027852,0.5553540678263926,0.3964451845282267,0.26081363152289666,0.4905133057560584
7484,0.43232431360888096,0.3023791952205236,0.3542999873300874,0.26445296414625485,0.4396389275007954
7485,0.5431202299534146,0.1935969073976454,0.35815453673369646,0.32850834220802266,0.4381062115858049
7486,0.4616532857567648,0.25498506413635563,0.3410639106590164,0.2815718849840255,0.41767982448795027
7487,0.4160134800277529,0.2216622737655948,0.3829542616155948,0.3381924032658857,0.36879502939156933
7488,0.39915749826543756,0.1817677033913196,0.3416532425926261,0.3830514731984381,0.3286201872351827
7489,0.3303816037268312,0.38874011597258823,0.3272703578345309,0.35665459708910185,0.3000586156654552
7490,0.32179006839131724,0.27238095238095233,0.32144075005882455,0.29341143059992897,0.2378804575371372
7491,0.29854494994548514,0.15014584431558597,0.25916269977737155,0.3092026979055733,0.2739877074575874
7492,0.29080384577262364,0.11921982076963623,0.26830530869337,0.30970252041178553,0.3203081509269649
7493,0.3087501238973139,0.15895976102618162,0.2730677478325399,0.2840709975150869,0.2657935723735995
7494,0.30070373674298734,0.12880688806888066,0.29496859671668263,0.29586368477103303,0.23592034968431275
7495,0.323708989989097,0.17395888244596733,0.310354938550924,0.2679048633297834,0.28748739763192716
7496,0.36629596590345914,0.1601968019680197,0.3000018099875111,0.3291175008874689,0.3713888563246303
7497,0.4667558727326792,0.16127921279212784,0.3230813227388731,0.35192190273340423,0.3999799032004153
7498,0.42015660620477746,0.15099630996309957,0.3365403898713099,0.2753084842030529,0.36516956674649553
7499,0.36080087223708984,0.18787559304164464,0.31416170428424045,0.29081860134895277,0.40975096715848003
7500,0.35986321736544746,0.3343876295905816,0.3757389274014009,0.2869137380191693,0.43227010098641794
7501,0.3896501139855288,0.4186610437532947,0.4002838060417383,0.30159602413915515,0.3662748907236523
7502,0.41339676875805326,0.2725355824986821,0.37655124979637633,0.3469236776712814,0.36677597092662995
7503,0.3848746159183269,0.19862238622386222,0.3647327553439881,0.34339368122115715,0.3864949506791044
7504,0.3993101397561701,0.19104551045510454,0.387923763326033,0.32324458643947457,0.36437373348294283
7505,0.4708117752007137,0.22112106835354067,0.41678510018280873,0.2875228966986155,0.4339354557786672
7506,0.40064030131826744,0.2039571252855385,0.44054951220836575,0.3083280085197017,0.44243908157625894
7507,0.4371870353850728,0.22444561588473022,0.425609151296856,0.30979623713170035,0.4400957947446869
7508,0.379226880761225,0.22197153400105432,0.4702231714601169,0.3051104011359602,0.39818190953090726
7509,0.4542392704926157,0.38054471973291154,0.45725786892070436,0.3359119630812922,0.44046423607040575
7510,0.4179542075527803,0.15880513090845189,0.42073521692700316,0.38056798012069576,0.501433906650366
7511,0.3455367231638418,0.21686874011597257,0.3573103585585259,0.3624337948171814,0.41734085846828894
7512,0.31596788581623547,0.19978211210683539,0.34452026281018655,0.30006531771387995,0.38518329955954517
7513,0.3251045693329368,0.18478299068704976,0.33628554362974894,0.2595640752573659,0.358346033394182
7514,0.2984359203092477,0.14504305043050425,0.3042545566435591,0.283258785942492,0.2805901760144697
7515,0.28192883338289226,0.1700931295027236,0.30723307209180256,0.2778544550940717,0.3013850044380433
7516,0.2974546535831103,0.10986469864698645,0.2976604101431699,0.3057351792687255,0.2584100082061931
7517,0.3230548121716721,0.14195044807590934,0.2989824250212674,0.3042200922967696,0.2989680293413274
7518,0.29828327881851524,0.12324020383060971,0.28765769516190337,0.2974256301029464,0.2779668737753513
7519,0.28563584101496675,0.2246775610613249,0.3189082155333128,0.30403265885694,0.28031016060692326
7520,0.34963623748637124,0.1647583904410472,0.3104186501113142,0.2981597444089456,0.28641154896082804
7521,0.3627634056893646,0.14504305043050425,0.310354938550924,0.3091558395456158,0.31655004940463227
7522,0.34562394687283177,0.15772272008434365,0.3740983547213524,0.37849059282925096,0.3166384753228048
7523,0.4737119635246308,0.1267193814795291,0.40929899183695634,0.34522115725949587,0.3554132404414597
7524,0.5304509862226187,0.20047794763661922,0.49957827290991685,0.27276251331203405,0.4619369965333021
7525,0.4769828526117554,0.14419258478299066,0.40229072019403067,0.3082655307064252,0.4510163956389945
7526,0.5451045693329368,0.329826041117554,0.371008344042426,0.3163876464323748,0.38027566110096966
7527,0.4639647140449995,0.4164962221050782,0.40823182320041984,0.36907206247781327,0.40336956339702906
7528,0.49390425215581324,0.24385169565981374,0.45939220619377724,0.28710117145899894,0.4248275862068966
7529,0.5612627614233324,0.3958531013881567,0.45042480406885194,0.37647568335108267,0.49970960124600156
7530,0.45670334027158294,0.334774204884906,0.4292725660192945,0.38108342208022716,0.4039590695181792
7531,0.5104985627911587,0.2528202424881391,0.4813089829680175,0.3794121405750798,0.4095299023630487
7532,0.5745425711170581,0.3399543138288526,0.4932071168708936,0.40210720624778123,0.4153365376563782
7533,0.528183169788879,0.686789667896679,0.4532918242864124,0.4190386936457223,0.4074961062450804
7534,0.43162652393696105,0.4899455280267088,0.39593549204510486,0.3588569400070998,0.3573586106412554
7535,0.38387154326494194,0.2809629239149534,0.36129233108291553,0.29897195598154064,0.39586809800539263
7536,0.40648428982059664,0.2774837462660341,0.34515737841408894,0.32197941072062475,0.39893352983537367
7537,0.38956289027653873,0.2031839746968898,0.34891636047711266,0.31726233581824637,0.3303739679456047
7538,0.3853979581722668,0.1005868915832015,0.3566095313942333,0.2921618743343983,0.3278538292776875
7539,0.36038655961938737,0.11164294500087854,0.33104526778765225,0.2843209087681931,0.36708546164023376
7540,0.36509663990484675,0.10259708311368824,0.3164712483483863,0.29186510472133476,0.37299526050476456
7541,0.36357022499752195,0.11736425935687922,0.29289797100400006,0.29973730919417824,0.29445830751452834
7542,0.4087739121815839,0.10437532946758034,0.3174109938641423,0.2689982250621228,0.3162405586910284
7543,0.39889582713846755,0.2532068177824635,0.27797353798258795,0.2460844870429535,0.31034549747952633
7544,0.39547229656061045,0.09757160428747143,0.27892921138844146,0.32533759318423855,0.3569459563564502
7545,0.447632074536624,0.15950096643823583,0.364446053322232,0.3354902378416755,0.33812597343872985
7546,0.41392011101199316,0.12424529959585305,0.48266285362630995,0.32052680156194535,0.3884108455728425
7547,0.47837843195559515,0.15849587067299242,0.426294050571051,0.3317103301384451,0.4036790541106329
7548,0.4792942808999901,0.2401405728342997,0.416339119260077,0.33060134895278664,0.3734668654016848
7549,0.492094360194271,0.23789843612721845,0.45924885518289926,0.3632928647497337,0.4617748823499857
7550,0.4813658439885023,0.2539026533122474,0.4248127567919781,0.3450649627263045,0.46635829244192867
7551,0.43960749330954496,0.5323914953435249,0.4340350051584643,0.39931132410365633,0.43960945219473796
7552,0.43962929923679256,0.6125672113863997,0.4458534996108527,0.42452112176073825,0.5321029626032054
7553,0.4328258499355733,0.27918467756106136,0.4284443157342214,0.4224437344692935,0.43929996148113415
7554,0.3851798988997919,0.3865752943243718,0.39525059277090985,0.3928761093361731,0.458989465927551
7555,0.42839924670433144,0.3986364435072922,0.3651628083766221,0.3423784167554136,0.4310174004789737
7556,0.5183486966002576,0.43010367246529607,0.37352495067784025,0.33127298544550937,0.5104238749979066
7557,0.5572722767370404,0.3266561237040942,0.3794979094644247,0.31131132410365636,0.3993756594262363
7558,0.4463673307562691,0.21872430152872957,0.3463201143912107,0.3322257720979765,0.4086014302222371
7559,0.3560035682426405,0.3762923914953435,0.3639841445094028,0.34918849840255584,0.4153070623503207
7560,0.38114580235900486,0.4069864698646986,0.3049713116979492,0.3238381256656017,0.39692920902346296
7561,0.36034294776489245,0.3289755754700404,0.2935987981682926,0.29926872559460416,0.33612165262681915
7562,0.38269402319357715,0.11883324547531185,0.2844084055820015,0.2561902733404331,0.26277235350270467
7563,0.3466270195262166,0.10213319276049904,0.27875400459736827,0.22328008519701806,0.23213277285592268
7564,0.34802259887005654,0.1312809699525566,0.30014516099838906,0.24391338303159388,0.285748354574534
7565,0.35308157399147583,0.1281110525390968,0.27340223352458864,0.2638125665601704,0.2866178761032306
7566,0.37547626127465555,0.1768968546828325,0.30592698510380273,0.26912318068867586,0.2517043760781096
7567,0.3851362870452968,0.206121946933755,0.349696827091893,0.23205821796237122,0.30269665555760245
7568,0.5320210129844385,0.17527323844667014,0.3716773154265235,0.2894909478168263,0.38317897874763446
7569,0.48830012885320645,0.20952380952380953,0.3397100400007239,0.2892410365637203,0.36284101756795234
7570,0.35534939042521557,0.27052539096819533,0.36433455809154913,0.30509478168264115,0.359068178392591
7571,0.42510655168995937,0.1295027235986645,0.3728878350739379,0.37119630812921545,0.309284386461456
7572,0.3980890078303102,0.1363064487787735,0.35926948904052564,0.25476890308839184,0.3075011304449766
7573,0.391721677074041,0.1354559831312598,0.37137468551466984,0.2662023429179978,0.3183775183801979
7574,0.3543681236990782,0.25738183096116674,0.33439012470813945,0.2804941427050052,0.3326583041650617
7575,0.4463891366835167,0.37018450184501844,0.35484153559340437,0.2572367767128151,0.32265143775853694
7576,0.5342888294181781,0.2545211737831664,0.39001031692881316,0.2600951366702165,0.4013210296260321
7577,0.5693309545049063,0.3864206642066421,0.36161088888486664,0.3396918707845225,0.43048684496993855
7578,0.4104093567251462,0.4500509576524337,0.40385165342359136,0.27762016329428474,0.36768970541441276
7579,0.4408286252354049,0.4151818661043753,0.3173313544136545,0.33267873624423133,0.461642243472727
7580,0.4317791654276934,0.21308030223159374,0.3193382685659468,0.37853745118920834,0.47539247374855553
7581,0.407640003964714,0.21184326128975575,0.31999131205994674,0.39034575789847353,0.41885883673025065
7582,0.43267320844484086,0.32565102793885076,0.39458162138681235,0.2911309904153354,0.476085143440907
7583,0.38674992566161165,0.31428571428571433,0.35594056001013596,0.3034391196308129,0.4727102208973221
7584,0.34248389334919216,0.4276295905816201,0.337113793914822,0.3062662406815761,0.3914910150558524
7585,0.30074734859748237,0.3800035143208575,0.30753570200365615,0.3136542421015264,0.3175227345045302
7586,0.3377083952819902,0.23511509400808292,0.2970551503194627,0.366479233226837,0.2908181072164258
7587,0.30249182277728215,0.1447337901950448,0.3040156382920957,0.306609868654597,0.2392510592688115
7588,0.2905203687184062,0.13390968195396238,0.3019768683596083,0.30009655662051826,0.22563346787024163
7589,0.3188244622856576,0.1317448603057459,0.27826024000434396,0.3250564430244941,0.23496240223744366
7590,0.29536128456735056,0.13870321560358453,0.2987753624499991,0.32404117855875036,0.24225754048667741
7591,0.3449261572009118,0.3023791952205236,0.33324331662111534,0.268435924742634,0.32182612918892667
7592,0.41620973337298045,0.29804955192409066,0.39188980796032497,0.3129513667021654,0.38314950344157694
7593,0.43858261472891263,0.1494500087858021,0.3509551304096001,0.32460347887823926,0.34934132739361257
7594,0.3863356130439092,0.12393603936039356,0.41977954352114966,0.27351224707135247,0.38398954966421595
7595,0.5307998810585787,0.3462168335969074,0.33047186374414017,0.3158878239261626,0.39025305220143697
7596,0.4555912379819605,0.21238446670180985,0.3042545566435591,0.31902733404330846,0.3640200298102527
7597,0.371725641788086,0.2246775610613249,0.35493710293398967,0.29823784167554135,0.3948954129054948
7598,0.3736445633858658,0.19962748198910554,0.34485474850223535,0.28594533191338295,0.42798144395505017
7599,0.40482703934978687,0.19831312598840276,0.38110662636427806,0.2834462193823215,0.38310529048249065
7600,0.392070571910001,0.21864698646986466,0.35046136581657583,0.28466453674121406,0.4348491902664501
7601,0.4169729408266428,0.26735547355473555,0.4354685152672446,0.301471068512602,0.4845592939324413
7602,0.4066151253840816,0.4436338077666492,0.4884924614020163,0.33533404330848415,0.4069360754299878
7603,0.40090197244523734,0.4706940783693551,0.4709558544046046,0.40441888533901305,0.42339803386310726
7604,0.4385608088016651,0.6598067123528379,0.39736900215388515,0.4236308129215477,0.3896340707742292
7605,0.43339280404400826,0.6267931822175364,0.36793426125359735,0.3289613063542775,0.4362934802632681
7606,0.4736029338883933,0.2201932876471622,0.4738388025122626,0.4379694710685126,0.48363082179162975
7607,0.4353553374962831,0.3095694956949569,0.4027844847870549,0.3491572594959176,0.36658438143725613
7608,0.41501040737436806,0.2694429801440872,0.4228217705297833,0.34814199503017396,0.3434315285290817
7609,0.39699871146793536,0.24995958531013882,0.3491234230483809,0.33477174298899537,0.3387891678250239
7610,0.3392566161165625,0.16846951326656123,0.3150695940198012,0.3619027334043309,0.2703032942003986
7611,0.32069977202894245,0.19661219469337546,0.32645803543955537,0.38009939652112174,0.26616201369931836
7612,0.3286371295470314,0.17960288174310313,0.327700410867165,0.3811927582534611,0.25307497780978383
7613,0.3095569432054713,0.2066631523458092,0.3175862006552154,0.37556975505857293,0.25199912913868466
7614,0.2883833878481514,0.28939026533122475,0.35329653025394125,0.3965623003194888,0.28760529885615715
7615,0.4701357914560412,0.21725531541029694,0.3759937736429619,0.3272744053958111,0.3347952638542312
7616,0.4871444147090891,0.28993147074327885,0.342449637097504,0.38912744053958104,0.42409070355545875
7617,0.4963901278620279,0.414717975751186,0.34018787670365075,0.3664636137735178,0.3912404749543635
7618,0.4841570026761819,0.26070637849235634,0.39303661604734924,0.3134980475683351,0.3709762020398252
7619,0.4755000495589255,0.21184326128975575,0.4008253543050552,0.35621725239616614,0.4075108438981092
7620,0.4072693032015065,0.20047794763661922,0.3616427446650618,0.3649797657082002,0.3879981912880374
7621,0.3650530280503518,0.24408364083640838,0.4134083874821263,0.323182108626198,0.3816462628326439
7622,0.3342630587768857,0.3094921806360921,0.41191116581295584,0.3765225417110401,0.46635829244192867
7623,0.37316483298642084,0.42755227552275527,0.36427084653115893,0.2891941782037628,0.4638971043861266
7624,0.40583011200317176,0.27732911614830436,0.4461083458524136,0.3320227192048278,0.47132488151261914
7625,0.5349866190900981,0.3415779300650149,0.41544715741461374,0.355389421370252,0.4712806685535329
7626,0.4207235603132124,0.6518432612897558,0.41987511086173496,0.4488562300319488,0.4685099897841269
7627,0.43483199524234306,0.49350202073449306,0.4920921645640645,0.4906226482073127,0.4483194051347324
7628,0.4372742590940628,0.3722720084343701,0.42301290521095397,0.4396407525736598,0.432564854046993
7629,0.4532361978392308,0.36075206466350374,0.44160075295480467,0.4426396876109336,0.42615397497948454
7630,0.4742353057785707,0.22854331400456865,0.44567829281977955,0.40474689385871493,0.4828202508750482
7631,0.4325205669541084,0.246789667896679,0.3721551521294503,0.3725239616613419,0.5213150005861565
7632,0.4030825651699871,0.19058162010191523,0.36172238411554963,0.2984252751153709,0.4500584481921254
7633,0.34933095450490625,0.2157863292918643,0.3368908034534561,0.2835555555555555,0.38655390129121936
7634,0.3580969372584002,0.16073800738007382,0.3380216836503828,0.3113738019169328,0.3079874729949255
7635,0.311388641094261,0.23952205236338078,0.32413256348531194,0.2676393326233582,0.3579186414563481
7636,0.3175379125780553,0.1819223335090494,0.3127759778457529,0.2836648917287895,0.3151057594078143
7637,0.28829616413916137,0.19034967492532068,0.34041086716501656,0.2717316293929712,0.2762278307179582
7638,0.32259688769947464,0.18648392198207692,0.28456768448297703,0.2623287184948527,0.32502419989616654
7639,0.37582515611061545,0.21802846599894563,0.3104664337816069,0.24466311679091224,0.38242735844316794
7640,0.37340469818614325,0.1990089615181866,0.3521178663867219,0.319324103656372,0.4373251159752809
7641,0.45975617008623254,0.4723176946055175,0.34195587250447973,0.30809371671991476,0.41622079683810354
7642,0.3750183368024581,0.33910384818133893,0.3314593929301888,0.28675754348597793,0.41971362060591855
7643,0.40094558429973237,0.2917097170971709,0.33432641314774925,0.32889882854100105,0.41048784980991776
7644,0.31326395083754577,0.27601476014760146,0.31473510832775253,0.3517188498402556,0.3642116192996266
7645,0.3338923580136782,0.3572728870145845,0.3487092979058444,0.33011714589989344,0.38892666342884896
7646,0.28910298344731883,0.39778597785977854,0.36955890604354835,0.3140291089811857,0.4175324479576627
7647,0.29167608286252344,0.3598242839571253,0.3664370395844268,0.29923748668796585,0.4802116862889585
7648,0.4359004856774705,0.30462133192760493,0.35812268095350147,0.32560312389066376,0.5129882266249101
7649,0.43140846466448596,0.39724477244772444,0.48554580173396805,0.3531870784522541,0.49568622196915146
7650,0.3594052928932501,0.2130029871727288,0.408120327969737,0.3310230741924033,0.43540922108154273
7651,0.40927544850827624,0.22135301353013523,0.33838802512262667,0.45661909833155834,0.4244444072281489
7652,0.35473882446228566,0.2284659989457037,0.4181867545113938,0.3900646077387291,0.45941685786538494
7653,0.35724650609574776,0.34126866982955545,0.3607029991493058,0.3458459353922612,0.49297449381186054
7654,0.447065120428189,0.1926691266912669,0.33826060200184616,0.3335221867234647,0.4207305186649026
7655,0.40439092080483696,0.2681286241433843,0.3507958515086245,0.33970749023784164,0.4488646982967962
7656,0.3688472593914163,0.22220347917764885,0.36118083585223254,0.3688533901313453,0.4480099144211285
7657,0.3368579641193378,0.1281110525390968,0.39574435736393415,0.3883933262335818,0.3890298270000502
7658,0.2901060561007037,0.14720787207872071,0.35969954207315963,0.35115654952076675,0.3101539079901526
7659,0.3137654871642382,0.1697838692672641,0.29101847997248814,0.2992999645012424,0.28887273701663013
7660,0.30395281990286444,0.2637216657880864,0.3057517783127296,0.3290394036208732,0.26694310930984244
7661,0.3014233323421548,0.17504129327007548,0.2848384586146355,0.3260560880369186,0.2772889417360285
7662,0.33875507978987013,0.17790195044807594,0.3425770602182844,0.2991593894213702,0.2838766726398821
7663,0.4578808603429478,0.27508697944122296,0.358966859128672,0.33328789492367766,0.3565333020716451
7664,0.4166676578451779,0.4442523282375681,0.39996524823978713,0.3301640042598509,0.3624578385892047
7665,0.46387749033600945,0.2620207344930592,0.35633875726257486,0.37100887468938576,0.37830081559511647
7666,0.40026960055505995,0.3176102618169039,0.3284968053720429,0.3356932907348243,0.29070020599219576
7667,0.39183070671027853,0.361834475487612,0.3322557874350667,0.3738203762868299,0.32447890673410257
7668,0.3179086133412628,0.28127218415041294,0.31475103621785006,0.34850124245651404,0.43461338781798997
7669,0.35992863514719003,0.20310665963802493,0.3447751090517475,0.3163720269790557,0.44560767697744136
7670,0.33251858459708594,0.19738534528202425,0.35171966913428293,0.35395243166489165,0.3780208001875701
7671,0.33962731687977005,0.3628395712528554,0.3728559792937428,0.30179907703230385,0.413965935924704
7672,0.4091446129447914,0.2559128448427341,0.3654654382884758,0.3263528576499822,0.4739334460987088
7673,0.4493547427891763,0.3808539799683711,0.391603105938569,0.30996805111821074,0.5098491065297851
7674,0.45724848845277033,0.39933227903707613,0.43256963926948905,0.317106141285055,0.48961430892130436
7675,0.5068133610863317,0.27616939026533116,0.39400821734330027,0.3635115370962016,0.4981621476779823
7676,0.4585350381603726,0.35619047619047617,0.41482596970080904,0.35368690095846644,0.4180482658136692
7677,0.4307324809198136,0.49095062379195215,0.39145975492769103,0.34647071352502656,0.4330511965969419
7678,0.367735157101794,0.37961693902653315,0.37661496135676664,0.44346751863684775,0.4215705648875417
7679,0.37689364654574287,0.4133263046916184,0.38461076218574086,0.41126020589279366,0.4354239587345715
7680,0.31568440876201803,0.2675874187313302,0.3478651197306738,0.38297337593184233,0.3465706486242065
7681,0.3648131628506294,0.24733087330873302,0.3594128400514036,0.33834859779907694,0.328664400194269
7682,0.3338487461591833,0.2003233175188895,0.32558200148418975,0.33038267660631876,0.30228400127279725
7683,0.31404896421845563,0.2052714812862414,0.3272225741642383,0.30167412140575073,0.3129245867595586
7684,0.30412726732084444,0.14287822878228776,0.28823109920541545,0.33770820021299247,0.3150468087956993
7685,0.3149430072356031,0.1990862765770515,0.32375029412297057,0.3545928292509762,0.3155773643047345
7686,0.31707998810585786,0.1697838692672641,0.31557928650292305,0.28789776357827473,0.34248831873524144
7687,0.4029299236792547,0.3078685643999297,0.2915600282358051,0.2802442314518992,0.35828708278206695
7688,0.4051977401129943,0.2237497803549464,0.2793433365309779,0.30554774582889593,0.3641674063405403
7689,0.3428545941123996,0.177824635389211,0.32123368748755626,0.3471892083777067,0.37505853192879035
7690,0.336334621865398,0.23581092953786675,0.44118662781226814,0.39503159389421366,0.46656461958433126
7691,0.36690653186638905,0.23859427165700228,0.506968813915184,0.36282428115015963,0.41129842072649936
7692,0.4211160670036674,0.3657775434897205,0.4562384839544607,0.33508413205537807,0.5057520389877912
7693,0.4039984141143819,0.2293164645932174,0.4374913573096345,0.3465488107916223,0.5120892297901559
7694,0.3728595500049559,0.24988227025127388,0.40307118680881093,0.27426198083067094,0.4824223342432718
7695,0.35659232827832293,0.4035846072746441,0.33442198048833455,0.2878821441249556,0.46716886335851016
7696,0.3451442164733868,0.31165700228430854,0.4473985049503158,0.3160908768193113,0.39784294351124583
7697,0.42924967786698376,0.4462625197680548,0.45951962931455775,0.3332722754703585,0.46072850898494416
7698,0.5208563782337199,0.5518748901774732,0.4643298521240203,0.3683379481718139,0.4703374587596926
7699,0.43079789870155616,0.6087014584431559,0.49827218592191713,0.39534398296059636,0.45137009931168465
7700,0.46379026662701944,0.420284659989457,0.4654288765407519,0.400435924742634,0.5416087488067526
7701,0.46261274655565465,0.4413143560007029,0.39794240619739724,0.4407497337593184,0.48849424729111895
7702,0.3621092278719398,0.41641890704621326,0.4187283027747109,0.37531984380546674,0.42677295640669216
7703,0.3626543760531271,0.345211737831664,0.41388622418505305,0.34970394036208724,0.42677295640669216
7704,0.3509009812667261,0.30268845545598305,0.41425256565729696,0.33027334043308476,0.3819704911992765
7705,0.3545207651898106,0.27060270602706027,0.3617383120056471,0.3576542421015264,0.32844333539883774
7706,0.3293349192189513,0.32085749428922866,0.3579315462723307,0.37735037273695415,0.32341779571603224
7707,0.3050431162652394,0.27183974696889823,0.4037401581929084,0.34734540291089805,0.33837651354021875
7708,0.33081772227178113,0.19282375680899663,0.3525797751995511,0.39251686190983304,0.3699740416338697
7709,0.3393438398255525,0.17109822526796692,0.38077214067222936,0.36452680156194534,0.35523638860511464
7710,0.3489166418872039,0.20078720787207868,0.3406020018461872,0.35602981895633645,0.36699703572206127
7711,0.37647933392804045,0.19251449657353717,0.32457854440804357,0.36251189208377704,0.38782133945169234
7712,0.4130260679948458,0.18710244245299595,0.3488207931365273,0.3452523961661341,0.3170806049136675
7713,0.4043255030230944,0.22869794412229838,0.32914984886604276,0.3655264465743699,0.3379638592554135
7714,0.4194152046783626,0.22923914953435248,0.4122456515050046,0.36490166844160443,0.4187851484651069
7715,0.4425512934879572,0.3088736601651731,0.4196043367300765,0.33394391196308126,0.4375167054646548
7716,0.4517752007136486,0.2789527323844667,0.439530127242122,0.3308512602058927,0.4198167841771198
7717,0.5104331450094163,0.2074363029344579,0.5124480081087441,0.29316151934682283,0.4398747299492556
7718,0.4246704331450094,0.177824635389211,0.4655881554417275,0.3034391196308129,0.5162157726382074
7719,0.5058102884329467,0.2446248462484625,0.490196745642455,0.3468924387646432,0.4729460233457822
7720,0.4792506690454951,0.2447021613073273,0.4761164907962135,0.46005537806176783,0.4951261911540587
7721,0.4915056001585885,0.23581092953786675,0.4997853354811852,0.39637486687965917,0.47564301385004437
7722,0.4922251957577559,0.340263574064312,0.49816069069123425,0.40124813631522893,0.6144717053809181
7723,0.4777242541381703,0.5301493586364435,0.47248493185397017,0.4336897408590698,0.5157294300882584
7724,0.4975676479333928,0.2374345457740292,0.49053123133450377,0.4361263755768548,0.4732260387533286
7725,0.5609138665873723,0.37397293972939727,0.48435120997665115,0.5191281505147319,0.4654445579541458
7726,0.5187848151452077,0.28049903356176414,0.48208944958279787,0.5021029463968761,0.5243362194570516
7727,0.4790544157002677,0.24833596907397643,0.48885880287426015,0.45849343272985443,0.5022886905260338
7728,0.48631578947368415,0.20643120716921454,0.3935622364205687,0.4305033723819666,0.4237075245767111
7729,0.4335890573892358,0.22003865752943247,0.37460804720447427,0.4417649982250621,0.4124332200097134
7730,0.4033224303697095,0.16359866455807415,0.36218429292837884,0.40557472488462903,0.33333623620438446
7731,0.4463019129745267,0.2794939377965208,0.36777498235262174,0.3820674476393326,0.3306834586592085
7732,0.4353553374962831,0.2588508170795994,0.3853753009104237,0.3940163294284699,0.35053507728894173
7733,0.43483199524234306,0.18764364786505008,0.3728559792937428,0.4118537451189208,0.3490170990269799
7734,0.4174962830805828,0.22916183447548757,0.4027844847870549,0.4219126730564429,0.3545731942188206
7735,0.4886272177619189,0.17179406079775078,0.41551086897500406,0.3753667021654242,0.34614325668637264
7736,0.5643373971652295,0.24694429801440873,0.42666039204329487,0.37613205537806166,0.5103059737736765
7737,0.6287084943998413,0.23217712177121774,0.4264214736918314,0.4167270145544905,0.4146438679640267
7738,0.5213579145604124,0.26596380249516777,0.43567557783851285,0.4172893148739794,0.3822357689537941
7739,0.5135077807513132,0.22050254788262166,0.4457420043801698,0.42702023429179975,0.3968555207583192
7740,0.5086886708296164,0.26418555614127565,0.471879672030263,0.36115299964501235,0.43048684496993855
7741,0.48036277133511746,0.5464628360569319,0.4262462669007583,0.3788029818956336,0.49696839778265306
7742,0.49316285062939835,0.4544579160077315,0.4718955999203605,0.4218501952431664,0.4881405436184288
7743,0.5176509069283378,0.38665260938323665,0.4065593947401762,0.44326446574369893,0.5042487983788582
7744,0.5698106849043513,0.3074819891056053,0.45418378613187566,0.46024281150159746,0.47257758202006334
7745,0.667893745663594,0.3666280091372342,0.5600086879400531,0.5166602768903088,0.5270626852673712
7746,0.5981147784716028,0.34320154630117733,0.47443498343861423,0.47553425630102947,0.5682691631357706
7747,0.5740209733372981,0.29144684589703035,0.510895994497638,0.5068487610933617,0.5240258444842659
7748,0.5907278025572407,0.29165559655596557,0.5783902695071403,0.5484458643947462,0.5019731573746881
7749,0.5791636832193477,0.2779630996309963,0.5974174084598817,0.542350997515087,0.5020683626132538
7750,0.6162285261175537,0.3155691442628712,0.5664015059096092,0.4825708200212992,0.5561358007737268
7751,0.5959786698384378,0.36864593217360747,0.5111753696899491,0.5084752147674831,0.46713688265143777
7752,0.5457160075329567,0.41668177824635394,0.48820400731234953,0.4862545118920838,0.4151358108221266
7753,0.5557458618297155,0.21052890528905285,0.4433525023077341,0.4614853390131345,0.4300522315821206
7754,0.503934978689662,0.22351783517835175,0.3860283444044236,0.42898828541001055,0.3691634707172883
7755,0.4837863019129745,0.1940607977508346,0.3869362341399844,0.3852381966631167,0.37934718896015807
7756,0.4614788383387848,0.35101036724652956,0.3721392242393527,0.38055236066737663,0.3628852305270385
7757,0.4779859252651402,0.18949920927780708,0.343962786656772,0.3970308839190628,0.3573586106412554
7758,0.4705282981464962,0.24099103848181339,0.4038675813136889,0.39053319133830317,0.4384304399524376
7759,0.5218376449598573,0.21284835705499908,0.49959420080001443,0.38464465743698967,0.42790775568990636
7760,0.5460204182773317,0.3313723422948515,0.5327719958732284,0.4477316293929712,0.5431709400278006
7761,0.6268113787293091,0.2532841328413284,0.4772951546634328,0.43379907703230386,0.5013307430791647
7762,0.5349648131628506,0.22599191706202776,0.4806559394740176,0.48314093006744757,0.4503384635996717
7763,0.5572940826642878,0.265809172377438,0.47837825119006677,0.48824849130280434,0.45268175043124387
7764,0.5372544355238379,0.27508697944122296,0.4238570833861246,0.44071849485268016,0.46033059235316776
7765,0.4808206958073149,0.349464066069232,0.4202255244438813,0.47579978700745473,0.44758252248329455
7766,0.5011656259292298,0.48144087155157267,0.4564614744158266,0.43036279730209437,0.4812875349600576
7767,0.5316067003667361,0.4638903531892462,0.47659432749914027,0.4535889243876464,0.45328599420542276
7768,0.6020398453761523,0.42538745387453875,0.4355800104979275,0.5200340788072416,0.4547302842022408
7769,0.6156903558330855,0.6044491302055878,0.539605060725081,0.5212367767128151,0.5839647636113949
7770,0.5576429775002477,0.38518362326480404,0.4692993538344585,0.45407312744053957,0.5230098306844635
7771,0.5780969372584002,0.3411140397118257,0.49922785932777064,0.4725353212637557,0.48657835239738073
7772,0.636711269699673,0.4649727640133544,0.5153787398866948,0.6175463258785943,0.44988159635578034
7773,0.6311289523243137,0.41417677033913197,0.5163503411826459,0.5403549875754348,0.5739431595518414
7774,0.6176528892853603,0.42693375505183623,0.5381715506163007,0.49101313454029105,0.5550494883689773
7775,0.5291862424422639,0.3360885608856089,0.4670057376604101,0.5345757898473553,0.5027013448108388
7776,0.4875151154722965,0.5056404849762783,0.43499067856431783,0.43159673411430594,0.4284088358928841
7777,0.45698681732580043,0.5149956070989282,0.46821625730782457,0.42347461838835637,0.39535228014938617
7778,0.4616532857567648,0.25513969425408534,0.4104617278140781,0.4263642172523961,0.46227596255296344
7779,0.48993557339676874,0.24044983306975928,0.41402957519593114,0.44788782392616255,0.4016157826866072
7780,0.4430092179601545,0.22189421894218944,0.4087255877934442,0.41652396166134187,0.42848252415802784
7781,0.44296560610565955,0.2365067650676507,0.40727614979456633,0.4259268725594604,0.3862591482306443
7782,0.4590801863415601,0.2457845721314356,0.3827631269344241,0.3652921547745829,0.4148501951064293
7783,0.5247378332837744,0.21911087682305397,0.467372079132654,0.3902520411785587,0.4323143139455042
7784,0.5277688571711765,0.4169601124582674,0.4911842748285037,0.4290507632232871,0.5142261894793254
7785,0.5557676677569631,0.38843085573712877,0.46149468768665497,0.4442797302094426,0.46736045284788397
7786,0.5655803350183368,0.2661957476717624,0.40319860992959144,0.4741441249556265,0.3945417092328047
7787,0.5213361086331648,0.27013881567387105,0.400363445492226,0.44117145899893506,0.38457905578536616
7788,0.531955595202696,0.25769109119662625,0.3988662238230556,0.4325182818601348,0.41737033377434646
7789,0.4767865992665278,0.2752416095589527,0.43145468696266,0.43654810081647144,0.439064159032674
7790,0.5379522251957578,0.25977859778597784,0.44918242864124236,0.45185516506922246,0.47203228885799947
7791,0.5172584002378828,0.25421191354770684,0.48691560028235803,0.46650621228257005,0.4652382308117432
7792,0.527703439389434,0.27640133544192586,0.5120498108563051,0.4402811501597444,0.4666088325434175
7793,0.615363266924373,0.25521700931295027,0.59192817969556,0.4564004259850905,0.5476659242015709
7794,0.5266349489543066,0.37752943243718146,0.5490502995529329,0.4344863329783457,0.5182200934501181
7795,0.5991178511249876,0.3598242839571253,0.5371362377599593,0.5444941427050053,0.4700427056991174
7796,0.5820001982357023,0.36299420137058513,0.4683755362088002,0.4923407880724175,0.47985798261626844
7797,0.584311626523937,0.5868212967843964,0.502604572028453,0.4837344692935747,0.5539883773509069
7798,0.6250014867677668,0.3986364435072922,0.5028275624898187,0.5117089101881435,0.5835226340205323
7799,0.55971454058876,0.4151045510455104,0.5071918043765498,0.48042314518991835,0.4369271993435045
7800,0.4847239567846169,0.449896327534704,0.44652247099495007,0.46080511182108624,0.4499258093148666
7801,0.49133115274060857,0.3146722895800386,0.4272656518670021,0.42458359957401487,0.427568789670245
7802,0.4861413420557042,0.25026884554559825,0.40620898115803,0.44435782747603836,0.35280467585537006
7803,0.42597878877985923,0.2057353716394307,0.3815526072870096,0.4258331558395456,0.37871346987992166
7804,0.4239508375458419,0.22854331400456865,0.3738116526995964,0.43914093006744753,0.3852864631307464
7805,0.4171691941718703,0.32170795993674217,0.4252428098246122,0.44429534966276185,0.38337056823700827
7806,0.4437506194865695,0.24887717448603053,0.3938648663324223,0.4342676606318779,0.40235266533804487
7807,0.4770264644662504,0.2305535055350553,0.45031330883816895,0.4111352502662406,0.456100885933915
7808,0.532130042620676,0.2631804603760323,0.4983677532625025,0.44388924387646433,0.5295238733231733
7809,0.632241054613936,0.44548936917940607,0.507510362178501,0.37275825346112884,0.41692820418348375
7810,0.6045911388641094,0.6159690739764541,0.4665597567376785,0.43067518636847707,0.4920312840180202
7811,0.6107622162751511,0.3420418204182042,0.4839052290539195,0.4476691515796947,0.5284185493460166
7812,0.5345723064723956,0.3248005622913372,0.5357982949917646,0.4509492367767128,0.43005945303210463
7813,0.4957577559718505,0.35170620277631354,0.5611236402468822,0.3749137380191693,0.43504077975582384
7814,0.4979383486966002,0.27864347214900714,0.4685348151097757,0.3520312389066382,0.45741253705347423
7815,0.4828050351868371,0.22490950623791953,0.5018241054136726,0.38995527156549514,0.50221500226089
7816,0.5121994251164634,0.2278474784747847,0.49943492189903893,0.4392815051473198,0.4956420090100651
7817,0.5624184755674497,0.4936566508522228,0.6049412659052652,0.45590060347887823,0.5252204786387767
7818,0.5181524432550302,0.5626989984185556,0.5604865246429799,0.5124898828541001,0.5649237158982432
7819,0.5748696600257706,0.5780846951326657,0.5569983167116147,0.47387859424920126,0.5529714792919228
7820,0.6251323223312518,0.45461254612546126,0.5482061213777625,0.4714575789847355,0.5629341327393613
7821,0.6789493507780751,0.3417325601827446,0.6247396332965303,0.4425928292509762,0.6250238649495067
7822,0.6327643968678759,0.287998594271657,0.5040540100273309,0.47152005679801207,0.540739227278056
7823,0.5404381009019724,0.2629485151994377,0.531019927962497,0.4451544195953141,0.4692763477416222
7824,0.5243017147388245,0.2650360217887893,0.5706166627450271,0.4707703230386936,0.5036887675637655
7825,0.49340271582912076,0.25552626954840973,0.5101703198247932,0.4769868654597089,0.46596037581015226
7826,0.4990722569134701,0.22769284835705497,0.4729786964469945,0.4950273340433085,0.502509755321465
7827,0.49750223015165035,0.2772518010894395,0.45278213180329047,0.47859566915157964,0.43962418984776674
7828,0.5057448706512043,0.2951115796872255,0.4785534579811399,0.48154774582889587,0.4821570564887542
7829,0.5086668649023689,0.3344649446494464,0.45990189867689907,0.4633198438054668,0.4334933261878046
7830,0.4807988898800674,0.2626392549639782,0.4730105522271896,0.45719701810436636,0.45523136440521844
7831,0.5729507384279908,0.35000527148128624,0.5457054426324459,0.4691458998935037,0.5189569761015558
7832,0.6279670928734264,0.5947847478474785,0.5068732465745986,0.4833127440539581,0.5309829009730201
7833,0.6297769848349688,0.3864206642066421,0.4810700646165541,0.5003067092651756,0.5061057426604814
7834,0.6130736445633858,0.3076366192233351,0.4814682618689931,0.4978075967341143,0.486858367804927
7835,0.6584081673109327,0.29302407309787387,0.4975713587576246,0.5795754348597799,0.5502597511346319
7836,0.5748696600257706,0.5035529783869268,0.49293634273923503,0.5139424920127795,0.5755643013850045
7837,0.532304490038656,0.47177648919346343,0.4753519520715307,0.4775023074192404,0.5551084389810922
7838,0.5148161363861632,0.43984536988227024,0.45980633133631377,0.3923138090166844,0.6135284955870779
7839,0.4993775398949351,0.3736636794939378,0.5025249325779653,0.4205069222577209,0.5570685468339167
7840,0.6109366636931312,0.28892637497803547,0.5134833209650853,0.46114873979410714,0.5411076686037749
7841,0.6100862325304788,0.34683535406782634,0.5169237452261579,0.49166915157969465,0.6398352062434057
7842,0.6697908613341262,0.3971674573888596,0.5075581458487936,0.41286900958466455,0.5980686975599137
7843,0.6391535335513926,0.30624494816376735,0.4733131821390432,0.4621640042598508,0.5583507226474185
7844,0.6336366339577757,0.3885854858548585,0.5420261000199099,0.5218303159389421,0.6088419219239336
7845,0.6359480622460105,0.5306905640484977,0.5344603522235696,0.5027745828895989,0.5422719431930466
7846,0.6265060957478442,0.5691161483043402,0.5087527376061105,0.5091473198438055,0.507874261023932
7847,0.6343126177024482,0.6376172904586189,0.5401625368784955,0.5199403620873269,0.4522396208403812
7848,0.5868411140846466,0.3606747496046389,0.5076855689695741,0.48354703585374503,0.5260605248614159
7849,0.544145108534047,0.392605868915832,0.46014081702836246,0.4427958821441249,0.528521712917218
7850,0.5201367826345525,0.3449024775962045,0.4853068833825047,0.4585402910898118,0.4602274287819665
7851,0.5056140350877193,0.3463714637146372,0.4121978678347119,0.4861554845580405,0.49524409237828876
7852,0.5302329269501437,0.33353716394306804,0.44902314974026675,0.507116790912318,0.4528880775736464
7853,0.5079036574487066,0.33315058864874364,0.42312440044163696,0.49348100816471424,0.45030898829361427
7854,0.551602735652691,0.3678650500790722,0.41665767706202816,0.4770181043663471,0.41527758704426315
7855,0.5870591733571217,0.3628395712528554,0.4509822802222665,0.4740191693290734,0.47002796804608865
7856,0.6009277430865299,0.37977156914426285,0.4586595232492896,0.4798608448704295,0.48246654720235804
7857,0.6122232134007335,0.44324723247232467,0.45346703107748554,0.4687554135605253,0.47041114702483633
7858,0.591202299534146,0.3497733263046916,0.5390794403518615,0.549835995740149,0.5261342131265596
7859,0.6460442065616018,0.46419961342470567,0.506570616662745,0.5140674476393325,0.5415497981946376
7860,0.5667578550897017,0.36438587243015286,0.5456895147423483,0.4536201632942847,0.48508984944147643
7861,0.5793398751115076,0.38502899314707434,0.5413093449655197,0.46402271920482774,0.5806930046390113
7862,0.548353652492814,0.48654366543665445,0.5687371717135151,0.5019936102236422,0.5948264138935874
7863,0.592772326295966,0.43884027411702686,0.5402103205487881,0.5053205537806176,0.5911862135954848
7864,0.6277490336009516,0.35186083289404324,0.4890021538851382,0.4855463258785942,0.5793813535194521
7865,0.6260263653483992,0.4256967141099982,0.4808630020452859,0.4385630102946397,0.5915251796151463
7866,0.5939062345128358,0.3334598488842031,0.5081793335625985,0.49816684416045437,0.5774212456666276
7867,0.5956070968381405,0.3425057107713934,0.5351452514977646,0.5265317713880014,0.6643291855771968
7868,0.5548300128853206,0.42036197504832196,0.5455302358413726,0.5434320198793042,0.5229066671132623
7869,0.5807354544553474,0.5214900720435777,0.48014624699089575,0.47173872914447995,0.601414144797441
7870,0.5820438100901972,0.5020839922684941,0.4868518887219678,0.5048832090876818,0.6588025656914136
7871,0.5537833283774407,0.6027481989105606,0.48677224927148005,0.5097564785232517,0.5787328967861868
7872,0.4889106948161364,0.45128799859427166,0.48463791199840717,0.48792048278310257,0.5202538895680863
7873,0.4866646843096442,0.4031980319803198,0.45741714782168,0.45616613418530344,0.5195170069166485
7874,0.5000535236396074,0.35309787383588126,0.4213404767507104,0.42934753283635063,0.44719934350454693
7875,0.5377777777777777,0.2907819363907924,0.45225651143007106,0.44504508342208016,0.4415842977005912
7876,0.5426404995539698,0.32170795993674217,0.42693116617495336,0.4757060702875399,0.4815822880206327
7877,0.4994865695311725,0.2834370057986294,0.41050951148437065,0.44602910898118564,0.43452496189981743
7878,0.49261770244821096,0.3133579335793358,0.448832015059096,0.4710827121050763,0.4599474133744201
7879,0.5637050252750521,0.3159866455807415,0.41793190826983284,0.46430386936457224,0.43266801761819434
7880,0.5427495291902071,0.3445159023018802,0.44156889717460945,0.4701611643592473,0.5176600626350254
7881,0.5310397462583012,0.431340713407134,0.5019515285344531,0.511662051828186,0.4552461020582473
7882,0.5419863217365447,0.3110384818133895,0.5610917844666871,0.5154888178913738,0.5063415451089414
7883,0.5999464763603926,0.3915234580917238,0.5851906821842929,0.5221114660986865,0.5195906951817924
7884,0.7001447120626424,0.34954138112809696,0.5347470542453258,0.48359389421370247,0.4848835222990739
7885,0.6020834572306473,0.43520646635037774,0.5309402885120094,0.4878111466098687,0.532972484131902
7886,0.5266567548815542,0.5043261289755755,0.5515191225180546,0.4472474263400781,0.5617845958031183
7887,0.552082466052136,0.3326093832366894,0.5034965338739164,0.49729215477458294,0.4882289695366013
7888,0.6201387649915749,0.5851203654893692,0.5606776593241507,0.594882499112531,0.6448312706201537
7889,0.5804955892556248,0.6553224389386751,0.6060880739922895,0.6260433084842031,0.5755495637319757
7890,0.6314996530875211,0.5923879810226674,0.5586388893916632,0.45794675186368466,0.5414171593173788
7891,0.584268014669442,0.2992865928659286,0.48935256746728445,0.49922896698615543,0.6035511044866106
7892,0.6106095747844187,0.5966403092602354,0.5795362811996597,0.5292651757188498,0.6107578168176717
7893,0.5901120031717713,0.46543665436654363,0.5609325055657116,0.5189094781682642,0.605393311115205
7894,0.5508395281990287,0.4568546828325426,0.4959148581874785,0.48470287539936097,0.6369466262497697
7895,0.5239528199028645,0.43381479529081,0.5184846784557187,0.49360596379126725,0.5303639195458124
7896,0.532042818911686,0.3394904234756633,0.44300240728338974,0.4988541001064962,0.5347262648423239
7897,0.5102150857369412,0.37923036373220875,0.4412662672627559,0.4430926517571884,0.5777749493393177
7898,0.48727525027257407,0.545844315586013,0.42889029665695305,0.4546198083067093,0.47340289058967366
7899,0.4865556546734066,0.2856018274468459,0.42971854694202605,0.44143698970536027,0.43660297097687195
7900,0.5603905243334325,0.294183798980847,0.45168310738655904,0.4516989705360312,0.4367356098541308
7901,0.5079036574487066,0.2595466526093832,0.4136154500533946,0.4208193113241036,0.42378121284185494
7902,0.5095827138467638,0.32549639782112105,0.47348838893011636,0.4170706425275115,0.45088375676173575
7903,0.5889344831004063,0.3164505359339308,0.5483335444985429,0.41846077387291447,0.46814154845840805
7904,0.6248924571315294,0.3317589175891759,0.49777842132889283,0.49280937167199146,0.5666922342616938
7905,0.5971335117454654,0.3899771569144262,0.5112852721316223,0.49427760028399,0.506842625311919
7906,0.6030865298840321,0.40049200492004916,0.46643233361689806,0.516566560170394,0.5412992580931487
7907,0.5663653483992467,0.42940783693551227,0.5462469908957628,0.40042030528931477,0.511602887240207
7908,0.5179779958370503,0.35495343524863826,0.48011439121070065,0.4186950656727015,0.4992232586960527
7909,0.5145326593319457,0.33554735547355474,0.48256728628572465,0.3761945331913382,0.5462658471638392
7910,0.5616552681137873,0.32147601476014764,0.4932867563213813,0.4176954206602769,0.5259720989432433
7911,0.5696798493408662,0.513835881215955,0.49726872884577095,0.44715370962016326,0.5507460936845807
7912,0.6512776291010011,0.6756562994201372,0.5449727596879582,0.4679275825346112,0.565351107836077
7913,0.6725602140945584,0.6517659462308908,0.6001788267660952,0.47056727014554484,0.7005838120279345
7914,0.6103260977302012,0.3899771569144262,0.6351086897500408,0.560800851970181,0.6095198539632564
7915,0.5864486073941916,0.3442066420664207,0.6117265470868251,0.5240482783102592,0.6282071980037179
7916,0.5703994449400337,0.313203303461606,0.6319708954008216,0.609580404685836,0.6430922275627607
7917,0.6333749628308059,0.3584326128975575,0.6499694112110627,0.6543457578984736,0.5918346703287503
7918,0.6325027257409059,0.3281251098225268,0.5996054227225833,0.5805126020589279,0.6410142184857062
7919,0.6073168797700466,0.3516288877174486,0.5348585494760086,0.561035143769968,0.545676341042689
7920,0.5695708197046289,0.36887014584431554,0.5279139893934732,0.5510386936457224,0.5473416958349383
7921,0.5358806621072455,0.331681602530311,0.49755543086752696,0.4797827476038338,0.5266942439416523
7922,0.5038259490534245,0.42453698822702507,0.4966793969121613,0.454822861199858,0.4902480280015408
7923,0.5170185350381603,0.31567738534528206,0.43213958623685494,0.4797515086971955,0.4422474920868852
7924,0.4884527703439389,0.34644877877350194,0.4582135423265579,0.46778700745473906,0.4519153924737486
7925,0.5070096144315591,0.34397469688982607,0.4223598617169541,0.46439758608448706,0.5046909279697207
7926,0.4857270294380018,0.320007028641715,0.45786312874441165,0.4728320908768192,0.5137398469293766
7927,0.5647953216374269,0.3776840625549112,0.5614740538290285,0.4787050053248136,0.5597802749912076
7928,0.596239468728318,0.46597785977859785,0.4861988452279679,0.5275626553070644,0.6187014118001709
7929,0.6406799484587173,0.5115164294500087,0.5443993556444461,0.5110216542421014,0.569389224765956
7930,0.6713172762414511,0.4941205412054121,0.5465177650274212,0.5336854810081647,0.5820783440237143
7931,0.6265715135295867,0.4578597785977859,0.5005817299860631,0.5373872914447994,0.5573190869354055
7932,0.5170185350381603,0.3487682305394483,0.5390794403518615,0.5076790912318069,0.5259720989432433
7933,0.5244761621568044,0.31235283781409245,0.5393502144835202,0.4405623003194888,0.5042930113379446
7934,0.5661909009812668,0.31753294675803895,0.5163184854024506,0.4471693290734824,0.5024655423623788
7935,0.512090395480226,0.4880899666139518,0.6073463773099965,0.5019623713170038,0.5306734102594162
7936,0.5877787689562889,0.44301528729573014,0.620709877101848,0.5205651402200924,0.49210497228316386
7937,0.6455208643076618,0.3609840098400984,0.5669851038027838,0.5762953496627617,0.6511242484634322
7938,0.6902884329467737,0.407373045159023,0.6218089015185795,0.5846517571884984,0.5859985597293631
7939,0.6446922390722569,0.6505289052890528,0.6472457420043802,0.5551622293219737,0.5801329738239185
7940,0.6453900287441768,0.6450395361096468,0.6436619667324296,0.5831054313099041,0.5032024250138165
7941,0.6716007532956685,0.5425970831136884,0.6010070770511683,0.599662051828186,0.5427140727839093
7942,0.7101318267419963,0.41371287998594264,0.5439055910514218,0.6232630457933972,0.5809877576995863
7943,0.6256992764396867,0.44974169741697423,0.5126709985701098,0.5708285410010648,0.6277503307598264
7944,0.5508831400535236,0.4311860832894043,0.4961537765389419,0.5337635782747604,0.5480933161394047
7945,0.5507304985627911,0.3834826919697768,0.47006389255914127,0.5088193113241036,0.510821791629683
7946,0.5107384279908811,0.3152134949920927,0.46299190935582546,0.4733631522896698,0.4990758821657651
7947,0.5256972940826643,0.30709541381128097,0.47374323517167727,0.4517145899893503,0.47848738088459414
7948,0.5515809297254436,0.2613248989632753,0.4521927998696809,0.45454171104011354,0.48186230342817904
7949,0.5336346516007533,0.28714812862414335,0.4631352603667035,0.478626908058218,0.4557913952203112
7950,0.5262642481910992,0.28954489544895445,0.4644572752448008,0.4131033013844515,0.513047177237025
7951,0.5958251561106156,0.3511649973642593,0.5047866929718186,0.41671139510117133,0.5239235651722464
7952,0.6296897611259787,0.4563907924793533,0.5434914659088852,0.5165509407170749,0.6280303461673729
7953,0.6744791356923382,0.3924512387981023,0.5253973827580589,0.47284771033013845,0.571319857312723
7954,0.5454098523144019,0.39013178703215606,0.5085934587051348,0.5000724174653887,0.48099278189948247
7955,0.6058340767172168,0.3539483394833948,0.518723596807182,0.5795285764998225,0.53086499974879
7956,0.5849876102686095,0.2766332806185205,0.5098676899129396,0.5752800851970181,0.576139069853126
7957,0.5546991773218356,0.340340889123177,0.5588459519629314,0.5488675896343628,0.5516156152132773
7958,0.5534780453959759,0.5249692496924969,0.5486202465202991,0.49121618743343987,0.5808256435162701
7959,0.5068787788680741,0.5051765946230892,0.5315296204456189,0.5377309194178204,0.6217078930180369
7960,0.6381286549707602,0.4539167105956774,0.5322782312802041,0.5775761448349308,0.593647401651287
7961,0.6322628605411835,0.3890493762080478,0.6000673315354124,0.5764359247426339,0.5535757230661017
7962,0.5547209832490831,0.7838200667720964,0.5946518489022427,0.5845892793752218,0.6059238666242401
7963,0.5653404698186143,0.4629625724828677,0.5538764502524932,0.5660958466453674,0.5523524978647151
7964,0.651321240955496,0.398791073625022,0.5872453800068779,0.5552247071352502,0.5311008021972501
7965,0.6545921300426206,0.5813319276049903,0.5545932053068834,0.5791380901668441,0.5355220981058767
7966,0.5348993953811082,0.5227271129854156,0.5570620282720048,0.5956634717784878,0.5692418482356685
7967,0.5030409356725145,0.590764364786505,0.5838845951962931,0.5614724884629038,0.5303933948518699
7968,0.47911983348201015,0.4956668423827095,0.5345718474542525,0.499650692225772,0.4891721793304416
7969,0.4879512340172465,0.5232683183974697,0.4410273489112925,0.5107873624423145,0.43611662842692295
7970,0.47432252948756065,0.35309787383588126,0.45056815507972997,0.46550656727014555,0.3859054445579541
7971,0.4628526117553771,0.324877877350202,0.4223439338268566,0.42684842030528924,0.42342750916916483
7972,0.46261274655565465,0.3554173256018274,0.414141070426614,0.4791579694710685,0.4116668620522182
7973,0.46584002378828426,0.3481497100685293,0.4408521421202194,0.429269435569755,0.39236053658454895
7974,0.4405669541084349,0.30910560534176773,0.46453691469528857,0.38448846290379834,0.39544070606755877
7975,0.507881851521459,0.28691618344754877,0.49112056326811343,0.4001860134895278,0.4420559025975114
7976,0.5770938646050153,0.3601335441925848,0.45975854766602103,0.39534398296059636,0.5593528830533738
7977,0.64013480027753,0.5177016341591988,0.4662252710456298,0.43064394746183876,0.4842203279127799
7978,0.5717078005748835,0.40714109998242837,0.4811815598472371,0.43089385871494496,0.47472927936226156
7979,0.5575121419367628,0.20921454928834998,0.45642961863563136,0.4641632942847,0.5413139957461774
7980,0.5019506393101397,0.21539975399753994,0.4582135423265579,0.5410110046148385,0.6014583577565273
7981,0.46948161363861635,0.26379898084695136,0.49599449763796627,0.48165708200212987,0.5402086717690208
7982,0.4143126177024482,0.4395361096468107,0.47820304439899364,0.46847426340078097,0.5656311232436235
7983,0.3777876895628902,0.5037076085046565,0.48092671360567607,0.4797358892438764,0.5491249518514177
7984,0.531432252948756,0.4273203303461606,0.5189306593784503,0.5335449059282924,0.5093922392858938
7985,0.4728833382892259,0.42840274117026883,0.5461514235551775,0.475018814341498,0.6464524124533169
7986,0.40330062444246206,0.6017431031453172,0.5250151133957176,0.4621952431664892,0.5678122958918792
7987,0.3777876895628902,0.5569003690036901,0.44894351028977897,0.45983670571529994,0.512929276012795
7988,0.4014035087719299,0.4062133192760499,0.50249307679777,0.5217522186723466,0.5346083636180938
7989,0.4362275745861829,0.41819715340010544,0.527197234339083,0.6331033013844515,0.6129389894659276
7990,0.4068113787293091,0.3673238446670181,0.5144867780412314,0.6071125310614128,0.6244933094404717
7991,0.37796213698087017,0.3317589175891759,0.48932071168708935,0.5190500532481364,0.5237172380298438
7992,0.368302111210229,0.3145949745211738,0.4555854404604609,0.42798864039758605,0.4796663931268946
7993,0.40105461393596986,0.3202389738183096,0.3858053539430578,0.39837415690450834,0.40415065900755304
7994,0.32469025671523444,0.26952029520295206,0.40445691324729854,0.3960312389066382,0.40385590594697796
7995,0.3278521161661214,0.28622034791776485,0.35011095223442956,0.39239190628328,0.35414580228098674
7996,0.3312538408167311,0.23774380600948866,0.3585049503158428,0.38230173943911955,0.3761785935589757
7997,0.35271087322826833,0.33500615006150064,0.36572028453003674,0.3427220447284344,0.36007033879854633
7998,0.3416116562592923,0.19251449657353717,0.3532009629133559,0.3649172878949236,0.36167674297868063
7999,0.38550698780850423,0.39546652609383237,0.41157668012090715,0.3516251331203407,0.38602334578218417
8000,0.4245177916542769,0.49056404849762786,0.4589462252710456,0.3956407525736599,0.45841469745942964
8001,0.4708335811279611,0.2618661043753294,0.45052037140943724,0.396827831025914,0.431901659660699
8002,0.4913093468133611,0.27400456861711475,0.4831088345490416,0.41032303869364567,0.43452496189981743
8003,0.43884428585588264,0.25421191354770684,0.44578978805046243,0.4149776357827476,0.5011833665488771
8004,0.3732302507681633,0.3141310841679845,0.504372567829282,0.3935789847355342,0.45772202776707815
8005,0.35548022598870055,0.3404182041820418,0.46541294865065425,0.42806673766418174,0.4863425499489207
8006,0.33365249281395576,0.4396134247056756,0.47493782692899417,0.45158963436279725,0.41773877510006535
8007,0.3585330558033501,0.4462625197680548,0.4962334159894296,0.3935165069222577,0.48283498852807694
8008,0.4853999405292893,0.39291512915129145,0.5352726746185451,0.4307064252751153,0.5113523471387182
8009,0.45897115670532257,0.2157863292918643,0.49943492189903893,0.4639758608448704,0.5003138450201805
8010,0.4458657944295767,0.36059743454577403,0.502461221017575,0.4765182818601349,0.5593086700942875
8011,0.48101694915254234,0.43613424705675624,0.5047548371916234,0.5683919062832801,0.5196791210999648
8012,0.5278560808801666,0.5040941837989807,0.5546091331969809,0.5319517216897409,0.48223074475389793
8013,0.5539577757954207,0.5524160955895273,0.4674835743633369,0.5302492012779553,0.44223275443385646
8014,0.4423332342154822,0.5080372518010894,0.42992560951329434,0.5084913028044018,0.4949788146237712
8015,0.4228605411834671,0.590145844315586,0.39515502543032455,0.4732850550230741,0.4436623067776457
8016,0.36915254237288125,0.4318819188191882,0.4165621097214429,0.4393596024139155,0.4463740349349366
8017,0.3625453464168897,0.3609840098400984,0.39599920360549506,0.41847639332623354,0.44896786186799753
8018,0.3417424918227772,0.2656545422597083,0.3402356603739434,0.4535889243876464,0.3877623888395773
8019,0.351904053920111,0.24957301001581447,0.3962699777371536,0.39012708555200565,0.3451853092395036
8020,0.3289860243829914,0.2310173958882446,0.39007402848920336,0.3952190273340433,0.39281740382844027
8021,0.3408920606601248,0.25784572131435596,0.3692244203514995,0.4082925097621583,0.4662109159116411
8022,0.3659034592130042,0.24292391495343524,0.37610526887364476,0.36929073482428115,0.37432164927735256
8023,0.4012508672811973,0.21710068529256712,0.36909699723071904,0.38139581114660986,0.3632684095057862
8024,0.40266825255228467,0.18640660692321212,0.34980832232257597,0.415961661341853,0.4342891594513574
8025,0.41208841312320343,0.24810402389738176,0.4285080272946116,0.4225843095491657,0.42481284855386775
8026,0.4423332342154822,0.25931470743278856,0.4201777407735886,0.4330181043663471,0.43601346485572173
8027,0.41361482803052824,0.4356703567035671,0.44620391319299896,0.39643734469293573,0.49903166920667885
8028,0.5786856972940827,0.39399753997539977,0.41995475031222285,0.364964146254881,0.5446741806367336
8029,0.415577361482803,0.34343349147777186,0.49456098752918604,0.37769400070997516,0.48283498852807694
8030,0.3872950738427991,0.36670532419609914,0.4971094499447954,0.38764359247426344,0.4789442481284855
8031,0.4325423728813559,0.46605517483746267,0.4110988434179803,0.4814696485623003,0.5551526519401785
8032,0.4586222618693626,0.6700123001230013,0.4553305942188999,0.45968051118210856,0.5457795046138902
8033,0.5005550599662999,0.3507011070110701,0.47962062661767624,0.38534753283635065,0.49425666962536213
8034,0.4462801070472792,0.27918467756106136,0.47594128400514035,0.4248491302804402,0.5672522650767865
8035,0.427636039250669,0.3723493234932349,0.4701594598997267,0.4927468938587149,0.5670754132404415
8036,0.4631797006640896,0.38325074679318216,0.444865970424804,0.6105488107916223,0.5274163889400614
8037,0.4177797601348002,0.5154594974521174,0.45391301200021716,0.5293120340788072,0.49453668503290854
8038,0.3583804143126177,0.2681286241433843,0.40619305326793237,0.5466496272630458,0.49726315084322825
8039,0.38219248686688473,0.2689017747320331,0.38121812159496093,0.4327994320198792,0.4368829863844182
8040,0.32333828922588953,0.2575364610788965,0.3831613241868631,0.4261767838125665,0.44165798596573497
8041,0.3627634056893646,0.3653909681953963,0.41990696664193017,0.36897834575789845,0.43593977659057787
8042,0.3511844583209435,0.3203936039360394,0.4189194374558815,0.3738047568335107,0.42074525631793136
8043,0.3362255922291605,0.27701985591284484,0.38008724139803435,0.3411288604898828,0.46647619366615867
8044,0.3402596887699474,0.22993498506413637,0.38384622346105807,0.34709549165779197,0.4047696404347607
8045,0.3407830310238874,0.2768652257951151,0.34931455772955167,0.3301640042598509,0.39370166301016557
8046,0.33572405590246807,0.24833596907397643,0.34552371988633274,0.3346311679091231,0.3654053691949557
8047,0.37900882148875015,0.2627938850817079,0.3449980995131133,0.3298672346467873,0.37141833163068777
8048,0.39032609773020116,0.25065542083992265,0.4000608155803725,0.3463613773517926,0.4037380047227479
8049,0.44368520170482706,0.28529256721138635,0.3836869445600825,0.34365921192758253,0.41063522634020533
8050,0.40310437109723457,0.25908276225619403,0.4516671794964614,0.363667731629393,0.46588668754500845
8051,0.41577361482803055,0.36678263925496396,0.46823218519792204,0.40015477458288956,0.446049806568304
8052,0.4625909406284071,0.4215990159901599,0.5016170428424044,0.39726517571884984,0.5791897640300782
8053,0.47183665378134604,0.29124582674398175,0.5235338196166447,0.4326119985800497,0.49210497228316386
8054,0.4608900783031023,0.23936742224565105,0.5037195243352821,0.38409797657081995,0.4446792048366297
8055,0.38949747249479627,0.2735406782639254,0.550276747090445,0.40327866524671635,0.5358758017785668
8056,0.4905025275052037,0.2952662098049552,0.6072348820793136,0.4323152289669861,0.5487565105256988
8057,0.4857270294380018,0.330444561588473,0.5261619214827417,0.5330607028753994,0.5885776490093952
8058,0.4357260382594905,0.42036197504832196,0.5427747108544951,0.5746709265175719,0.4869615313761284
8059,0.4135930221032807,0.46373572307151645,0.4989889409763073,0.49637060702875396,0.523820401601045
8060,0.46030131826742005,0.5479318221753646,0.5400191858676175,0.46736528221512247,0.5857332819748455
8061,0.4706591337099811,0.38510630820593916,0.4782826838494814,0.44273340433084835,0.6343233240106513
8062,0.42292595896520957,0.3463714637146372,0.45056815507972997,0.4265672701455449,0.522376111604227
8063,0.4149231836653781,0.20967843964153926,0.43323861065358643,0.46238267660631877,0.5008591381822445
8064,0.4068331846565566,0.2917097170971709,0.38117033792466826,0.38520695775647845,0.5033055885850178
8065,0.39279016750916845,0.4201300298717273,0.35114626509077085,0.4251927582534611,0.4123890070506272
8066,0.31784319555952023,0.37706554208399223,0.34565114300711325,0.35621725239616614,0.3628852305270385
8067,0.319805729011795,0.2446248462484625,0.2954305055295118,0.38094284700035497,0.3806293647736598
8068,0.3401070472792149,0.22243542435424352,0.3153722239316548,0.3430031948881789,0.3247736597946777
8069,0.33417583506789567,0.2501915304867335,0.33716157758511456,0.34770465033723813,0.31223191706720704
8070,0.33980176429774994,0.24493410648392197,0.3616905283353544,0.3160127795527156,0.32937180753964934
8071,0.37737337694518786,0.2279247935336496,0.3994396278665677,0.36721334753283635,0.34170722312471735
8072,0.4153811081375755,0.32634686346863473,0.39147568281778855,0.3437685481008164,0.4215116142754266
8073,0.46560015858856185,0.5340151115796873,0.37008452641676765,0.3569201277955271,0.45294702818576144
8074,0.3451660224006343,0.3776067474960464,0.41289869499900445,0.37646006389776354,0.45583560817939744
8075,0.3530379621369808,0.24539799683711125,0.407722130717298,0.33156975505857295,0.46845103917201186
8076,0.38757855089701654,0.32781584958706733,0.44306611884378,0.31446645367412135,0.46525296846477204
8077,0.3992011101199325,0.42623791952205237,0.4785375300910424,0.3286176783812566,0.43334594965751705
8078,0.3742551293487956,0.27183974696889823,0.42841245995402627,0.30787504437344687,0.4357481871012041
8079,0.3441193378927544,0.35139694254085396,0.4629281977954352,0.3251033013844515,0.4806980288389074
8080,0.4462801070472792,0.40134247056756284,0.5648189107495158,0.32844586439474616,0.4560419353218
8081,0.4746496183962731,0.3870391846775611,0.4894481348078698,0.3107646432374867,0.4785463314967091
8082,0.4524511844583209,0.33693902653312247,0.4819938822422125,0.33503727369542063,0.45315335532816403
8083,0.4291188423034988,0.3411140397118257,0.42610291588988036,0.42013205537806175,0.4873152350488186
8084,0.4115650708692635,0.3905183623264804,0.41780448514905244,0.45868086616968406,0.5138724858066352
8085,0.4384735850926752,0.422140221402214,0.5055830874766964,0.44595101171458995,0.47275443385640836
8086,0.48186738031519477,0.4840695835529784,0.5246328440333762,0.5008533901313453,0.49763159216894703
8087,0.44017444741797995,0.43203654893691795,0.4045684084779814,0.3859410720624778,0.4702490328415201
8088,0.3661651303399742,0.48089966613951857,0.38577349816286266,0.34436208732694346,0.4119026645006783
8089,0.4055902468034493,0.46195747671762427,0.3808039964524244,0.4082925097621583,0.39072465709835713
8090,0.3269798790762216,0.3847197329116149,0.3229857553982877,0.34442456514022,0.32220930816767424
8091,0.3616949152542372,0.404898963275347,0.33950297742945573,0.3369584664536741,0.3894866942439416
8092,0.3273069679849341,0.24957301001581447,0.31604119531575225,0.35282783102591403,0.3677191807204702
8093,0.359797799583705,0.26952029520295206,0.33784647685930963,0.3381767838125665,0.36357790021939
8094,0.327917533947864,0.25050079072219295,0.3594606237216963,0.3592318068867589,0.33481000150726
8095,0.3765011398552878,0.27756106132489894,0.4043294901265181,0.3784124955626553,0.3742479610122088
8096,0.4456259292298543,0.5091969776840626,0.44660211044543796,0.39167341143059986,0.50943645224498
8097,0.49065516899593614,0.40211562115621147,0.41997067820232037,0.3556705715299964,0.42967627405335707
8098,0.43481018931509563,0.5054085397996838,0.4212289815200275,0.36472985445509404,0.4769399273165749
8099,0.42275151154722956,0.2792619926199262,0.4314069032923673,0.3353652822151224,0.4158376178593559
8100,0.3749093071662206,0.25158320154630115,0.4507592897609006,0.413743698970536,0.3837242719096984
8101,0.38611755377143425,0.28768933403619756,0.4656359391120201,0.38800283990060347,0.3819704911992765
8102,0.4540866290018833,0.4151045510455104,0.4540404351209977,0.37036847710330134,0.4286888513004304
8103,0.4525602140945585,0.4352837814092427,0.4201618128834911,0.3103272985445508,0.4041948719666392
8104,0.5287719298245613,0.4456439992971359,0.5332339046860576,0.35420234291799785,0.469703739679456
8105,0.5552007136485281,0.5783939553681251,0.4768651016307987,0.3513752218672346,0.5750042705699118
8106,0.5405253246109625,0.4568546828325426,0.5009639993484045,0.3954845580404685,0.5406508013598834
8107,0.5872554267023491,0.7837427517132315,0.5139293018878169,0.4848122115725949,0.5305407713821575
8108,0.5243889384478144,0.6182112106835355,0.5324534380712773,0.5061483848065317,0.5259426236371858
8109,0.515862820894043,0.4604884905991918,0.528423681876595,0.5225956691515796,0.5418445512552126
8110,0.523320448012687,0.32657880864522926,0.48709080707343116,0.45219879304224353,0.570951415987004
8111,0.574978689662008,0.28761201897733263,0.4599815381273869,0.45953993610223637,0.5138872234596641
8112,0.5293824957874913,0.3258829731154454,0.4142684935473945,0.42930067447639325,0.5780402270938353
8113,0.5041312320348895,0.28676155332981906,0.3833365309779362,0.4132126375576854,0.45098692033293697
8114,0.4260442065616017,0.2666596380249517,0.39889807960325074,0.3955782747603833,0.44510659677446374
8115,0.44119932599861234,0.2505781057810578,0.39829281977954345,0.38022435214767475,0.4787526586391117
8116,0.4664723956784617,0.4189703039887542,0.4116244637911998,0.4167270145544905,0.41849039540453187
8117,0.45493706016453556,0.27245826743981727,0.3861398396351065,0.42778558750443735,0.4468014268727705
8118,0.43956388145505004,0.2787207872078721,0.39697080490144615,0.4038409655662051,0.42547604294016184
8119,0.567433838834374,0.288617114742576,0.5013303408206483,0.3917202697905573,0.4874773492321348
8120,0.5792962632570126,0.29990511333684766,0.5040380821372332,0.3868470003549875,0.6252154544388806
8121,0.6378451779165428,0.551410999824284,0.4874730764357726,0.4203507277245295,0.5144767295808143
8122,0.5609574784418674,0.3522474081883676,0.49640862278050274,0.45747816826411075,0.4844119174021537
8123,0.5243889384478144,0.48329643296432967,0.5222436605187424,0.40245083422080224,0.5164663127396962
8124,0.5206165130339975,0.4630398875417326,0.562939419718004,0.4232090876819311,0.4703964093718075
8125,0.48241252849638216,0.5204076612194694,0.5891248710383898,0.40370039048633294,0.4539049756326305
8126,0.503280800872237,0.4772658583728695,0.5558515086245905,0.44437344692935743,0.5429793505384268
8127,0.4877113688175241,0.49729045861887194,0.5482698329381527,0.48699893503727365,0.569153422317496
8128,0.5690692833779364,0.32348620629063435,0.54411265362269,0.5109904153354633,0.602563681733684
8129,0.5667142432352067,0.4333509049376208,0.5450364712483483,0.4830784522541711,0.7090874378255263
8130,0.5806918426008524,0.7625584255842559,0.5764621984108309,0.4244742634007809,0.693878179899851
8131,0.5224700168500347,0.7364259356879284,0.5441285815127875,0.41313454029108976,0.5978328951114534
8132,0.5460858360590741,0.49790897908979087,0.571413057249905,0.4691146609868654,0.5942663830784948
8133,0.595628902765388,0.6232366895097523,0.5694539267679053,0.47425346112886047,0.6458186933730804
8134,0.6313033997422935,0.5188613600421719,0.5303828123585947,0.5496641817536386,0.6042585118319908
8135,0.5717078005748835,0.4148726058689158,0.5468363228293724,0.5499765708200213,0.5197085964060224
8136,0.5338527108732283,0.409847127042699,0.4958352187369907,0.5528349307774227,0.5432298906399156
8137,0.5464783427495292,0.3053944825162537,0.4582772538869482,0.52240823571175,0.5160683961079199
8138,0.47074635741897114,0.2823545949745212,0.41114662708827304,0.4494810081647142,0.45173854063740354
8139,0.46751908018634153,0.345211737831664,0.38672917156871617,0.4765182818601349,0.44721408115757566
8140,0.45722668252552284,0.335392725355825,0.414539267679053,0.45546325878594246,0.4670656997873089
8141,0.44617107741104167,0.3425830258302583,0.4150648880522724,0.47333191338303154,0.46783205774480413
8142,0.48420061453067686,0.33214549288350026,0.4226784195189053,0.4115413560525381,0.4619369965333021
8143,0.5323699078203985,0.3635354067826393,0.46697388188021505,0.41597728079517216,0.5317197836244578
8144,0.5709882049757161,0.43018098752416095,0.43421021194953746,0.49102875399361023,0.59491483981176
8145,0.6639250669045494,0.7484097698119838,0.4740617929736285,0.44540433084842024,0.560178191622984
8146,0.5869065318663891,0.34853628536285364,0.408550381002371,0.45863400780972663,0.5620646112106648
8147,0.5374070770145702,0.3661641187840449,0.4678499158355808,0.4335335463258785,0.5663090552829462
8148,0.5258281296461493,0.3546441750131787,0.4894162790276747,0.43889101881434145,0.5615635310076871
8149,0.5388898800674001,0.3660094886663152,0.5414208401962026,0.3758509052183173,0.5582180837701597
8150,0.5221865397958172,0.34892286065717804,0.5436826005900559,0.4128846290379836,0.5203570531392876
8151,0.5166042224204579,0.328589000175716,0.6082542670455574,0.457634362797302,0.5416824370718964
8152,0.6482684111408464,0.3640766121946933,0.5846969175912686,0.43318991835285764,0.6347801912545428
8153,0.6310635345425711,0.3635354067826393,0.671631341743742,0.4517770678026269,0.6434606688884796
8154,0.5416592328278322,0.42445967316816025,0.6484721895418921,0.48228186013489527,0.6290030312672708
8155,0.5734740806819308,0.5126761553329819,0.6018353273362413,0.4796577919772808,0.5754169248547168
8156,0.6172167707404103,0.5337058513442277,0.5721935238646852,0.49031025914092996,0.6415447739947414
8157,0.6316086827237585,0.340263574064312,0.5377096418034716,0.4637571884984025,0.6409700055266199
8158,0.6088432946773713,0.3803900896151818,0.4948636174410397,0.4996663116790912,0.6193940814925224
8159,0.5860997125582318,0.44394306800210864,0.5030983366214773,0.4472005679801207,0.6246554236237879
8160,0.5596491228070175,0.30152872957301,0.49416279027674703,0.41318139865104714,0.6722580429066672
8161,0.5293824957874913,0.3569636267791249,0.45426342558236343,0.3971402200922967,0.4931366079951767
8162,0.5121994251164634,0.3050852222807942,0.39929627685568964,0.39220447284345045,0.44083267739612464
8163,0.4596689463772425,0.275705499912142,0.42052815435573493,0.4057309194178203,0.4763209458893672
8164,0.4629616413916146,0.2716078017923036,0.38032615974949774,0.45076180333688326,0.44174641188390745
8165,0.4845713152938844,0.2672008434370058,0.3837825119006678,0.4284103656372027,0.46289494398017117
8166,0.4955833085538705,0.29573010015814444,0.4094582707379319,0.43317429889953846,0.46307179581651625
8167,0.5228189116859946,0.31791952205236335,0.48148418975909063,0.414337238196663,0.48937850647284425
8168,0.5549390425215581,0.29031804603760325,0.4906586544552843,0.42900390486332973,0.639098323591968
8169,0.6663019129745267,0.32464593217360743,0.4823602237144563,0.4027944621938232,0.5772296561772537
8170,0.5534562394687282,0.500305745914602,0.48280620463718804,0.40823003194888174,0.5701997956825375
8171,0.55980176429775,0.4708487084870848,0.47812340494850586,0.45736883209087675,0.551689303478421
8172,0.5667578550897017,0.4669829555438411,0.5599290484895655,0.4491842385516506,0.5542389174523957
8173,0.5261116067003667,0.3312950272359866,0.5217817517059132,0.37644444444444436,0.5443646899231297
8174,0.5072712855585291,0.33431031453171667,0.554242791724737,0.3396762513312033,0.6919180720470265
8175,0.48703538507285166,0.42577402916886314,0.47487411536860397,0.3803805466808662,0.5396781162599856
8176,0.6174348300128853,0.45322087506589354,0.514869047403573,0.38628470003549875,0.5495965567483378
8177,0.6969392407572603,0.3329959585310139,0.5758410106970261,0.41805466808661695,0.570715613538544
8178,0.6041986321736544,0.4647408188367599,0.5226259298810837,0.4428739794107206,0.6051869839728024
8179,0.6239111904053919,0.30740467404674043,0.48177089178084676,0.5118182463613773,0.612496859875065
8180,0.6374744771533354,0.590223159374451,0.4850998208112363,0.48882641107561237,0.5936326639982583
8181,0.6266369313113291,0.6356070989281322,0.4577994171840214,0.5041959531416401,0.5833015692251009
8182,0.576417880860343,0.6343700579862942,0.5142637875798657,0.4171487397941072,0.5494933931771365
8183,0.5256318763009218,0.5843472149007205,0.498638527394161,0.49512105076322327,0.47440505099562896
8184,0.5149033600951531,0.5473906167633106,0.5033213270828432,0.41727369542066023,0.4994885364505703
8185,0.5333729804737833,0.3254190827622561,0.4753360241814331,0.4591806886758963,0.4353502704694277
8186,0.4971097234611953,0.3610613248989632,0.44919835653134,0.4603677671281505,0.49332819748455053
8187,0.495561502626623,0.3992549639782112,0.43809661713334175,0.43754774582889594,0.461642243472727
8188,0.5074239270492615,0.3360885608856089,0.42831689261344086,0.4348924387646432,0.41849039540453187
8189,0.46176231539300217,0.28730275874187317,0.39566471791344643,0.4540887468938587,0.43840096464638006
8190,0.4769174348300128,0.334774204884906,0.40512588463139604,0.4510741924032659,0.4215705648875417
8191,0.516473386856973,0.3006782639254964,0.4133446759217361,0.44040610578629746,0.46753730468422905
8192,0.5636178015660621,0.32433667193814797,0.38798747488642327,0.4243024494142705,0.4606253454137429
8193,0.5878441867380315,0.36423124231242315,0.456588897536607,0.44301455449059285,0.42811408283230895
8194,0.5832431360888096,0.5320049200492005,0.45593585404260706,0.5081945331913383,0.5148893838656194
8195,0.575981762315393,0.5859708311368828,0.5651852522217596,0.49141924032658857,0.5834047327963022
8196,0.5687858063237189,0.46141627130557017,0.48725008597440683,0.506757543485978,0.5472680075697945
8197,0.551384676380216,0.31992971358285005,0.5101543919346957,0.5142392616258431,0.5562874512233927
8198,0.7107205867776787,0.33516078017923034,0.45770384984343604,0.5024934327298545,0.5036150792986217
8199,0.7144057884825057,0.3207028641714988,0.551073141595323,0.4946837060702875,0.5659700892632848
8200,0.6095410843492913,0.40598137409945523,0.4937645930243081,0.46772452964146255,0.5144030413156705
8201,0.6796035285955,0.4678334211913548,0.5921670980470234,0.457040823571175,0.6199835876136726
8202,0.6708375458420062,0.508965032507468,0.567845209868052,0.4483876464323749,0.5596328984609201
8203,0.6215997621171573,0.4653593393076788,0.6117424749769226,0.49488675896343626,0.6232406089330275
8204,0.5937753989493507,0.4890177473203303,0.6111849988235081,0.5511480298189563,0.5433035789050594
8205,0.6163663395777579,0.4803584607274644,0.5092624300892323,0.5332637557685481,0.5474006464470533
8206,0.5452354048964219,0.3681743103145317,0.4902286014226501,0.5496485623003194,0.47615883170605083
8207,0.5258935474278917,0.3559585310138816,0.47078064761353144,0.4621640042598508,0.4897616854515918
8208,0.49111309346813353,0.3006009488666315,0.471481474777824,0.4817976570820021,0.517689537941083
8209,0.5129190207156309,0.32101212440695837,0.4938920161450886,0.4518864039758609,0.4520185560449498
8210,0.4911348993953811,0.29804955192409066,0.4947999058806494,0.47387859424920126,0.4646929376496793
8211,0.4645316681534344,0.30871903004744333,0.4358985682998788,0.44014057507987214,0.4686721039674432
8212,0.4420933690157597,0.3036935512212265,0.42868323408568476,0.4586496272630458,0.4497784327845791
8213,0.4676281098225791,0.30446670180987523,0.4165621097214429,0.48598367057152997,0.4768515013984023
8214,0.4879512340172465,0.3844877877350202,0.40665496208076163,0.4462946396876109,0.4210105340724489
8215,0.5089285360293389,0.37196274819891056,0.4188079422251986,0.40929215477458286,0.4554229538945923
8216,0.49955198731291506,0.29897733263046916,0.444977465655487,0.43159673411430594,0.48629833698983443
8217,0.5306254336405987,0.3182287822878228,0.4556332241307535,0.4297848775292864,0.43022156721542093
8218,0.5703340271582913,0.3094921806360921,0.5241709352205469,0.4312843450479233,0.44610875718041904
8219,0.6402438299137675,0.3180741521700931,0.5392546471429347,0.4309719559815406,0.49782318165832096
8220,0.6145346416889681,0.31977508346512035,0.49084978913645494,0.39826482073127434,0.5643194721240642
8221,0.5295787491327189,0.272612897557547,0.5275476479212294,0.41197870074547394,0.5561400746931051
8222,0.6059867182079491,0.32619223335090497,0.5334409672573259,0.46349165779197726,0.5973170772554471
8223,0.5654713053820992,0.47626076260762606,0.5561541385364441,0.4938714944976925,0.5796466312739698
8224,0.5802557240559024,0.6947531189597611,0.5484609676193233,0.48820163294284696,0.6596868248731389
8225,0.6304529685796411,0.507650676506765,0.6227008633640427,0.42744195953141634,0.6686325802615933
8226,0.6125066904549509,0.412939729397294,0.5839323788665859,0.3915953141640043,0.6024605181624826
8227,0.6647536921399544,0.5163872781584959,0.5667621133414179,0.3723677671281505,0.5863080504429671
8228,0.6533928040440082,0.517469688982604,0.5744552842585386,0.43036279730209437,0.6571666862052219
8229,0.6845098622261869,0.3966262519768055,0.556775326250249,0.547258785942492,0.6195414580228098
8230,0.7056616116562592,0.3711122825513969,0.5249354739452298,0.48984167554135605,0.662030111704711
8231,0.712399643175736,0.3217852749956071,0.4785056743108473,0.46555342563010293,0.530083904138266
8232,0.6242382793141045,0.3670145844315586,0.4033101051602744,0.4343457578984735,0.463867629080069
8233,0.5378868074140153,0.31869267264101214,0.4188557258954913,0.4434987575434859,0.5363031937164007
8234,0.47735355337496277,0.19166403092602355,0.4413618346033413,0.4670060347887824,0.46952688784311103
8235,0.4629834473188621,0.24895448954489544,0.4368223859255371,0.4421867234646787,0.4248275862068966
8236,0.4670175438596491,0.414717975751186,0.4609849952035331,0.4243180688675896,0.46644671836010115
8237,0.48256516998711463,0.2529748726058689,0.4328404134011475,0.46383528576499816,0.4256234194704493
8238,0.4643790266627019,0.3026111403971183,0.4538333725497294,0.45847781327653525,0.41826933060910054
8239,0.5475032213301615,0.25784572131435596,0.4964404785606979,0.43536102236421725,0.4757609150742744
8240,0.5660164535632868,0.2524336671938148,0.4628963420152401,0.47679943201987923,0.542419319723334
8241,0.5865576370304292,0.2269970128272711,0.5064113377617695,0.4038722044728434,0.4666088325434175
8242,0.5410486668649024,0.47324547531189604,0.484319354196456,0.3928917287894923,0.5056046624575037
8243,0.5137912578055307,0.521180811808118,0.527165378558888,0.42769187078452253,0.49866322788095996
8244,0.5331113093468134,0.3721946933755052,0.6135423265579467,0.39042385516506917,0.5024213294032925
8245,0.5812369907820398,0.36268494113512567,0.5395094933844956,0.3923762868299609,0.46559193448443337
8246,0.5144236296957082,0.5216447021613073,0.5479672030262991,0.4363138090166844,0.4993853728793689
8247,0.4860977302012092,0.44324723247232467,0.498240330141722,0.5343258785942493,0.5470322051213344
8248,0.5828288234711072,0.2415322438938675,0.5877550724899998,0.478642527511537,0.5313660799517678
8249,0.6203350183368025,0.431340713407134,0.5441763651830802,0.4497621583244586,0.5873691614610373
8250,0.5576429775002477,0.40134247056756284,0.5494803525855672,0.49371529996450125,0.6296367503475072
8251,0.6052889285360292,0.4285573712879986,0.519695198103133,0.48317216897408594,0.5795729430088259
8252,0.6086252354048964,0.4697662976629766,0.5160317833806947,0.5681732339368122,0.5288017283247644
8253,0.5314540588760036,0.605531541029696,0.5331064815652772,0.5090223642172523,0.600456197350572
8254,0.5407869957379323,0.41618696186961873,0.584649133920976,0.48248491302804397,0.5434509554353469
8255,0.5485499058380414,0.49002284308557376,0.5683230465709787,0.42725452609158676,0.5609445495804793
8256,0.49540886113589055,0.7491056053417677,0.5108233633187931,0.40665246716364917,0.5649974041633871
8257,0.4833937952225196,0.3853382533825338,0.48353888758167574,0.45513525026624063,0.4867404665806971
8258,0.48328476558628203,0.36082937972236867,0.3955054390124708,0.4460603478878239,0.4584441727654871
8259,0.46485875706214685,0.2471762431910033,0.3777458415536933,0.40310685126020585,0.39737133861432566
8260,0.512003171771236,0.2809629239149534,0.44838603413636446,0.41388427405040823,0.42980891293061585
8261,0.47547824363167807,0.2721490072043578,0.3738275805896939,0.4502307419240326,0.42472442263569526
8262,0.4736465457428883,0.3817044456158848,0.45733750837119225,0.3840198793042243,0.4134059051096112
8263,0.5417028446823272,0.2785661570901423,0.4443244221614871,0.38225488107916217,0.4700869186582037
8264,0.5238219843393794,0.3203936039360394,0.49468841064996655,0.49101313454029105,0.5963591298085781
8265,0.5902428387352563,0.28181338956246704,0.43150247063295255,0.39425062122825694,0.4698805915158011
8266,0.5725146198830409,0.30462133192760493,0.4489753660699741,0.40837060702875394,0.4784284302724791
8267,0.5339617405094657,0.31436302934457916,0.5040540100273309,0.4124785232516861,0.5526914638843765
8268,0.5242581028843295,0.2998277982779827,0.47949320349689584,0.4013262335818246,0.5312481787275376
8269,0.5199187233620775,0.502161307327359,0.45093449655197376,0.378615548455804,0.482289695366013
8270,0.47458420061453066,0.4471129854155685,0.527340585349961,0.41001064962726297,0.4355565976118303
8271,0.48217266329665964,0.4688385169565981,0.543029557096056,0.42901952431664886,0.47332920232452974
8272,0.5238001784121321,0.34853628536285364,0.564627776068345,0.39520340788072406,0.5160683961079199
8273,0.6251541282584994,0.5290669478123353,0.5647870549693208,0.41188498402555906,0.4988842926763913
8274,0.5722747546833185,0.5423651379370937,0.5276113594816195,0.43601703940362085,0.5295975615883172
8275,0.5791000099117851,0.4883992268494114,0.5851747542941953,0.5499921902733405,0.5595149972366902
8276,0.6048746159183269,0.5654823405376911,0.5440011583920071,0.5497891373801916,0.6297399139187084
8277,0.5948875012389732,0.41819715340010544,0.488285398830748,0.45415122470713526,0.6217815812831806
8278,0.6348795718108831,0.39430680021085923,0.5639269489040526,0.4887483138090167,0.6468061161260069
8279,0.5843770443056794,0.39453874538745387,0.5037035964451845,0.42945686900958463,0.6608805747684683
8280,0.5706829219942511,0.3117343173431735,0.48366631070245614,0.4271920482783102,0.5309534256669626
8281,0.495823173753593,0.29859075733614476,0.4378099151115856,0.45229250976215835,0.44798043911507096
8282,0.4624164932104272,0.2920962923914953,0.42073521692700316,0.4446545970891019,0.4607137713319154
8283,0.4743879472693031,0.2681286241433843,0.421499755651686,0.4096982605608804,0.45997688868047765
8284,0.47615422737635044,0.310110701107011,0.4224076453872468,0.4149776357827476,0.4410242668854985
8285,0.49401328179205073,0.352633983482692,0.4091397129359807,0.4238807241746539,0.48105173251159755
8286,0.468325899494499,0.41773326304691616,0.4552987384387048,0.4402811501597444,0.5272100617976588
8287,0.547830310238874,0.3213986997012827,0.5213039150029865,0.46467873624423145,0.49584833615246776
8288,0.6251323223312518,0.3815498154981549,0.5534463972198591,0.4487312744053958,0.6039784964244445
8289,0.6340509465754782,0.31683711122825514,0.5073988669478181,0.44245225417110406,0.6424585084825242
8290,0.6008187134502924,0.3885854858548585,0.45209723252909556,0.4741753638622648,0.5354484098407329
8291,0.6214471206264248,0.3422737655947987,0.4657315064526054,0.5217522186723466,0.5838468623871649
8292,0.643558330855387,0.472626954840977,0.521972886387084,0.4634291799787008,0.5834636834084173
8293,0.6279234810189315,0.39948690915480584,0.556807182030444,0.42086616968406104,0.4766451742559997
8294,0.5856853999405294,0.34791776489193466,0.4917576788720157,0.4103386581469648,0.4762030446651371
8295,0.5506868867082961,0.3173010015814444,0.517210447247914,0.43579836705715297,0.564820552327042
8296,0.6363405689364654,0.3217852749956071,0.5660294303969302,0.436157614483493,0.593647401651287
8297,0.5557676677569631,0.372890528905289,0.6077127187822404,0.4321277955271565,0.5413139957461774
8298,0.5647517097829319,0.363690036900369,0.5930431320023891,0.49240326588569394,0.6023573545912814
8299,0.575196748934483,0.5096608680372517,0.6439486687541857,0.5003691870784522,0.6553244795766274
8300,0.6695291902071563,0.5587559304164471,0.5765736936415138,0.4719574014909478,0.618274019862337
8301,0.6390226979879076,0.5953259532595326,0.5616492606201017,0.48984167554135605,0.5698755673159049
8302,0.6441907027455644,0.6653733965911087,0.5661887092979058,0.48588995385161515,0.6025194687745977
8303,0.5810189315095649,0.6850887366016518,0.5201093232456697,0.564190273340433,0.6291504077975582
8304,0.5419645158092973,0.6833104902477596,0.5304146681387898,0.49552715654952073,0.5666774966086651
8305,0.5291644365150163,0.46133895624670535,0.486628898260602,0.4917941072062478,0.4923112994255665
8306,0.5007949251660224,0.33106308205939206,0.45759235461275316,0.4596492722754703,0.5209907722195241
8307,0.49732778273367023,0.3991776489193464,0.45018588571738855,0.45027760028399005,0.5049414680712097
8308,0.5260461889186242,0.24980495519240908,0.4327767018407572,0.468255591054313,0.4907491082045184
8309,0.5286192883338289,0.2981268669829555,0.4285080272946116,0.4927468938587149,0.4662109159116411
8310,0.5413321439191198,0.3193111931119311,0.48127712718782245,0.46282002129925454,0.4924439383028253
8311,0.5810843492913074,0.33284132841328407,0.49040380821372337,0.4703954561590344,0.5466637637956157
8312,0.6246962037863019,0.3985591284484274,0.4936371699035277,0.4916379126730564,0.6493557300999816
8313,0.6898741203290712,0.4010332103321034,0.5127187822404025,0.4432488462903798,0.5820636063706854
8314,0.659433045891565,0.3407274644175013,0.459185143622509,0.47840823571175006,0.5811940848419889
8315,0.647941322232134,0.3661641187840449,0.5001198211732338,0.5340447284345048,0.6108315050828156
8316,0.723149965308752,0.44726761553329825,0.5387608825499105,0.4486687965921193,0.5647321264088694
8317,0.6183724848845277,0.4592514496573537,0.5143434270303535,0.48613986510472124,0.5476806618545996
8318,0.5746297948260481,0.44448427341416274,0.5392546471429347,0.4670216542421015,0.6046859037698247
8319,0.6074477153335315,0.4442523282375681,0.5669532480225886,0.5114746183883565,0.6084145299860997
8320,0.6644484091584895,0.46025654542259714,0.5814954116816594,0.564643237486688,0.6544107450888447
8321,0.6149707602339182,0.6735687928307855,0.6531549892305742,0.4746751863684771,0.5989824320476964
8322,0.6599563881455051,0.7611667545246882,0.6535372585929157,0.4759403620873269,0.579145551070992
8323,0.7153434433541481,0.6401686874011597,0.6183366214773117,0.5547717429889953,0.5839205506523086
8324,0.7415759738328873,0.5275206466350378,0.5605820919835653,0.5280156194533191,0.6356202374771817
8325,0.88,0.4810542962572484,0.5550869698999077,0.561035143769968,0.6134990202810202
8326,0.836322727723263,0.521876647337902,0.5838527394160979,0.5388867589634362,0.6106988662055568
8327,0.7455010407374368,0.345830258302583,0.5342532896523015,0.5286716364927228,0.6009720152065783
8328,0.672451184458321,0.4247689334036197,0.5013144129305508,0.49093503727369536,0.5977002562341948
8329,0.5603033006244424,0.2925601827446846,0.5017763217433799,0.4667561235356762,0.5587781145852523
8330,0.5046763802160769,0.2783342119135477,0.5051530344440623,0.4527610933617323,0.510276498467619
8331,0.5109782931906036,0.3088736601651731,0.4914391210700646,0.5052580759673411,0.4734471035487599
8332,0.5341797997819407,0.2514285714285714,0.4601089612481674,0.45499467518636844,0.4857383061747418
8333,0.5137258400237883,0.31513617993322784,0.41336060381183365,0.4705204117855874,0.46170119408484195
8334,0.5348557835266131,0.297817606747496,0.44875237560860826,0.5033681221157259,0.4776915476210414
8335,0.5807790663098423,0.31397645405025476,0.522944487683035,0.48687397941072064,0.4900417008591382
8336,0.6306056100703737,0.60924266385521,0.510680012307915,0.544103656372027,0.605511212339435
8337,0.6890673010209138,0.5053312247408188,0.4902763850929428,0.5935392261270855,0.6267186950478136
8338,0.6313688175240361,0.4268564399929713,0.543316259117812,0.5155825346112887,0.620676257306024
8339,0.6610684904351274,0.29480231945176594,0.5852862495248783,0.5414639687610933,0.562049873557636
8340,0.5657765883635644,0.3374029168863117,0.5273246574598636,0.5694696485623004,0.5608119107032205
8341,0.6447794627812469,0.3524020383060973,0.5163025575123531,0.5362470713525026,0.532368240357723
8342,0.655573396768758,0.5192479353364963,0.6053713189378993,0.4926687965921193,0.5726167707792534
8343,0.5743463177718307,0.6500650149358635,0.5872294521167805,0.5164103656372027,0.6113031099797357
8344,0.6225156110615521,0.5691161483043402,0.5902238954551212,0.5452282570110045,0.6421195424628628
8345,0.6594548518188126,0.5898365840801265,0.6736223280059368,0.5157387291444799,0.640483662976671
8346,0.5844206561601744,0.7034897206114918,0.6807102390993502,0.5442129925452609,0.7192711560683961
8347,0.6603270889087125,0.529840098400984,0.6214107042661406,0.60608164714235,0.6780352028939391
8348,0.743931013975617,0.47904410472676157,0.6015326974243876,0.6517997870074547,0.6855514059386044
8349,0.6693547427891764,0.3840238973818309,0.5629872033882966,0.6399133830315938,0.6434754065415084
8350,0.6214471206264248,0.3144403444034441,0.5651533964415646,0.6079872204472843,0.6286198522885231
8351,0.636013480027753,0.39886838868388685,0.5651693243316621,0.5837926872559459,0.6124526469159787
8352,0.5642937853107345,0.5442980144087156,0.6111053593730202,0.5844487042953497,0.5845100567734588
8353,0.5733214391911983,0.48561588473027584,0.5183253995547431,0.5401987930422435,0.5497586709316541
8354,0.5467618198037467,0.2903953610964681,0.5222118047385473,0.5524444444444444,0.568372326706972
8355,0.5194607988898801,0.30469864698646987,0.4743962786656772,0.4866240681576145,0.48850898494414763
8356,0.5014927148379423,0.40404849762783346,0.5469000343897628,0.4869833155839546,0.5283153857748153
8357,0.5092774308652989,0.34807239500966436,0.49279299172835705,0.528468583599574,0.5962559662373766
8358,0.5208345723064723,0.3284343700579863,0.5077174247497692,0.4727383741569045,0.5270774229203999
8359,0.5920963425512934,0.32472324723247237,0.522801136672157,0.4771742988995385,0.4978968699234647
8360,0.6095192784220438,0.3565770514848005,0.5279617730637658,0.5294526091586794,0.5554621426537824
8361,0.6185251263752601,0.3711122825513969,0.556663831019566,0.5439162229321973,0.5654690090603072
8362,0.5672157795618991,0.36755578984361265,0.5370725261995692,0.5561931132410366,0.634161209827335
8363,0.6068153434433541,0.44,0.6303621785009683,0.6522215122470714,0.6723022558657534
8364,0.6984002378828427,0.41618696186961873,0.6155014570399464,0.5995683351082712,0.634647552377284
8365,0.6816096739022698,0.6713266561237041,0.5590848703143948,0.5716251331203408,0.5852911523839828
8366,0.6592804044008326,0.6243191003338604,0.6176995058734094,0.5546311679091231,0.6019741756125337
8367,0.5549608484488056,0.35850992795642234,0.5484450397292259,0.6050039048633298,0.6345886017651688
8368,0.6331350976310833,0.3589738183096116,0.5844420713497076,0.5645651402200923,0.6312578921806702
8369,0.695957974031123,0.3687928307854506,0.6917004832666654,0.6699027334043308,0.6554423808008575
8370,0.6983784319555951,0.33013530135301344,0.660306611884378,0.6732296769613062,0.6987858183584265
8371,0.6445614035087719,0.5860481461957477,0.6455733135441365,0.6149222577209797,0.7094116661921589
8372,0.6743919119833481,0.3917554032683184,0.6331177034878459,0.5410110046148385,0.6440501750096298
8373,0.6392189513331351,0.37490072043577577,0.590701732158048,0.5614100106496273,0.5890197786002579
8374,0.6376053127168203,0.4645861887190301,0.5351930351680573,0.599787007454739,0.6654345095543536
8375,0.5656457528000793,0.31791952205236335,0.5118905319553294,0.603520056798012,0.6147517207884645
8376,0.520899990088215,0.3619891056053418,0.5119701714058174,0.6135789847355343,0.5851143005476377
8377,0.5383447318862126,0.31111579687225444,0.4580064797552897,0.5738743343982959,0.574576878632078
8378,0.5133769451878284,0.33508346512036546,0.4793020688157251,0.48399999999999993,0.5291406943444257
8379,0.5155357319853305,0.32827973994025655,0.46440949157450806,0.5283904863329784,0.5472827452228233
8380,0.47955595202696,0.31150237216657883,0.43048308566670884,0.5228924387646432,0.5047793538878933
8381,0.46989592625631876,0.408610086100861,0.46350160183894734,0.5191593894213702,0.4621727989817621
8382,0.4959976211715729,0.2955754700404147,0.45357852630816853,0.4960582179623713,0.47959270486175076
8383,0.5696580434136187,0.32402741170268845,0.4734246773697261,0.499760028399006,0.4844708680142687
8384,0.5464783427495292,0.28877174486030577,0.45967890821553326,0.5155669151579695,0.5204749543635177
8385,0.5336782634552483,0.32279037076085043,0.4630396930261181,0.5143798367057153,0.47390397079265123
8386,0.5983110318168302,0.3474538745387454,0.5221003095078645,0.5040241391551296,0.5090237979601749
8387,0.6383685201704826,0.33585661570901426,0.5270060996579123,0.5375903443379482,0.5640836696756042
8388,0.6061393596986817,0.570430504305043,0.565025973320784,0.4760809371671991,0.6666282594496826
8389,0.6287303003270889,0.5385767000527149,0.6580289236004272,0.49057578984735534,0.6387446199192779
8390,0.5507523044900388,0.4810542962572484,0.5699476913609296,0.5186751863684771,0.6023131416321951
8391,0.5582099316086827,0.29441574415744154,0.6067092617060942,0.5121306354277599,0.6497683843847868
8392,0.5419209039548023,0.42090318046037606,0.6674741624282792,0.528,0.6988447689705414
8393,0.6191793041926851,0.3353154102969601,0.610579738999801,0.5315768548100817,0.6585520255899249
8394,0.6330696798493408,0.36546828325426106,0.5973755181089251,0.5285623003194888,0.6014730954095561
8395,0.5938408167310932,0.43775786329291866,0.5647711270792231,0.5647213347532837,0.6262323524978647
8396,0.6786440677966101,0.4087647162185908,0.5709670763271734,0.5982250621228256,0.624228031685954
8397,0.5639666964020219,0.2778703215603584,0.5268946044272294,0.6142974795882145,0.5973318149084759
8398,0.5593656457528001,0.33979968371112285,0.47995511230972504,0.6662946396876109,0.631508432282159
8399,0.5570106056100703,0.3820910209102091,0.4810700646165541,0.5575520056798011,0.5823878347373181
8400,0.49752403607889784,0.6712493410648394,0.4198273271914424,0.5357003904863329,0.46038954296528284
8401,0.503934978689662,0.49883675979616937,0.44967619323426666,0.4729414270500532,0.490837534122691
8402,0.49093864605015364,0.4031980319803198,0.40627269271842026,0.47642456514022,0.46557719683140464
8403,0.4731450094161958,0.3961623616236162,0.41957248094988137,0.43511111111111106,0.38080621661000486
8404,0.49553969669937553,0.2920962923914953,0.4556172962406559,0.49507419240326583,0.4196104570347173
8405,0.4828922588958271,0.2710665963802495,0.41288276710890687,0.4143840965566205,0.4186082966287618
8406,0.487973039944494,0.26325777543489715,0.47396622563304314,0.43422080227192045,0.44890891125588256
8407,0.5494003370006938,0.2743138288525742,0.4416644645151948,0.41981966631167905,0.4571767346050142
8408,0.6841827733174745,0.30400281145668595,0.5074147948379155,0.5545999290024849,0.556449565406709
8409,0.6491406482307464,0.336629766297663,0.5289333743597169,0.511318423855165,0.5820488687176567
8410,0.6425988700564972,0.4719311193111932,0.4662093431555322,0.5417138800141995,0.6019889132655626
8411,0.5513628704529686,0.33593393076787914,0.5311314231931799,0.5432602058927938,0.6025047311215689
8412,0.5211180493606898,0.3003690036900369,0.5445904903256168,0.5010095846645367,0.5590876052988561
8413,0.5087540886113588,0.40458970303988745,0.49484768955094216,0.4808604898828541,0.5483438562408937
8414,0.49218158390326094,0.4471903004744333,0.4817868196709442,0.4664749733759318,0.5150809733549934
8415,0.519329963326395,0.36755578984361265,0.48947999058806496,0.45727511537096194,0.5502744887876606
8416,0.5974169887996827,0.37428219996485684,0.6068685406070697,0.48752999645012424,0.5795434677027683
8417,0.7455664585191792,0.5129081005095766,0.5637039584426867,0.5328107916222933,0.6408668419554185
8418,0.6402002180592725,0.4123985239852398,0.6132237687559955,0.5525381611643593,0.5709366783339753
8419,0.5901556150262662,0.4428606571780003,0.4610327788738257,0.499057152999645,0.6979015591767012
8420,0.7076895628902766,0.4265471797575119,0.43202809100617195,0.5734838480653177,0.6308894508549513
8421,0.764275944097532,0.764955192409067,0.38770077286466725,0.6300262690805821,0.567650181708563
8422,0.6532401625532759,0.568574942892286,0.44155296928451193,0.6710273340433084,0.6122315821205474
8423,0.5722747546833185,0.5094289228606572,0.5823077340766347,0.6427561235356762,0.6433427676642495
8424,0.536382198433938,0.4508241082410825,0.5346833426849354,0.5492893148739794,0.5777896869923465
8425,0.5304509862226187,0.44077315058864874,0.5353363861789354,0.49170039048633296,0.5218455560951918
8426,0.4692853602933889,0.4335828501142154,0.5253973827580589,0.5119275825346112,0.5509376831739546
8427,0.4583387848151451,0.4100790722192936,0.5016170428424044,0.5351068512602059,0.4643539716300179
8428,0.4657309941520467,0.36624143384290986,0.45499610852685113,0.4879361022364217,0.4356597611830316
8429,0.48886708296164144,0.29085925144965735,0.5013940523810385,0.45657223997160107,0.43129741588652004
8430,0.45958172266825253,0.32943946582322964,0.4711151333055802,0.469411430599929,0.4506332166602469
8431,0.5277470512439291,0.36477244772447726,0.5382671179568861,0.44845012424565134,0.4621727989817621
8432,0.5862959659034592,0.5074187313301705,0.5745030679288313,0.44735676251331197,0.6378014101254376
8433,0.6506234512835761,0.619061676331049,0.5663161324186863,0.5218927937522185,0.5498176215437692
8434,0.576156209733373,0.36508170795993683,0.6532983402414523,0.5747802626908057,0.5558305839795014
8435,0.6850332044801268,0.3336144790019329,0.539461709714203,0.636664536741214,0.6131305789553014
8436,0.5755892556249381,0.3063222632226322,0.47715180365255483,0.6313226837060701,0.5828594396342383
8437,0.5513628704529686,0.5148409769811985,0.45762421039294826,0.6145005324813632,0.5312629163805664
8438,0.5359024680344929,0.42956246705324197,0.4869952397328458,0.5978345757898472,0.553973639697878
8439,0.5107166220636337,0.3388719030047443,0.5377892812539594,0.6179524316648917,0.5707303511915728
8440,0.6531965506987808,0.34320154630117733,0.5347789100255208,0.6361334753283635,0.6422227060340641
8441,0.6090395480225989,0.340959409594096,0.6030617748737533,0.6354774582889599,0.6799068848285911
8442,0.6339637228664882,0.37072570725707255,0.5729899183695631,0.5730308839190628,0.629165145450587
8443,0.6371910000991179,0.3305991917062028,0.5554692392622491,0.576795172168974,0.5986876789871213
8444,0.6135969868173258,0.35649973642593563,0.5460877119947872,0.5742335818246361,0.6770330424879838
8445,0.6586916443651502,0.363690036900369,0.5605024525330774,0.6225914093006745,0.6837828875751537
8446,0.5838318961244919,0.4643542435424355,0.5337117413889844,0.6164217252396166,0.6249059637252768
8447,0.5753493904252156,0.6145000878580215,0.5096287715614762,0.5342165424210151,0.6535854365192343
8448,0.5171057587471504,0.6047583904410473,0.49217180401455224,0.4938246361377351,0.6426648356249267
8449,0.5063336306868867,0.47711122825513974,0.45698709478904587,0.5015406460773872,0.5356547369831355
8450,0.5000971354941025,0.4083008258654015,0.47052580137197053,0.5518665246716364,0.5317639965835441
8451,0.5006858955297848,0.34838165524512393,0.4788401600028959,0.48842030528931485,0.4966736447220781
8452,0.5168222816929329,0.29758566157090144,0.4808311462650907,0.46834930777422784,0.506547872251344
8453,0.4825869759143621,0.2804217185028993,0.45544208944958275,0.480844870429535,0.4860920098474317
8454,0.492312419466746,0.4097698119838341,0.475559014642799,0.45608803691870775,0.5060173167423088
8455,0.5580136782634552,0.3217852749956071,0.4874730764357726,0.4466382676606318,0.5354484098407329
8456,0.6068153434433541,0.4053628536285363,0.48030552589187137,0.5079290024849129,0.574576878632078
8457,0.6403528595500049,0.45036021788789316,0.5063794819815743,0.5240638977635782,0.5684902279312019
8458,0.5857726236495193,0.3316042874714461,0.5222118047385473,0.5721249556265531,0.5645847498785818
8459,0.4806898602438299,0.3415779300650149,0.5052167460044525,0.5424323748668797,0.5631257222287351
8460,0.4827614233323421,0.31629590581620104,0.5285670328874731,0.47387859424920126,0.5946348244042137
8461,0.49695708197046284,0.34273765594798805,0.5022700863364042,0.45360454384096555,0.6093724774329687
8462,0.4841351967489345,0.42786153575821473,0.44491375409509676,0.4816727014554491,0.615857044765621
8463,0.46686490236891665,0.3315269724125812,0.4681844015276294,0.5218927937522185,0.5576875282611244
8464,0.499726434730895,0.3465260938323669,0.5121135224166954,0.5580830670926517,0.5438636097201521
8465,0.6196372286648826,0.28954489544895445,0.4940512950460642,0.48754561590344336,0.6297841268777947
8466,0.544275944097532,0.3379441222983659,0.5558355807344929,0.5279375221867234,0.53406307045603
8467,0.6733234215482209,0.32495519240906695,0.5815909790222448,0.5323109691160809,0.5435983319656345
8468,0.6542650411339083,0.33508346512036546,0.5486202465202991,0.633743698970536,0.646260822963943
8469,0.6263752601843592,0.5596837111228256,0.5769559630038553,0.7231963081292154,0.6294304232051047
8470,0.5534780453959759,0.5084238270954138,0.5235178917265472,0.6356492722754703,0.5848342851400915
8471,0.5576429775002477,0.6020523633807766,0.5081474777824032,0.5705005324813631,0.5393391502403242
8472,0.5352700961443156,0.4521384642417852,0.5086412423754276,0.47258217962371313,0.5680333606873106
8473,0.5142709882049757,0.3227130557019856,0.4661615594852395,0.48923251686190977,0.5271216358794862
8474,0.48980473783328377,0.2900087858021437,0.4647121214863617,0.42066311679091223,0.4673899281539415
8475,0.4577936366339577,0.24346512036548934,0.4444677731723651,0.4267547035853745,0.4692173971295071
8476,0.4900227971057588,0.30253382533825335,0.4111625549783706,0.4452637557685481,0.4892311299425567
8477,0.49396966993755564,0.3885081707959937,0.4558562145921193,0.43451757188498397,0.4009820636063707
8478,0.48553077609277423,0.26542259708311366,0.4093467755072489,0.43943769968051116,0.460374805312254
8479,0.5557894736842105,0.3456756281848533,0.4820098101323101,0.41660205892793745,0.5046319773576058
8480,0.5986817325800377,0.44943243718151465,0.5259548589114735,0.47553425630102947,0.549832359196798
8481,0.6717533947864011,0.6492918643472149,0.44155296928451193,0.4370010649627263,0.5457795046138902
8482,0.5938408167310932,0.38270954138112806,0.4465383988850477,0.4709265175718849,0.48374872301585975
8483,0.6092358013678263,0.32201722017220175,0.528280330865717,0.49326233581824636,0.48236338363115666
8484,0.5605649717514125,0.32209453523106657,0.524059439989864,0.52439190628328,0.4554229538945923
8485,0.5619823570224997,0.3368617114742576,0.4976191424279172,0.48050124245651404,0.5955485588919964
8486,0.4960848448805629,0.30322966086803727,0.5482857608282503,0.39846787362442304,0.5646584381437256
8487,0.4627435821191397,0.36871551572658584,0.5498626219479085,0.41088533901313457,0.5021855269548325
8488,0.4853999405292893,0.28536988227025123,0.47377509095187237,0.4420930067447639,0.6002646078611981
8489,0.5814550500545148,0.41363556492707787,0.5047707650817209,0.42561448349307773,0.5908619852288524
8490,0.5642501734562395,0.4155684413986997,0.446633966225633,0.4239744408945686,0.6594215471186213
8491,0.664470215085737,0.3504691618344756,0.4351977411355861,0.47728363507277244,0.6495325819363267
8492,0.6263970661116066,0.45237040941837986,0.5045637025104527,0.5394646787362442,0.6015467836746998
8493,0.603566260283477,0.5736777367773678,0.5019833843146482,0.5265630102946397,0.6035363668335818
8494,0.5417464565368223,0.6655280267088386,0.5370088146391789,0.5465246716364928,0.6576235534491133
8495,0.5427713351174547,0.5147636619223335,0.571269706239027,0.541542066027689,0.6915791060273652
8496,0.5102150857369412,0.7791811632402038,0.5538605223623957,0.47778345757898466,0.5978181574584247
8497,0.4884963821984339,0.6353751537515375,0.4803214537819689,0.4536357827476038,0.5517335164375073
8498,0.4984398850232927,0.40234756633280616,0.42570471863744136,0.4759559815406461,0.5464869119592706
8499,0.48095153137079993,0.4053628536285363,0.45233615088055895,0.47250408235711755,0.45623352481117385
8500,0.46891465953018135,0.2944930592163065,0.4116722474614925,0.440812211572595,0.4355565976118303
8501,0.4616532857567648,0.28405552626954844,0.4233473909030027,0.43209655662051827,0.3983440237142235
8502,0.49301020913866583,0.32634686346863473,0.4323466488081232,0.4272389066382677,0.4671246503994239
8503,0.6033482010110021,0.2913231418028466,0.4919965972234791,0.39428186013489525,0.5402676223811358
8504,0.5844642680146694,0.4644315586013003,0.4498195442451447,0.40666808661696835,0.5289196295489943
8505,0.6326771731588859,0.4614935863644351,0.5136107440858658,0.49915086971955985,0.5528830533737503
8506,0.5780751313311528,0.31621859075733616,0.5515987619685424,0.5149108981185658,0.5230835189496074
8507,0.6137932401625533,0.3962396766824811,0.5504360259914207,0.48128221512247066,0.5194433186515048
8508,0.6259609475666568,0.3778386926726409,0.5592441492153704,0.47083280085197016,0.5914662290030314
8509,0.5756110615521854,0.36848357054999115,0.49755543086752696,0.4905133120340788,0.6408373666493611
8510,0.5494657547824363,0.3407274644175013,0.48629441256855327,0.4474817181398651,0.6053196228500611
8511,0.5145544652591932,0.33825338253382536,0.5310677116327898,0.5484146254881078,0.6069702399892818
8512,0.5101060561007037,0.39685819715340015,0.533472823037521,0.546446574369897,0.5946790373632999
8513,0.5529547031420359,0.5617712177121771,0.534189578091911,0.5242669506567269,0.5827710137160657
8514,0.5903082565169987,0.5126761553329819,0.5545932053068834,0.482250621228257,0.6229458558724523
8515,0.5823490930716622,0.6450395361096468,0.546454053467031,0.47186368477103297,0.6707548022977341
8516,0.5827852116166121,0.4546898611843262,0.5865445528425853,0.4906070287539936,0.6335127530940697
8517,0.5464783427495292,0.5331646459321736,0.555437383482054,0.5509449769258076,0.6409405302205624
8518,0.5619169392407573,0.41494992092778066,0.5012188455899654,0.5339041533546326,0.5600013397866389
8519,0.5257409059371593,0.42198559128448426,0.5172263751380115,0.5522570110046148,0.6381845891041852
8520,0.480297353553375,0.41804252328237573,0.4662252710456298,0.5007128150514732,0.6247585871949892
8521,0.507314897413024,0.37505535055350553,0.4732335426885554,0.4675839545615903,0.5667217095677514
8522,0.49089503419565866,0.3113477420488491,0.4483063946858767,0.4780802271920483,0.5918788832878364
8523,0.47768064228367524,0.23874890177473201,0.4484338178066571,0.48254739084132053,0.5521461707223125
8524,0.5037169194171871,0.2275382182393252,0.4767376785100183,0.46769329073482424,0.5254857563932944
8525,0.5231241946674595,0.33987699876998767,0.43634454922261035,0.4697706780262691,0.4908080588166335
8526,0.4962810982257904,0.33067650676506766,0.4183301055222719,0.47683067092651754,0.4249307497780978
8527,0.5709009812667262,0.3152134949920927,0.4456145812593893,0.4966673766418175,0.4632339099998325
8528,0.615232431360888,0.3326093832366894,0.43054679722709904,0.5143798367057153,0.5164810503927251
8529,0.6067717315888591,0.3354700404146899,0.48822168727035786,0.5312800851970182,0.5008149252231583
8530,0.6604579244721974,0.5435248638200668,0.4567959601078752,0.5592701455449058,0.6113325852857933
8531,0.6813261968480523,0.6209945528026709,0.5827855707795615,0.5870727724529641,0.6655081978194972
8532,0.6528258499355734,0.5351748374626604,0.6513392097594527,0.4839062832800852,0.7010259416187973
8533,0.5980057488353652,0.41580038657529433,0.6164252746656048,0.49879162229321977,0.6849324245113966
8534,0.6465457428882941,0.37977156914426285,0.5770037466741479,0.5399332623358182,0.690444306744151
8535,0.7499494498959264,0.4735547355473555,0.6169508950388243,0.4709889953851614,0.6176255631290718
8536,0.8239805729011794,0.43018098752416095,0.5623978714546869,0.5268597799077032,0.6698410678099512
8537,0.7540925760729508,0.27006150061500617,0.6683820521638401,0.5539595314164004,0.588533436050309
8538,0.7631638418079095,0.3685608856088561,0.6745142898513999,0.5734526091586793,0.6534527976419756
8539,0.7269660025770641,0.34142329994728515,0.5648029828594183,0.5309833155839545,0.713022391184204
8540,0.6256774705124394,0.5911509400808294,0.5908769389491213,0.5227674831380902,0.5599571268275527
8541,0.5836138368520171,0.4362115621156212,0.5655197379138085,0.4877486687965921,0.5766548877091323
8542,0.5685459411239965,0.47718854331400457,0.5207623667396695,0.5095534256301029,0.5822846711661168
8543,0.579972247001685,0.4921103496749254,0.5379007764846423,0.5106311679091231,0.5895798094153506
8544,0.4840479730399445,0.5265155508697944,0.5050733949935745,0.4825942492012779,0.5791160757649345
8545,0.4938388343740708,0.5441433842909859,0.4914391210700646,0.47628399006034783,0.6073976319271156
8546,0.5418118743185648,0.4578597785977859,0.4924585060363083,0.546899538516152,0.5635678518195978
8547,0.5326533848746159,0.2959620453347391,0.44846567358685224,0.5030401135960242,0.5036592922577079
8548,0.5695054019228863,0.34010894394658236,0.5103773823960615,0.5230173943911963,0.510099646631274
8549,0.5456497175141243,0.2945703742751713,0.49124798638889383,0.5072261270855519,0.5662795799768887
8550,0.5320210129844385,0.3167597961693903,0.48361852703216346,0.4943088391906283,0.49844216308552863
8551,0.6014946971949648,0.33910384818133893,0.45133269380441277,0.5134739084132055,0.4980147711476947
8552,0.6454118346714243,0.37389562467053244,0.49411500660645435,0.5017280795172169,0.5304081325048986
8553,0.6123322430369709,0.38502899314707434,0.4751926731705551,0.5598324458643947,0.5522345966404849
8554,0.6515611061552185,0.4355157265858373,0.5495122083657622,0.5403862264820731,0.6250091272964781
8555,0.6740648230746357,0.4826779124934107,0.6204868866404822,0.6033482428115016,0.7179595049488369
8556,0.6169332936861929,0.4031980319803198,0.7013368567756881,0.5804345047923323,0.6728475490278174
8557,0.6754385964912282,0.3804674046740467,0.6807739506597403,0.46567838125665595,0.6618827351744235
8558,0.6325245316681535,0.4236092075206467,0.6039855924994117,0.5150670926517572,0.7077905243589959
8559,0.5970026761819803,0.6037532946758039,0.577290448695904,0.662327298544551,0.6623838153774012
8560,0.5923144018237685,0.6457353716394307,0.5852384658545856,0.6752133475328363,0.6419426906265178
8561,0.6733016156209732,0.8380952380952381,0.579377002298684,0.5803251686190983,0.6127326623235251
8562,0.6493805134304689,0.7658829731154455,0.6352361128708212,0.6358367057152999,0.735173083686423
8563,0.6566200812766378,0.5643226146547181,0.5515828340784449,0.6692935747248846,0.6595394483428515
8564,0.6244563385865795,0.44703567035670355,0.5426313598436171,0.6171870784522542,0.6550592018221099
8565,0.6105223510754287,0.404898963275347,0.5735633224130753,0.6110173943911963,0.6932297231665857
8566,0.6125284963821984,0.4844561588473028,0.5533030462089811,0.6120951366702165,0.657092997940078
8567,0.5967191991277628,0.3400316288877174,0.5223232999692302,0.5511324103656372,0.6723759441308971
8568,0.5771374764595103,0.45739588824459676,0.5150761099748411,0.5734682286119986,0.705918842424344
8569,0.5294043017147387,0.43837638376383764,0.5270698112183027,0.5666112886048988,0.6487514863258027
8570,0.5768321934780454,0.3467580390089615,0.4785534579811399,0.5416045438409656,0.5487417728726701
8571,0.5544593121221132,0.3880442804428044,0.48911364911582106,0.5247511537096201,0.5182495687561756
8572,0.5249995044107444,0.36167984536988224,0.4628963420152401,0.5287653532126375,0.5303344442397548
8573,0.5240836554663495,0.36028817431031457,0.46848703143948306,0.5014156904508341,0.5692123729296109
8574,0.5204202596887699,0.39005447197329113,0.5115082625929881,0.5233766418175364,0.5364358325936596
8575,0.583875507978987,0.3778386926726409,0.5006454415464533,0.5272815051473199,0.5539883773509069
8576,0.5739538110813758,0.40605868915832016,0.5321508081594236,0.5443223287184948,0.6483830450000837
8577,0.655050054514818,0.6575645756457565,0.5464699813571285,0.5731089811856586,0.6981373616251613
8578,0.5930558033501834,0.5917694605517484,0.624277724483701,0.7049840255591053,0.8036000066989334
8579,0.6121796015462385,0.47146722895800386,0.5893160057195606,0.6659822506212282,0.7814198388906566
8580,0.6800832589949449,0.3762923914953435,0.5737863128744413,0.6096428824991126,0.7713098089129307
8581,0.6123322430369709,0.4490458618871903,0.6128892830639469,0.6994235001774939,0.7465800271306794
8582,0.6056160174447417,0.6768933403619751,0.7053666129703704,0.7102477813276535,0.7841757800070339
8583,0.672582020021806,0.6992373923739238,0.6265076290973592,0.7148399006034788,0.7829083418465609
8584,0.692011101199326,0.7843612721841504,0.718618617531539,0.7170110046148385,0.80186096364154
8585,0.7352958667856081,0.8070918994904234,0.7731238574453836,0.7688519701810436,0.7878012426521076
8586,0.7042660323124194,0.5936250219645054,0.6198975547068725,0.6244345047923322,0.7046956172229573
8587,0.7143403707007632,0.721272184150413,0.5794407138590744,0.5817465388711394,0.569993468540135
8588,0.6530002973535535,0.4703075030750307,0.5342851454324965,0.6008022719204827,0.6017383731640736
8589,0.6227118644067796,0.3629168863117202,0.5390157287914713,0.5216428824991125,0.5880765688064177
8590,0.580233918128655,0.403739237392374,0.5302872450180093,0.527078452254171,0.5587044263201084
8591,0.5418990980275548,0.34668072395009664,0.5243461420116201,0.5443379481718139,0.6140885264021704
8592,0.5142055704232332,0.3605201194869092,0.5382193342865933,0.5372935747248847,0.6146485572172632
8593,0.5265259193180692,0.33987699876998767,0.5351452514977646,0.4703954561590344,0.5812825107601615
8594,0.5153176727128557,0.3813951853804252,0.5426154319535195,0.4648661696840611,0.5030697861365577
8595,0.4695252254931113,0.32742927429274293,0.4963608391102101,0.49270003549875757,0.476085143440907
8596,0.4490930716622063,0.4230680021085926,0.44999475103621783,0.46736528221512247,0.5290080554671669
8597,0.44318366537813464,0.347067299244421,0.4300052489637821,0.4544011359602414,0.5183232570213194
8598,0.4353771434235305,0.3068634686346863,0.4297663306123188,0.4823287184948527,0.4533007318584515
8599,0.523712954703142,0.3454436830082587,0.4718955999203605,0.4494341498047568,0.48548776607325284
8600,0.4978293190603627,0.3113477420488491,0.46202030805987443,0.46127369542066027,0.49814741002495355
8601,0.48871444147090887,0.34443858724301524,0.47181596046987273,0.513645722399716,0.5988792684764952
8602,0.495823173753593,0.37374099455280263,0.4622592264113377,0.5198935037273695,0.5780844400529217
8603,0.4769610466845079,0.4614935863644351,0.5901442560046336,0.5305303514376997,0.6601879050761167
8604,0.5343324412726732,0.49628536285362856,0.6725870151495954,0.45388569400070994,0.6418984776674316
8605,0.4841133908216869,0.625246881040239,0.5553418161414686,0.460664536741214,0.4919133827937901
8606,0.4812568143522648,0.4205939202249166,0.6261253597350178,0.48902946396876107,0.6145748689521194
8607,0.5463038953315492,0.6724863820066772,0.6079197813535087,0.4626794462193823,0.6363423824755907
8608,0.6377797601348002,0.5301493586364435,0.6426903654364785,0.44944976925807595,0.5384696287116276
8609,0.5658420061453068,0.5763064487787735,0.6164571304458,0.4596336528221512,0.5242183182328214
8610,0.5502507681633463,0.6796766824811106,0.5624456551249796,0.414337238196663,0.5285364505702467
8611,0.5524095549608484,0.5199437708662801,0.5097561946822566,0.47814270500532474,0.5557863710204151
8612,0.5432292595896521,0.4195115094008083,0.5481742655975673,0.5063201987930421,0.5799708596406022
8613,0.4277450688869065,0.4843788437884379,0.4944654201886006,0.5314831380901669,0.5512471738875584
8614,0.4176271186440678,0.3244139869970128,0.606135857662582,0.5377152999645013,0.5321177002562343
8615,0.407073049856279,0.48801265155508705,0.5082908287932812,0.4854526091586794,0.5241151546616202
8616,0.3980890078303102,0.38147250043929015,0.4437988017882677,0.4836251331203407,0.4981916229840398
8617,0.483328377440777,0.3237954665260938,0.4595355572046553,0.5025871494497692,0.5237909262949875
8618,0.48313212409554956,0.3841785274995607,0.44825861101558395,0.48454668086616964,0.47888529751637054
8619,0.4717712359996035,0.35626779124934105,0.4469843798077793,0.4713326233581824,0.4145407043928255
8620,0.4342650411339082,0.30531716745738885,0.4164665423808575,0.45526020589279365,0.5025539682805514
8621,0.4071384676380216,0.3012967843964154,0.4224872848377345,0.49101313454029105,0.5352568203513591
8622,0.41695113489939534,0.2848286768581972,0.43683831381563465,0.4520738374156904,0.47489139354557786
8623,0.47639409257607296,0.336629766297663,0.4274249307679776,0.455416400425985,0.4370303629147058
8624,0.4834810189315096,0.29859075733614476,0.4327767018407572,0.4283478878239261,0.4436770444306744
8625,0.5231678065219546,0.3133579335793358,0.38784412387554523,0.419694710685126,0.4721944030413156
8626,0.46717018535038163,0.35611316113161134,0.4105572951546634,0.4761277955271565,0.4991937833899951
8627,0.4581207255426702,0.4466490950623792,0.4557765751416315,0.5001973730919418,0.51630419855638
8628,0.46893646545742884,0.5038622386223862,0.492362938695723,0.46035214767483135,0.7485106596774463
8629,0.4497472494796313,0.40961518186610435,0.5684663975818567,0.4484032658856939,0.7426450737720017
8630,0.527223708989989,0.5930838165524512,0.5798229832214157,0.447013134540291,0.6269544974962736
8631,0.4382991376746952,0.5589878755930416,0.5776727180582454,0.5422761803336883,0.6579772571218034
8632,0.6034790365744871,0.44355649270778424,0.5358460786620572,0.5248136315228966,0.6277503307598264
8633,0.6128991971454059,0.4167281672816727,0.5212083476624011,0.46595953141640045,0.6546318098842759
8634,0.563181683021112,0.3705710771393428,0.49202845300367426,0.4289101881434149,0.6828396777813134
8635,0.4831975418772921,0.5998102266736953,0.5227214972216692,0.4770181043663471,0.525751034147812
8636,0.5264823074635742,0.6919697768406256,0.4765783996090427,0.517972310969116,0.5837731741220211
8637,0.5838973139062346,0.4318819188191882,0.47934985248601786,0.46349165779197726,0.656252951717439
8638,0.5653840816731093,0.4437884378843789,0.46530145341997137,0.487030173943912,0.6504463164241094
8639,0.515950044603033,0.3965489369179406,0.4635334576191424,0.44952786652467164,0.5714230208839243
8640,0.37839825552582024,0.34698998418555616,0.4486408803779254,0.43308058217962364,0.5663237929359749
8641,0.36005947071067496,0.27616939026533116,0.4206396495864178,0.43203407880724165,0.48106647016462634
8642,0.3443810090197244,0.40188367597961694,0.41281905554851667,0.4004827831025914,0.43402388169683975
8643,0.34573297650906926,0.33330521876647334,0.3651468804865246,0.43012850550230736,0.4181661670378992
8644,0.3287025473287739,0.302765770514848,0.3871114409310575,0.41233794817181396,0.4397863040310831
8645,0.3297274259094063,0.31382182393252506,0.38561421926188705,0.3988583599574015,0.42058314213461506
8646,0.3583804143126177,0.28366895097522404,0.36503538525584167,0.38295775647852326,0.41403962418984774
8647,0.3932480919813658,0.3361658759444737,0.42793462325109954,0.39011146609868647,0.42294116661921594
8648,0.4576846069977203,0.3038481813389562,0.40864594834295637,0.40266950656727013,0.43523236924519765
8649,0.5036515016354445,0.3156000702864171,0.4197636156310521,0.4617891373801917,0.4607137713319154
8650,0.39787094855783517,0.32155332981901247,0.41200673315354125,0.4218033368832091,0.5074026561270117
8651,0.4790326097730201,0.2986680723950097,0.467260583901971,0.47959531416400425,0.5165842139639262
8652,0.5782713846763802,0.4267791249341064,0.4331589712030987,0.3893304934327298,0.6192172296561773
8653,0.5444503915155119,0.46033386048146197,0.4879190573585042,0.398217962371317,0.533031434744017
8654,0.5534344335414808,0.46064312071692154,0.4687100219008488,0.40193539226127084,0.5704503357840264
8655,0.3913073644563386,0.37072570725707255,0.574869409401075,0.39064252751153705,0.574031585470014
8656,0.4044563385865794,0.5756106132489897,0.5674629405057106,0.5180660276890309,0.6388477834904791
8657,0.42791951630488645,0.6115621156211563,0.6648619884522796,0.5786851260205893,0.5794697794376247
8658,0.4938170284468233,0.4679107362502196,0.558320331589712,0.46032090876819304,0.5441288874746697
8659,0.4933154921201308,0.38270954138112806,0.555437383482054,0.49471494497692575,0.567045937934384
8660,0.47451878283278814,0.5118256896854683,0.49664754113196613,0.4354391196308129,0.5715261844551256
8661,0.5412885320646248,0.33500615006150064,0.4921080924541621,0.5861668441604543,0.5552558155113799
8662,0.47253444345326595,0.3257283429977157,0.528168835635034,0.478642527511537,0.5691828976235535
8663,0.41921895133313514,0.4003373748023194,0.47716773154265235,0.5076478523251685,0.6042879871380482
8664,0.42935870750322136,0.2661957476717624,0.412229723614907,0.46683422080227194,0.6115536500812246
8665,0.411456041233026,0.33144965735371634,0.409888323770566,0.4881079162229322,0.565719549161796
8666,0.39499256616116557,0.2838235810929538,0.41402957519593114,0.5290465033723819,0.5168642293714726
8667,0.3780057488353652,0.3353154102969601,0.4019721623920794,0.5216585019524317,0.5480785784863761
8668,0.3338923580136782,0.27547355473554735,0.432426288258611,0.550991835285765,0.5121629180552998
8669,0.3087501238973139,0.29333333333333333,0.3802624481891074,0.49685481008164706,0.5660732528344861
8670,0.3498542967588463,0.28281848532771037,0.40445691324729854,0.506413915512957,0.5681217866054832
8671,0.3817127564674397,0.33222280794236514,0.42005031765280815,0.4711295704650337,0.5273279630218888
8672,0.4054376053127168,0.3013740994552803,0.47178410468967763,0.4576187433439829,0.4992527340021102
8673,0.5696798493408662,0.4659005447197329,0.49924378721786816,0.5333262335818246,0.5266795062886236
8674,0.5948438893844782,0.34552099806712355,0.5086093865952325,0.5561774937877173,0.5794255664785383
8675,0.5202022004162951,0.36121595501669296,0.5608369382251261,0.5518665246716364,0.5877081274806988
8676,0.5662563187630092,0.37188543314004563,0.5026842114789408,0.5598012069577565,0.6334243271758971
8677,0.488234711071464,0.4052855385696714,0.50040652319499,0.5274533191338303,0.6592004823231901
8678,0.5291426305877688,0.3880442804428044,0.5136107440858658,0.5119119630812922,0.6579183065096884
8679,0.49442759440975315,0.3673238446670181,0.4572897247008996,0.48087610933617314,0.6400267957327795
8680,0.5772028942412528,0.6622807942365139,0.5727032163478073,0.48375008874689385,0.6189224765956022
8681,0.6132917038358608,0.7381268669829556,0.5574602255244439,0.5092722754703585,0.6380814255329839
8682,0.5405253246109625,0.4342786856439993,0.5583044036996144,0.5578956336528221,0.7681559511647771
8683,0.5273763504807215,0.5299174134598489,0.5491777226737135,0.57795101171459,0.8243653598164493
8684,0.5183050847457628,0.7824283957125285,0.5832793353725858,0.5164259850905218,0.7571469243522969
8685,0.5425096639904847,0.5880583377262344,0.522944487683035,0.5720937167199148,0.7269789486024351
8686,0.5965229457825355,0.44548936917940607,0.5262097051530344,0.6658104366347178,0.6906653715395823
8687,0.551777183070671,0.41564575645756463,0.516668898984597,0.566392616258431,0.596535981644923
8688,0.44907126573495887,0.32240379546652603,0.5316092598961066,0.5382151224707135,0.5955043459329101
8689,0.48193279809693723,0.34892286065717804,0.4865811145903093,0.5550997515086972,0.5003433203262381
8690,0.44551689959361684,0.4342786856439993,0.421499755651686,0.5230017749378771,0.5370548140208672
8691,0.4389533154921201,0.5691934633632051,0.4374913573096345,0.5062421015264466,0.5541504915342231
8692,0.4032352066607196,0.3727358987875593,0.4218979529041249,0.5470088746893859,0.5425077456415066
8693,0.38862523540489635,0.3082551396942541,0.4050143894007131,0.5370124245651402,0.5017139220579122
8694,0.3738190108038458,0.3344649446494464,0.4388133721877318,0.4936684416045438,0.5279174691430389
8695,0.49148379423134103,0.34644877877350194,0.41955655305978384,0.45757188498402557,0.5444383781882736
8696,0.46869660025770643,0.3193111931119311,0.4175655667975891,0.43473624423145185,0.49091122238783474
8697,0.45007433838834376,0.3476085046564752,0.4515238284855834,0.5210337238196663,0.5186180100818945
8698,0.487188026563584,0.3476085046564752,0.49051530344440614,0.576779552715655,0.5453815879821138
8699,0.5451917930419268,0.3425830258302583,0.5163503411826459,0.5143798367057153,0.6061301937666427
8700,0.5182178610367728,0.4489685468283255,0.5153468841064995,0.5293432729854455,0.6311842039155265
8701,0.5410268609376548,0.5417466174661747,0.5264486235044978,0.5437600283990061,0.6274703153522802
8702,0.5647080979284369,0.544066069232121,0.5451320385889338,0.46356975505857295,0.5534430841888429
8703,0.6007751015957973,0.6076190476190476,0.5197111259932305,0.5298587149449769,0.5736926194503525
8704,0.5614590147685599,0.37204006325777544,0.4653492370902641,0.6114703585374511,0.6556192326372026
8705,0.5429675884626821,0.629576524336672,0.49922785932777064,0.49021654242101526,0.656252951717439
8706,0.5649479631281594,0.6717905464768934,0.520491592608011,0.5563649272275469,0.6581688466111772
8707,0.611983348201011,0.7613213846424178,0.4752882405111405,0.5317955271565494,0.6180676927199344
8708,0.5669104965804341,0.7211175540326832,0.43804883346304907,0.5491799787007454,0.654690760496391
8709,0.5709227871939735,0.5572096292391496,0.4803692374522615,0.5580986865459708,0.7050640585486762
8710,0.5231896124492021,0.374746090318046,0.4484816014769498,0.5726872559460419,0.5999845924536518
8711,0.5497056199821587,0.35680899666139515,0.42529059349490483,0.5893688320908766,0.6155770293580747
8712,0.47959956388145497,0.33508346512036546,0.4277594164600264,0.6254185303514377,0.6075302708043744
8713,0.47857468530082264,0.2913231418028466,0.47522452895075024,0.5486957756478522,0.5576285776490094
8714,0.4831539300227971,0.334774204884906,0.45357852630816853,0.5306240681576144,0.6099177705950327
8715,0.46655961938745166,0.2931013881567387,0.46335825082806925,0.5246574369897054,0.5113523471387182
8716,0.4861413420557042,0.3166051660516605,0.36194537457691545,0.5193780617678382,0.450927969720822
8717,0.4423768460699772,0.2931013881567387,0.41014317001212686,0.5041178558750443,0.517262146003249
8718,0.4692417484388938,0.31490423475663326,0.3867132436786186,0.520893148739794,0.46139170337123814
8719,0.49008821488750126,0.35101036724652956,0.39270213035530055,0.4868115015974441,0.49708629900688317
8720,0.5331113093468134,0.31119311193111937,0.45211316041919314,0.5077103301384452,0.4503826765587581
8721,0.6121796015462385,0.34180987524160955,0.39349852486017844,0.48634291799787005,0.46507611662842696
8722,0.5581881256814352,0.36678263925496396,0.4951981031330883,0.5688917287894922,0.5267531945537672
8723,0.5459768064228367,0.4236092075206467,0.4581657586562653,0.5469620163294284,0.5882828959488202
8724,0.7019764099514323,0.4236092075206467,0.4993871382287462,0.4709265175718849,0.6111557334494482
8725,0.6086252354048964,0.4562361623616236,0.5529207768466398,0.4764870429534966,0.5629930833514762
8726,0.54098324908316,0.2917097170971709,0.46577929012289815,0.43820376286829954,0.5900072013531845
8727,0.6303657448706512,0.47896678966789674,0.49804919546055126,0.4862648207312744,0.6334832777880124
8728,0.6100426206759837,0.28459673168160254,0.511046353780159,0.4482158324458643,0.5314692435229689
8729,0.576417880860343,0.507650676506765,0.5212402034425963,0.4832815051473198,0.5642310462058917
8730,0.6062701952621666,0.292250922509225,0.5925971510796575,0.5412452964146255,0.5932494850195106
8731,0.5779224898404202,0.3155227552275523,0.5057105105974768,0.567095491657792,0.5650858300815595
8732,0.5980275547626128,0.2784115269724126,0.5682911907907835,0.5691104011359602,0.582093081676743
8733,0.6285558529091089,0.4697662976629766,0.5894275009502434,0.5545218317358893,0.5887397631927116
8734,0.6008187134502924,0.2958074152170093,0.5318641061376677,0.540370607028754,0.5851732511597529
8735,0.5901992268807612,0.4255420839922685,0.4768651016307987,0.5110060347887824,0.5795434677027683
8736,0.4678243631678065,0.4834510630820594,0.43859038172636605,0.5264068157614483,0.5972139136842458
8737,0.4744533650510457,0.3319135477069056,0.4217864576734421,0.472566560170394,0.5261194754735309
8738,0.42552086430766173,0.33693902653312247,0.4242712085286611,0.4438580049698261,0.4520185560449498
8739,0.44324908315987704,0.2936425935687928,0.44634726420387694,0.420975505857295,0.5248225620070003
8740,0.443641589850332,0.38680723950096646,0.43393943781787897,0.4179921902733404,0.48286446383413445
8741,0.4237981960551095,0.2868388683886839,0.45591992615250954,0.4072616258430955,0.4573977994004455
8742,0.4542174645653682,0.2793393076787911,0.4302282394251479,0.40919843805466805,0.44252750749443154
8743,0.48939042521558135,0.3094921806360921,0.4206396495864178,0.41279091231806886,0.43720721475105084
8744,0.5118069184260085,0.28668423827095413,0.45451827182392446,0.4366105786297479,0.4446792048366297
8745,0.5072058677767866,0.31343524863820066,0.45504389219714386,0.4132126375576854,0.4669330609100501
8746,0.5500545148181187,0.3053944825162537,0.5161910622816702,0.43929712460063897,0.5631994104938789
8747,0.5187193973634651,0.3251871375856616,0.4440695759199261,0.43325239616613415,0.6647123645559445
8748,0.5307562692040837,0.35503075030750303,0.5426950714040073,0.4563067092651757,0.6893831957260806
8749,0.5533035979779958,0.4772658583728695,0.49844739271299027,0.46691231806886757,0.671845388621862
8750,0.5497492318366537,0.34683535406782634,0.547537149993665,0.4736599219027333,0.7441925273400212
8751,0.5009475666567549,0.3450571077139343,0.5953526760665352,0.443155129570465,0.6558255597796051
8752,0.5417246506095748,0.48863117202600603,0.6134626871074589,0.5264692935747248,0.6278977072901141
8753,0.5980275547626128,0.5235775786329293,0.6805191044181795,0.5361221157259495,0.5566411548960829
8754,0.62009515313708,0.5213354419258479,0.7162294340169053,0.5840894568690096,0.5245425465994541
8755,0.587996828228764,0.7017114742575997,0.6416550525801371,0.6408505502307419,0.49624625278424406
8756,0.5673466151253841,0.5412054120541205,0.6127140762728737,0.6309321973730919,0.5002401567550367
8757,0.5430766180989196,0.4798172553154103,0.5309084327318141,0.5840113596024139,0.48551724137931046
8758,0.5260679948458717,0.43056756281848535,0.47860124165143253,0.5331856585019524,0.5034677027683341
8759,0.4589493507780751,0.4323458091723774,0.43656753968397616,0.5025715299964502,0.5260752625144446
8760,0.3532996332639508,0.28815322438938673,0.4066071784104689,0.46705289314873977,0.4682741873356668
